-- --------------------------------------------------------
-- Host:                         127.0.0.1
-- Server version:               5.6.21 - MySQL Community Server (GPL)
-- Server OS:                    Win32
-- HeidiSQL version:             7.0.0.4053
-- Date/time:                    2015-08-04 01:53:58
-- --------------------------------------------------------

/*!40101 SET @OLD_CHARACTER_SET_CLIENT=@@CHARACTER_SET_CLIENT */;
/*!40101 SET NAMES utf8 */;
/*!40014 SET FOREIGN_KEY_CHECKS=0 */;

-- Dumping database structure for int_ita_db
CREATE DATABASE IF NOT EXISTS `int_ita_db` /*!40100 DEFAULT CHARACTER SET latin1 */;
USE `int_ita_db`;


-- Dumping structure for table int_ita_db.aboutus
DROP TABLE IF EXISTS `aboutus`;
CREATE TABLE IF NOT EXISTS `aboutus` (
  `blockID` int(11) NOT NULL AUTO_INCREMENT,
  `language` enum('EN','UA','RU') NOT NULL,
  `line2Image` varchar(255) NOT NULL,
  `iconImage` varchar(255) NOT NULL,
  `titleText` varchar(50) NOT NULL,
  `textAbout` varchar(255) NOT NULL,
  `linkAddress` varchar(255) NOT NULL,
  `imagesPath` varchar(255) NOT NULL,
  `drop1Text` text NOT NULL,
  `drop2Text` text NOT NULL,
  `drop3Text` text NOT NULL,
  `dropName` varchar(50) NOT NULL,
  `textLarge` text NOT NULL,
  PRIMARY KEY (`blockID`)
) ENGINE=InnoDB AUTO_INCREMENT=7 DEFAULT CHARSET=utf8;

-- Dumping data for table int_ita_db.aboutus: ~6 rows (approximately)
/*!40000 ALTER TABLE `aboutus` DISABLE KEYS */;
INSERT INTO `aboutus` (`blockID`, `language`, `line2Image`, `iconImage`, `titleText`, `textAbout`, `linkAddress`, `imagesPath`, `drop1Text`, `drop2Text`, `drop3Text`, `dropName`, `textLarge`) VALUES
	(1, 'UA', '/css/images/line2.png', 'image1.png', 'Про що мрієш ти?', '<p>Спробуємо вгадати: власна квартира чи навіть будинок? Гарний автомобіль? Закордонні подорожі, можливо, до екзотичних країн?</p>', '/index.php?r=aboutus/index&id=1', '/images/aboutus/', '', '', '', '', '<p>Спробуємо вгадати: власна квартира чи навіть будинок? Гарний автомобіль? Закордонні подорожі, можливо, до екзотичних країн? Забезпечене життя для себе та близьких, коли не доводиться думати про гроші?\nА, може, це свобода жити своїм життям? Самостійно керувати власним часом з можливістю працювати за зручним графіком без необхідності щодня їздити на роботу, але при цьому мати стабільно високий дохід?\n	Можливо ти хочеш заробляти, займаючись улюбленою справою і отримувати задоволення від сучасної професії?\nПро що б ти не мріяв, для здійснення більшості мрій потрібні гроші. Сьогодні середня зарплата в Україні є найнижчою в Європі: близько 3,5 тис грн у місяць. Навіть якщо брати сферу бізнесу, зарплати більшості робітників не перевищують 5-8 тис грн. \nЯк щодо 40 - 60 тис грн в місяць з можливістю працювати за гнучким графіком та дистанційно? Ти думаєш, що в нашій країні такі умови лише у керівників та власників бізнесу? У нас хороша новина: вже через рік-два-три так зможеш заробляти і ти.</p>\n\n<p><span class="detailTitle2">Професія майбутнього</span>\n Сьогодні у тебе є реальна можливість поєднати хороший заробіток, гнучкий графік роботи та зручність дистанційної роботи. І це не “заработок в интернете”, про який кричить банерна реклама на багатьох сайтах. Ми віримо у те, що високого стабільного доходу можна досягти лише за допомогою власних зусиль.\nМи живемо в епоху, коли головним двигуном розвитку світової економіки є інформаційні технології (ІТ). Вони дозволяють досягти нових проривних результатів у традиційних галузях: виробництві та послугах. Саме інформаційні технології повністю змінили і продовжують трансформувати індустрії звязку, розваг (книги, музика, фільми), банківських послуг, а також такі традиційні бізнеси, як послуги таксі (Uber), готелів (Airbnb), навчання (Coursera). \nГерої інформаційної епохи - це спеціалісти з інформаційних технологій. Вони знаходяться на передовій змін, вони придумали та продовжують розвивати Windows, iOS, Android, а також мільйони додатків до них, вони створюють соціальні мережі, сайти та бази даних. \nГарна новина для тебе: сьогодні таких спеціалістів не вистачає. Інформаційні технології розвиваються дуже швидко і стають потрібними усюди, тому людей не вистачає, існуючі навчальні заклади просто не встигають готувати потрібну кількість. Нестача спеціалістів означає, що зарплати на ринку стабільно зростають, і сягнули небачених для України значень: в середньому спеціалісти з інформаційних технологій сьогодні отримують 3-5 тис доларів у місяць, і при цьому роботодавці активно полюють на професіоналів. Секрет таких високих зарплат не лише у дефіциті кадрів, а й у тому, що для ІТ-галузі кордони - не проблема. Ти можеш працювати вдома зі своєї квартири в Україні над замовленням клієнта зі США чи Німеччини і отримувати винагороду у доларах чи євро з рівнем оплати, не набагато нижчим від американських чи європейських стандартів.  \nМи запрошуємо тебе приєднатися до світової інформаційної еліти та за короткий час стати професіоналом у сфері інформаційних технологій, щоб отримувати стабільно високий дохід та працювати в зручних умовах за гнучким графіком. </p>\n\n<p><span class="detailTitle2">Що очікується від тебе</span><br/>\nПрограмування - це не так складно, як ти можеш уявляти. Безумовно, щоб стати хорошим програмістом, потрібен час та зусилля. Ризикнемо сказати, що крім часу та зусиль (та, зрозуміло, наявності простенького компютера) не потрібно більше ні-чо-го. Не потрібно бути сильним у математиці: навіть якщо у школі ти не любив математику, а твої оцінки не піднимались вище середнього рівня, ти зможеш стати чудовим програмістом. Не потрібно знати, як влаштований компютер чи бути досвіченим користувачем будь-яких програм. Достатньо часу на навчання та бажання займатися. Гарні знання з математики, логіки, комп’ютера можуть пришвидшити темп навчання, але й без них кожен зможе досягти високого рівня професіоналізму у програмуванні завдяки іноваційному підходу до навчання Академії Програмування ІНТІТА.</p>'),
	(2, 'UA', '/css/images/line2.png', 'image2.png', 'Навчання майбутнього', '<p>Програмування – це не так складно, як ти можеш уявляти. Безумовно, щоб стати хорошим програмістом, потрібен час та зусилля.</p>', '/index.php?r=aboutus/index&id=2', '/images/aboutus/', '', '', '', '', '<p>Коли мова йде про навчальний заклад, можемо побитися об заклад, що до думки тобі приходять велика будівля з десятками навчальних приміщень, лекційна аудиторія, парти, записники, конспекти, викладачі, лекції, семінари. Така система освіти сформувалася ще у Стародавній Греції, і за кілька тисяч років майже не змінилася. Але зараз світ стоїть на порозі великої революції в освіті, яка назавжди змінить те, як ми навчаємося. Сьогодні технології зробили доступним те, що раніше могли дозволити собі лише одиниці, наймаючи персональних вчителів та репетиторів: персоналізоване навчання.\n<span class="detailTitle2">“Три кити” Академії ІНТІТА </span></p>\n\n<p><span class="detailTitle3">Кит перший. Гнучкість та зручність. </span></p>\n\n<p>Ти можеш самостійно будувати графік навчання, виходячи з власних потреб та цілей. Якщо ти хочеш закінчити навчання та почати працювати вже через рік, обирай інтенсивне навчання та займайся 6-8 годин в день. Якщо ти хочеш освоїти програмування поступово, не жертвуючи іншими важливими для тебе речами, ти можеш займатися ті ж 6-8 годин, але у тиждень. \nНе потрібно відвідувати навчальний заклад, Академія з тобою всюди. Навіть якщо ти у місці, де немає звязку та інтернету, ти можеш переглядати лекції в офлайн-режимі, а практичну частину зробити пізніше, коли зявиться доступ.  \n<span class="detailTitle3">Кит другий. Орієнтація на ринок. </span></p>\n\n<p>Ми даємо тобі лише 100% необхідні знання. Ми поважаємо гуманітарні дисципліни та фундаментальні точні науки, які входять до  складу обовязкових для вивчення у вишах, але переконані, що вони не є обовязковими для того, щоб стати професіоналом у сфері інформаційних технологій. Ми вважаємо, що кожен має вирішувати індивідуально, що вивчати та чим цікавитись за межами своєї професії. У той же час у програмах вишів відсутні критичні для професійного успіху дисципліни, або ж вони викладаються недостатньо професійно (англійська мова для ІТ-спеціалістів, проектний менеджмент тощо). Інформаційні технології - це дисципліна, яка змінюється кожного дня, програми вишів просто не встигають адаптуватися до такої швидкості змін. ІНТІТА слідкує за змінами щодня, і адаптує як навчальну програму, так і зміст окремих предметів за необхідностю миттєво. Ми завжди у пошуку нового матеріалу, який можна передати студентам академії.  \nПорівнюючи звичайний технічний виш та академію ІНТІТА, ти можеш думати про сімейний універсал та болід Формула-1. Перший підходить для широкого кола завдань, але він значно програє позашляховикам у прохідності, міні-венам у місткості, лімузинам - у комфорті, спротивним автомобілям - у швидкості та керуванні. Другий сконструйовано лише заради максимальної швидкості та маневреності, жертвуючи усім іншим. І в результаті ми не зробимо з тебе універсально освічену людину, яка розбирається потрохи у всьому, ми зробимо тебе професіоналом світового класу в області програмування.  \n <span class="detailTitle3">Кит третій. Результативність. </span></p>\n\n<p>На відміну від традиційних закладів, ми не навчаємо задля оцінок. Ми працюємо індивідуально з кожним студентом, щоб досягти 100% засвоєння необхідних знань (а ми даємо лише необхідні знання). Ми не обмежуємо тебе у часі, теоретично ти можеш навчатися як завгодно довго. Ми беремо на себе зобовязання навчити тебе програмуванню, незважаючи на те, які знання у тебе вже є. Єдиними передумовами для початку занять є бажання, час на навчання, наявність хоча б простенького компютера та вміння читати та писати. \nЗнання, які ти отримаєш, максимально практичні та сучасні. Починаючи з першого заняття, ти робитимеш завдання з реального світу програмування. Ближче до закінчення навчання ти будеш приймати участь у створенні реальних програмних продуктів для ринку.\nМи гарантуємо тобі 100% отримання пропозиції про працевлаштування протягом 4-6-ти місяців після успішного закінчення навчання.\n <span class="detailTitle2">ІНТІТА: переваги наочно</span>\n \n <table id="detailTable">\n<tr><td><span class="detailTitle2">Традиційне навчання</span></td><td><span class="detailTitle2">ІНТІТА</span></td><td><span class="detailTitle2">Переваги</span></td></tr>\n <tr><td>Необхідність відвідувати заняття у класі</td><td>Навчання у себе вдома</td><td>Комфортна домашня атмосфера, економія часу та коштів на поїздки</td></tr>\n <tr><td>Заняття за фіксованим графіком</td><td>Заняття за індивідуальним графіком</td><td>Можливість підлаштувати графік навчання під власні потреби</td></tr>\n<tr><td>Жорстко визначена навчальна програма, привязана до часових рамок (академічний рік)</td><td>Можливість обирати предмети та термін навчання </td><td>Навчання в комфортному темпі за власним графіком, не обмежене часом</td></tr>\n<tr><td>Лекції та семінари, як основа навчального процесу (вивчення теорії)</td><td>Практичні заняття з першого дня навчання, створення реальних працюючих проектів</td><td>Отримання реального робочого досвіду вже протягом навчання, портфоліо готових робіт на момент закінчення навчання</td></tr>\n<tr><td>Оцінки за якість засвоєних знань за певний час </td><td>Оцінок немає, лише “знання засвоєні” чи “потрібно навчатися далі”</td><td>Навчання до позитивного результату: до повного засвоєння необхідних знань</td></tr>\n<tr><td>Диплом про вищу освіту видається через 5-6 років за умови засвоєння великої кількості непрофільних знань (мова, історія, філософія тощо)</td><td>Лише практичні знання, які будуть потрібні тобі у роботі та житті: програмування, англійська мова, побудова карєри на ринку інформаційних технологій, основи життєвого успіху.</td><td>Весь час навчання витрачається на отримання корисних практичних знань, тому термін навчання скорочуються, а кількість практичних засвоєних знань більша, ніж у традиційних закладах.</td></tr>\n </table> \'</p>'),
	(3, 'UA', '/css/images/line2.png', 'image3.png', 'Питання та відгуки', '<p>Три кити Академії Програмування ІНТІТА Самостійний графік навчання. Лише 100% необхідні знання. Засвоєння 100% знань!</p>', '/index.php?r=aboutus/index&id=3', '/images/aboutus/', '', '', '', '', '<p><span class="detailTitle3">Скільки триває навчання, як швидко я зможу почати заробляти?\n</span><ul><li class="listAbout">навчання не має фіксованого терміну і залежить виключно від темпу, який обереш ти.\n</li></ul>\n<span class="detailTitle3">Чи отримаю я державний диплом про освіту?\n</span><ul><li class="listAbout">ми не видаємо дипломів державного зразка, наша ціль - забезпечити передумови для гарантованого працевлаштування слухачів.\n</li></ul>\n<span class="detailTitle3">Чому навчання коштує так дешево (дорого) у порівнянні з вишем (курсами) Х?\n</span><ul><li class="listAbout">вартість навчання економічно обгрунтована і буде відроблена менше, ніж за рік роботи на позиції програміста-початківця.\n</li></ul>\n<span class="detailTitle3">У мене зараз немає необхідних коштів, чи можу я навчатися у кредит?\n</span><ul><li class="listAbout">так, ми пропонуємо гнучкий підхід в оплаті за навчання, детальніше можна вияснити написавши нам листа на електронну пошту. Контакти.\n</li></ul>\n<span class="detailTitle3">Я чув від знайомого, що він освоїв програмування самотужки, це можливо?\n</span><ul><li class="listAbout">так, на ринку багато “програмістів-самоучок”, але вони, як правило, пройшли довгий шлях для того, щоб навчитись програмуванню, ми - один із ефективних варіантів стати кваліфікованим програмістом за короткий час.\n</li></ul>\n<span class="detailTitle3">У мене у школі було погано з математикою / я давно не займався математикою. Це може завадити мені навчитися програмуванню?\n</span><ul><li class="listAbout">математика допомагає краще розвинути логічне мислення і знання елементарної математики необхідні обов’язково, проте, не математичне, а логічне мислення визначає наскільки гарний програміст і тільки невеликий відсоток гарних математиків стають професійними програмістами.\n</li></ul>\n<span class="detailTitle3">Мені 34 роки, чи можу я зараз розпочати навчання?\n</span><ul><li class="listAbout">верхньої вікової межі для того, щоб вивчати програмування - немає, люди і старшого віку розпочинали і досягали гарних результатів. Життєвий досвід людям старшого віку дозволяє ефективніше побудувати навчальний процес і швидше кар’єрно зростати.\n</li></ul>\n<span class="detailTitle3">Я чув думку, що професія програміста технічна, а я - людина творча. Чи підійде програмування мені?\n</span><ul><li class="listAbout">програмування - це і є творчість, варто спробувати, щоб зрозуміти чи це твоє покликання.\n</li></ul>\'</p>'),
	(4, 'RU', '/css/images/line2.png', 'image1.png', 'О чём ты мечтаешь?', '<p>Попробуем угадать: собственная квартира или даже дом? Красивая машина? Заграничные путешествия в экзотические страны?</p>', '/index.php?r=aboutus/index&id=1', '/images/aboutus/', '', '', '', '', ''),
	(5, 'RU', '/css/images/line2.png', 'image2.png', 'Обучение будущего', '<p>Программирование - это не так сложно, как ты думаешь. Безусловно, чтобы стать хорошим программистом, нужны время и усилия.</p>', '/index.php?r=aboutus/index&id=2', '/images/aboutus/', '', '', '', '', ''),
	(6, 'RU', '/css/images/line2.png', 'image3.png', 'Вопросы и отзывы', '<p>Три кита Академии Программирования ИНТИТА. Самостоятельный график обучения. Только 100% необходимые знания. 100 % усвоение знаний!</p>', '/index.php?r=aboutus/index&id=3', '/images/aboutus/', '', '', '', '', '');
/*!40000 ALTER TABLE `aboutus` ENABLE KEYS */;


-- Dumping structure for table int_ita_db.assignment_cpp
DROP TABLE IF EXISTS `assignment_cpp`;
CREATE TABLE IF NOT EXISTS `assignment_cpp` (
  `ID` int(11) NOT NULL AUTO_INCREMENT,
  `name` varchar(20) DEFAULT NULL,
  `header` varchar(512) DEFAULT NULL,
  `etalon` varchar(512) DEFAULT NULL,
  `footer` varchar(512) DEFAULT NULL,
  PRIMARY KEY (`ID`)
) ENGINE=InnoDB AUTO_INCREMENT=41 DEFAULT CHARSET=latin1;

-- Dumping data for table int_ita_db.assignment_cpp: ~39 rows (approximately)
/*!40000 ALTER TABLE `assignment_cpp` DISABLE KEYS */;
INSERT INTO `assignment_cpp` (`ID`, `name`, `header`, `etalon`, `footer`) VALUES
	(1, 'hello world', '#include <iostream> \r\n int main()\r\n {', 'std::cout << "Hello World!" << std::endl;', 'return 0;}'),
	(2, 'pcount(): reports th', '#include <strstream>\r\n#include <iostream>\r\nusing namespace std;\r\nint main()\r\n{', ' char str[80];ostrstream outs(str, sizeof(str));\r\n  outs << "abcdefg ";\r\n  outs << 27 << " "  << 890.23;\r\n  outs << ends;  // null terminate\r\n  cout << "chars in outs: "<< outs.pcount(); // \r\n  cout << " " << str;', ' return 0;}'),
	(3, 'cout: output hex', '#include <iostream>\r\n#include <iomanip>\r\nusing namespace std;\r\nint main() {', ' cout << hex << 100 << endl;  cout << setfill(\'?\') << setw(10) << 2343.0;', 'return 0;}'),
	(4, 'Set cout: hex and ba', '#include <iostream>\r\n#include <iomanip>\r\nusing namespace std;\r\nint main() {', 'cout.setf(ios::hex, ios::basefield);\r\n  cout << 100 << endl;                  // cout 100 in hex\r\n  cout.fill(\'?\');\r\n  cout.width(10);\r\n  cout << 2343.0;', 'return 0;}'),
	(5, 'cout: uppercase,show', '#include <iostream>\r\nusing namespace std;\r\nint main() {', 'cout.unsetf(ios::dec);\r\n  cout.setf(ios::uppercase | ios::showbase | ios::hex);\r\n  cout << 88 << \'\n\';\r\n  cout.unsetf(ios::uppercase);\r\n  cout << 88 << \'\n\';', 'return 0;}'),
	(6, 'Defines your own ter', '#include <iostream>\r\n#include <cstdlib>\r\n#include <exception>\r\nusing namespace std;\r\nvoid myTerminator() {\r\n  cout << "Your own terminate handler\n";\r\n  abort();\r\n}\r\nint main() {', 'set_terminate(myTerminator);   \r\n  try {\r\n    cout << "Inside try block.";\r\n    throw 100; \r\n  }\r\n  catch (double i) { }', 'return 0;}'),
	(7, 'javaDefault', 'class Main#NUM# \r\n{ \r\n    public static void main (String[] args)  \r\n   {  ', ' System.out.println ("Hello, world.");', '}}'),
	(9, 'name', 'header', 'etalon', 'footer'),
	(10, 'jjghgf', '', '', ''),
	(11, '', '', '', ''),
	(12, '', '', '', ''),
	(13, '?????', '', '', ''),
	(14, 'vbdkjfv', 'nfekfn', 'nfeqkfn', 'fnkqeq'),
	(15, '', 'qerw', 'qerwqrrqw', 'qwerwer'),
	(16, 'fksnj', 'nlkfvane', 'nwlfkn', 'nfkelfws'),
	(17, 'bkjsdvs', 'bvwsvbw', 'bvkjwr', 'nfqeio'),
	(18, 'title', 'header', 'etalon', 'footer'),
	(19, '?? ?', '????', '???', '???'),
	(20, '????', '?????', '1', '????'),
	(21, 'hdgg', 'fghghghg', '2', 'er'),
	(22, 'dfkjvdn', 'dkhjdbek', 'bdkjb', 'bwdk'),
	(23, 'ghgh', 'gfgfgfg', 'dfgdfgdfgfg', 'fgfgfgf'),
	(24, 'dgdg', 'zdg564hg4h6gh46gh', 'gh4g\nhg4h6\nghhgf', 'd5h4dg5hgh\n'),
	(25, 'nvdif', 'nfieqn', 'nfiseofnd', 'nfeiwn'),
	(26, '', '', '?????', ''),
	(27, '', '', '1) 42 - 27 = 15 (?? ?????? ? ??????? ?????)\n2) 15 - 4 = 11 (?? ?? ?????? ?????)\n3) 27 - 11 = 16 (?? ? ????? ?????)\n?????????: 27 - (42 - 27 - 4) = 16', ''),
	(28, '', '', '1) 42 - 27 = 15 (?? ?????? ? ??????? ?????)\n2) 15 - 4 = 11 (?? ?? ?????? ?????)\n3) 27 - 11 = 16 (?? ? ????? ?????)\n?????????: 27 - (42 - 27 - 4) = 16', ''),
	(29, '', '', '1) 16 + 9 = 25 (????? ?????? ?????? ????)\n2) 7 - 4 = 3 (??????????? ????? ?????? ????)\n3) 7 + 3 = 10 (????? ?????? ?????? ????)\n4) 25 + 10 = 35 (?????? ??????? ??????)\n5) 25 - 10 = 15 (?????? ?????? ????)\n?????: 35 ?????? ???? ? ???? ??????? ??????, ???? ?????? ?? 15 ?????? ?????? ??? ????.', ''),
	(30, '555555555555555', '', '12', ''),
	(31, '', '', '23', ''),
	(32, '', 'vhjvhmvh', 'vhmvhmh', 'bhkmbnkmb'),
	(33, 'vhh', 'vhmhvm', 'hmvm', 'hmkh v'),
	(34, '', '', '', ''),
	(35, '', '', '?', ''),
	(36, '', '', '', ''),
	(37, '???????', '', '', ''),
	(38, '???', '????', '????', '????'),
	(39, '', '', '', ''),
	(40, 'h5jiu57', 'hney', 'rynj', 'yhe6u');
/*!40000 ALTER TABLE `assignment_cpp` ENABLE KEYS */;


-- Dumping structure for table int_ita_db.assignment_java
DROP TABLE IF EXISTS `assignment_java`;
CREATE TABLE IF NOT EXISTS `assignment_java` (
  `ID` int(11) NOT NULL DEFAULT '0',
  `name` varchar(20) DEFAULT NULL,
  `header` varchar(512) DEFAULT NULL,
  `etalon` varchar(512) DEFAULT NULL,
  `footer` varchar(512) DEFAULT NULL
) ENGINE=InnoDB DEFAULT CHARSET=latin1;

-- Dumping data for table int_ita_db.assignment_java: ~2 rows (approximately)
/*!40000 ALTER TABLE `assignment_java` DISABLE KEYS */;
INSERT INTO `assignment_java` (`ID`, `name`, `header`, `etalon`, `footer`) VALUES
	(0, 'hello wordl', 'class Main#NUM#\r\n{\r\npublic static void main(String args[])\r\n{', 'System.out.println("Hello World!");', '}\r\n}'),
	(7, 'javaDefault', 'class Main#NUM# \r\n{ \r\n    public static void main (String[] args)  \r\n   {  ', ' System.out.println ("Hello, world.");', '}}');
/*!40000 ALTER TABLE `assignment_java` ENABLE KEYS */;


-- Dumping structure for table int_ita_db.assignment_js
DROP TABLE IF EXISTS `assignment_js`;
CREATE TABLE IF NOT EXISTS `assignment_js` (
  `ID` int(11) NOT NULL DEFAULT '0',
  `name` varchar(20) CHARACTER SET latin1 DEFAULT NULL,
  `header` varchar(512) CHARACTER SET latin1 DEFAULT NULL,
  `etalon` varchar(512) CHARACTER SET latin1 DEFAULT NULL,
  `footer` varchar(512) CHARACTER SET latin1 DEFAULT NULL
) ENGINE=InnoDB DEFAULT CHARSET=ascii;

-- Dumping data for table int_ita_db.assignment_js: ~2 rows (approximately)
/*!40000 ALTER TABLE `assignment_js` DISABLE KEYS */;
INSERT INTO `assignment_js` (`ID`, `name`, `header`, `etalon`, `footer`) VALUES
	(0, 'hello wordl', 'class Main#NUM#\r\n{\r\npublic static void main(String args[])\r\n{', 'System.out.println("Hello World!");', '}\r\n}'),
	(7, 'javaDefault', 'class Main#NUM# \r\n{ \r\n    public static void main (String[] args)  \r\n   {  ', ' System.out.println ("Hello, world.");', '}}');
/*!40000 ALTER TABLE `assignment_js` ENABLE KEYS */;


-- Dumping structure for table int_ita_db.attribute_value
DROP TABLE IF EXISTS `attribute_value`;
CREATE TABLE IF NOT EXISTS `attribute_value` (
  `id` int(10) NOT NULL AUTO_INCREMENT,
  `teacher` int(10) NOT NULL,
  `attribute` int(10) NOT NULL,
  `value` varchar(255) NOT NULL,
  PRIMARY KEY (`id`),
  KEY `FK_attribute_value_role_attribute` (`attribute`),
  KEY `FK_attribute_value_roles` (`teacher`),
  CONSTRAINT `FK_attribute_value_role_attribute` FOREIGN KEY (`attribute`) REFERENCES `role_attribute` (`id`),
  CONSTRAINT `FK_attribute_value_roles` FOREIGN KEY (`teacher`) REFERENCES `teacher` (`teacher_id`)
) ENGINE=InnoDB AUTO_INCREMENT=57 DEFAULT CHARSET=utf8;

-- Dumping data for table int_ita_db.attribute_value: ~38 rows (approximately)
/*!40000 ALTER TABLE `attribute_value` DISABLE KEYS */;
INSERT INTO `attribute_value` (`id`, `teacher`, `attribute`, `value`) VALUES
	(2, 1, 1, '5'),
	(3, 2, 1, '12'),
	(4, 3, 1, '23'),
	(6, 4, 1, '5'),
	(8, 6, 1, '14'),
	(10, 1, 2, '51'),
	(11, 2, 2, '52'),
	(13, 3, 2, '54'),
	(14, 6, 2, '22'),
	(15, 4, 2, '55'),
	(16, 6, 3, '1'),
	(17, 1, 3, '1'),
	(18, 2, 3, '5'),
	(19, 3, 4, '1'),
	(20, 5, 3, '5'),
	(32, 1, 4, '1'),
	(33, 2, 4, '2'),
	(34, 4, 4, '4'),
	(35, 5, 4, '5'),
	(37, 6, 4, '6'),
	(38, 1, 6, '1'),
	(39, 2, 6, '5'),
	(40, 3, 6, '14'),
	(41, 4, 6, '5'),
	(43, 5, 6, '4'),
	(44, 6, 6, '5'),
	(45, 1, 7, '1'),
	(46, 2, 7, '2'),
	(47, 3, 7, '123'),
	(48, 4, 7, '1'),
	(49, 5, 7, '1'),
	(50, 6, 7, '1'),
	(51, 1, 8, '1245'),
	(52, 2, 8, '4'),
	(53, 3, 8, '4'),
	(54, 4, 8, '5'),
	(55, 5, 8, '6'),
	(56, 6, 8, '2');
/*!40000 ALTER TABLE `attribute_value` ENABLE KEYS */;


-- Dumping structure for table int_ita_db.carousel
DROP TABLE IF EXISTS `carousel`;
CREATE TABLE IF NOT EXISTS `carousel` (
  `order` int(11) NOT NULL,
  `pictureURL` varchar(50) NOT NULL,
  `description` varchar(100) NOT NULL,
  `imagesPath` varchar(255) DEFAULT NULL,
  `text` text NOT NULL,
  PRIMARY KEY (`order`)
) ENGINE=InnoDB DEFAULT CHARSET=utf8;

-- Dumping data for table int_ita_db.carousel: ~4 rows (approximately)
/*!40000 ALTER TABLE `carousel` DISABLE KEYS */;
INSERT INTO `carousel` (`order`, `pictureURL`, `description`, `imagesPath`, `text`) VALUES
	(1, '1.jpg', '<p>Слайдер фото 1</p>', '/css/images/slider_img/', 'Не упусти свій шанс змінити світ - отримай якісну та сучасну освіту і стань класним спеціалістом!'),
	(2, '2.jpg', '<p>Слайдер фото 2</p>', '/css/images/slider_img/', 'Хочеш стати висококласним спеціалістом, приймай вірне рішення - вступай до ІТ Академії ІНТІТА!'),
	(3, '3.jpg', '<p>Слайдер фото 3</p>', '/css/images/slider_img/', 'Один рік наполегливого і цікавого навчання - і ти станеш професійним програмістом. Навчатись важко - зате роботу знайти легко!'),
	(4, '4.jpg', '<p>Слайдер фото 4</p>', '/css/images/slider_img/', 'Не втрачай свій шанс на гідну та цікаву працю – програмуй своє майбутнє вже сьогодні!');
/*!40000 ALTER TABLE `carousel` ENABLE KEYS */;


-- Dumping structure for table int_ita_db.consultant_modules
DROP TABLE IF EXISTS `consultant_modules`;
CREATE TABLE IF NOT EXISTS `consultant_modules` (
  `id` int(10) NOT NULL AUTO_INCREMENT,
  `consultant` int(10) NOT NULL,
  `module` int(10) NOT NULL,
  PRIMARY KEY (`id`),
  KEY `FK__teacher` (`consultant`),
  KEY `FK__module` (`module`),
  CONSTRAINT `FK__module` FOREIGN KEY (`module`) REFERENCES `module` (`module_ID`),
  CONSTRAINT `FK__teacher` FOREIGN KEY (`consultant`) REFERENCES `teacher` (`teacher_id`)
) ENGINE=InnoDB AUTO_INCREMENT=7 DEFAULT CHARSET=utf8;

-- Dumping data for table int_ita_db.consultant_modules: ~6 rows (approximately)
/*!40000 ALTER TABLE `consultant_modules` DISABLE KEYS */;
INSERT INTO `consultant_modules` (`id`, `consultant`, `module`) VALUES
	(1, 1, 1),
	(2, 2, 1),
	(3, 3, 1),
	(4, 4, 2),
	(5, 5, 4),
	(6, 6, 3);
/*!40000 ALTER TABLE `consultant_modules` ENABLE KEYS */;


-- Dumping structure for table int_ita_db.consultationscalendar
DROP TABLE IF EXISTS `consultationscalendar`;
CREATE TABLE IF NOT EXISTS `consultationscalendar` (
  `id` int(11) NOT NULL AUTO_INCREMENT,
  `teacher_id` int(11) DEFAULT NULL,
  `user_id` int(11) DEFAULT NULL,
  `lecture_id` int(11) DEFAULT NULL,
  `date_cons` date DEFAULT NULL,
  `start_cons` time DEFAULT NULL,
  `end_cons` time DEFAULT NULL,
  PRIMARY KEY (`id`)
) ENGINE=InnoDB AUTO_INCREMENT=119 DEFAULT CHARSET=utf8;

-- Dumping data for table int_ita_db.consultationscalendar: ~108 rows (approximately)
/*!40000 ALTER TABLE `consultationscalendar` DISABLE KEYS */;
INSERT INTO `consultationscalendar` (`id`, `teacher_id`, `user_id`, `lecture_id`, `date_cons`, `start_cons`, `end_cons`) VALUES
	(1, 1, 22, 1, '2015-07-16', '10:20:00', '10:40:00'),
	(2, 1, 22, 1, '2015-07-16', '12:20:00', '12:40:00'),
	(3, 1, 22, 1, '2015-07-16', '14:20:00', '14:40:00'),
	(4, 1, 22, 1, '2015-07-29', '09:20:00', '09:40:00'),
	(6, 1, 22, 1, '2015-07-29', '11:20:00', '11:40:00'),
	(7, 1, 22, 1, '2015-07-29', '13:20:00', '13:40:00'),
	(8, 1, 22, 1, '2015-07-29', '14:20:00', '14:40:00'),
	(9, 1, 22, 1, '2015-07-29', '15:20:00', '15:40:00'),
	(11, 2, 22, 1, '2015-07-16', '16:00:00', '16:20:00'),
	(12, 2, 22, 1, '2015-07-16', '16:40:00', '17:40:00'),
	(13, 2, 22, 2, '2015-07-09', '10:20:00', '10:40:00'),
	(14, 2, 22, 2, '2015-07-17', '14:20:00', '14:40:00'),
	(15, 3, 22, 2, '2015-07-06', '12:40:00', '13:00:00'),
	(19, 3, 22, 2, '2015-07-10', '09:00:00', '11:40:00'),
	(20, 3, 22, 2, '2015-07-10', '13:20:00', '13:40:00'),
	(21, 3, 22, 2, '2015-07-10', '14:20:00', '14:40:00'),
	(22, 3, 22, 2, '2015-07-10', '15:00:00', '16:00:00'),
	(23, 3, 22, 2, '2015-07-10', '16:20:00', '16:40:00'),
	(24, 3, 22, 2, '2015-07-10', '17:20:00', '17:40:00'),
	(25, 3, 22, 2, '2015-07-10', '18:20:00', '18:40:00'),
	(26, 3, 22, 2, '2015-07-10', '19:00:00', '20:00:00'),
	(27, 3, 22, 2, '2015-07-10', '20:20:00', '20:40:00'),
	(28, 3, 22, 2, '2015-07-10', '21:20:00', '21:40:00'),
	(29, 3, 22, 2, '2015-07-10', '22:00:00', '23:00:00'),
	(30, 1, 22, 1, '2015-07-10', '13:00:00', '13:20:00'),
	(31, 3, 22, 1, '2015-07-23', '16:20:00', '16:40:00'),
	(33, 2, 22, 15, '2015-07-15', '12:00:00', '12:20:00'),
	(34, 2, 22, 1, '2015-07-21', '14:00:00', '14:20:00'),
	(35, 1, 45, 1, '2015-07-13', '09:00:00', '09:20:00'),
	(36, 1, 45, 1, '2015-07-13', '10:20:00', '10:40:00'),
	(37, 1, 45, 1, '2015-07-13', '11:40:00', '12:00:00'),
	(38, 1, 45, 1, '2015-07-13', '12:20:00', '12:40:00'),
	(40, 1, 45, 1, '2015-07-13', '14:20:00', '14:40:00'),
	(41, 1, 45, 1, '2015-07-13', '15:40:00', '16:00:00'),
	(42, 1, 45, 1, '2015-07-13', '16:20:00', '16:40:00'),
	(43, 1, 45, 1, '2015-07-13', '17:00:00', '17:20:00'),
	(44, 1, 45, 1, '2015-07-13', '18:20:00', '18:40:00'),
	(46, 1, 45, 1, '2015-07-13', '20:20:00', '20:40:00'),
	(48, 1, 45, 1, '2015-07-13', '22:20:00', '22:40:00'),
	(49, 2, 22, 1, '2015-07-16', '10:00:00', '10:20:00'),
	(50, 1, 22, 1, '2015-07-15', '12:40:00', '13:00:00'),
	(51, 1, 45, 80, '2015-07-13', '13:00:00', '14:20:00'),
	(52, 1, 45, 80, '2015-07-13', '14:40:00', '15:40:00'),
	(53, 1, 45, 80, '2015-07-13', '16:00:00', '16:20:00'),
	(54, 1, 106, 1, '2015-07-16', '18:20:00', '18:40:00'),
	(55, 1, 106, 1, '2015-07-22', '17:20:00', '17:40:00'),
	(56, 3, 106, 1, '2015-07-16', '09:20:00', '09:40:00'),
	(57, 3, 106, 1, '2015-07-24', '19:20:00', '19:40:00'),
	(58, 2, 106, 1, '2015-07-23', '11:20:00', '11:40:00'),
	(59, 2, 106, 1, '2015-07-23', '13:20:00', '13:40:00'),
	(60, 4, 106, 91, '2015-07-16', '15:20:00', '15:40:00'),
	(61, 4, 106, 23, '2015-07-24', '12:20:00', '12:40:00'),
	(63, 1, 106, 1, '2015-07-24', '17:00:00', '17:20:00'),
	(64, 2, 45, 80, '2015-07-22', '09:00:00', '09:20:00'),
	(65, 1, 22, 2, '2015-07-22', '13:20:00', '13:40:00'),
	(66, 4, 22, 22, '2015-07-24', '14:20:00', '14:40:00'),
	(67, 2, 52, 81, '2015-07-23', '19:20:00', '19:40:00'),
	(68, 1, 52, 81, '2015-07-24', '12:00:00', '12:20:00'),
	(69, 1, 52, 81, '2015-07-24', '15:20:00', '15:40:00'),
	(70, 1, 52, 81, '2015-07-24', '18:20:00', '18:40:00'),
	(71, 1, 52, 81, '2015-07-24', '19:00:00', '19:20:00'),
	(72, 3, 52, 81, '2015-07-30', '11:00:00', '11:20:00'),
	(73, 3, 52, 81, '2015-07-30', '11:40:00', '12:00:00'),
	(74, 3, 52, 81, '2015-07-30', '12:20:00', '12:40:00'),
	(75, 6, 45, 100, '2015-07-22', '10:20:00', '10:40:00'),
	(76, 4, 52, 22, '2015-07-23', '13:20:00', '13:40:00'),
	(77, 4, 52, 22, '2015-07-24', '14:40:00', '15:00:00'),
	(78, 4, 52, 22, '2015-08-21', '13:20:00', '13:40:00'),
	(79, 1, 121, 118, '2015-07-24', '16:40:00', '17:00:00'),
	(80, 6, 121, 101, '2015-07-24', '12:20:00', '12:40:00'),
	(81, 2, 121, 133, '2015-07-27', '13:00:00', '13:20:00'),
	(82, 2, 22, 126, '2015-07-30', '11:20:00', '11:40:00'),
	(83, 1, 45, 117, '2015-07-30', '12:20:00', '12:40:00'),
	(84, 2, 45, 117, '2015-07-24', '20:20:00', '20:40:00'),
	(85, 3, 45, 117, '2015-07-27', '16:20:00', '16:40:00'),
	(86, 6, 121, 100, '2015-08-04', '13:20:00', '13:40:00'),
	(87, 6, 121, 100, '2015-07-29', '11:40:00', '12:00:00'),
	(88, 6, 121, 100, '2015-07-29', '12:20:00', '12:40:00'),
	(89, 3, 22, 117, '2015-07-28', '16:20:00', '16:40:00'),
	(90, 1, 22, 117, '2015-07-29', '19:20:00', '19:40:00'),
	(91, 2, 121, 117, '2015-07-28', '12:00:00', '12:20:00'),
	(92, 6, 121, 107, '2015-07-30', '11:20:00', '11:40:00'),
	(93, 2, 22, 127, '2015-07-30', '09:00:00', '11:20:00'),
	(94, 2, 22, 127, '2015-07-30', '11:40:00', '23:00:00'),
	(95, 2, 22, 127, '2015-08-05', '09:00:00', '09:20:00'),
	(96, 2, 22, 127, '2015-08-05', '09:40:00', '10:00:00'),
	(97, 2, 22, 127, '2015-08-05', '10:20:00', '10:40:00'),
	(98, 2, 22, 127, '2015-08-05', '11:00:00', '11:20:00'),
	(99, 2, 22, 127, '2015-08-05', '11:40:00', '12:00:00'),
	(100, 2, 22, 127, '2015-08-05', '12:20:00', '12:40:00'),
	(101, 2, 22, 127, '2015-08-05', '13:00:00', '13:20:00'),
	(102, 2, 22, 127, '2015-08-05', '13:40:00', '14:00:00'),
	(103, 2, 22, 127, '2015-08-05', '14:20:00', '14:40:00'),
	(104, 2, 22, 127, '2015-08-05', '15:00:00', '15:20:00'),
	(105, 2, 22, 127, '2015-08-05', '15:40:00', '16:00:00'),
	(106, 2, 22, 127, '2015-08-05', '16:20:00', '16:40:00'),
	(107, 2, 22, 127, '2015-08-05', '17:00:00', '17:20:00'),
	(108, 2, 22, 127, '2015-08-05', '17:40:00', '18:00:00'),
	(109, 2, 22, 127, '2015-08-05', '18:20:00', '18:40:00'),
	(110, 2, 22, 127, '2015-08-05', '19:00:00', '19:20:00'),
	(111, 2, 22, 127, '2015-08-05', '19:40:00', '20:00:00'),
	(112, 2, 22, 127, '2015-08-05', '20:20:00', '20:40:00'),
	(113, 2, 22, 127, '2015-08-05', '21:00:00', '21:20:00'),
	(114, 2, 22, 127, '2015-08-05', '21:40:00', '22:00:00'),
	(115, 2, 22, 127, '2015-08-05', '22:20:00', '22:40:00'),
	(116, 6, 129, 110, '2015-07-31', '18:20:00', '18:40:00'),
	(117, 1, 121, 117, '2015-07-31', '14:20:00', '14:40:00'),
	(118, 3, 121, 117, '2015-08-07', '10:20:00', '10:40:00');
/*!40000 ALTER TABLE `consultationscalendar` ENABLE KEYS */;


-- Dumping structure for table int_ita_db.course
DROP TABLE IF EXISTS `course`;
CREATE TABLE IF NOT EXISTS `course` (
  `course_ID` int(11) NOT NULL AUTO_INCREMENT,
  `alias` varchar(20) NOT NULL,
  `language` varchar(6) NOT NULL,
  `title_ua` varchar(100) NOT NULL,
  `title_ru` varchar(100) DEFAULT NULL,
  `title_en` varchar(100) DEFAULT NULL,
  `level` enum('intern','junior','strong junior','middle','senior') NOT NULL,
  `start` date DEFAULT NULL,
  `status` tinyint(4) NOT NULL,
  `modules_count` int(255) DEFAULT NULL,
  `course_duration_hours` int(11) NOT NULL,
  `course_price` decimal(10,0) DEFAULT NULL,
  `for_whom_ua` text,
  `what_you_learn_ua` text,
  `what_you_get_ua` text,
  `for_whom_ru` text,
  `what_you_learn_ru` text,
  `what_you_get_ru` text,
  `for_whom_en` text,
  `what_you_learn_en` text,
  `what_you_get_en` text,
  `course_img` varchar(255) DEFAULT 'courseimg1.png',
  `rating` tinyint(2) DEFAULT NULL,
  PRIMARY KEY (`course_ID`)
) ENGINE=InnoDB AUTO_INCREMENT=22 DEFAULT CHARSET=utf8 COMMENT='status: 0 - in develop, 1 - avaliable';

-- Dumping data for table int_ita_db.course: ~13 rows (approximately)
/*!40000 ALTER TABLE `course` DISABLE KEYS */;
INSERT INTO `course` (`course_ID`, `alias`, `language`, `title_ua`, `title_ru`, `title_en`, `level`, `start`, `status`, `modules_count`, `course_duration_hours`, `course_price`, `for_whom_ua`, `what_you_learn_ua`, `what_you_get_ua`, `for_whom_ru`, `what_you_learn_ru`, `what_you_get_ru`, `for_whom_en`, `what_you_learn_en`, `what_you_get_en`, `course_img`, `rating`) VALUES
	(1, 'coursePhp', 'ua', 'Інтернет програміст (РНР)', 'Интернет программист (РНР)', 'Web developer (PHP)', 'strong junior', '2015-07-30', 0, 20, 89, 6548, 'хто відповідає за постановку завдань на розробку;для дизайнерів, які готові почати не просто малювати красиві картинки, а й навчитися тому, як створювати працюючі і зручні інтерфейси;для розробників, які хочуть самостійно створити або змінити свій проект\r\n', 'Ви навчитеся писати чистий код;Користуватися системами контролю версій;Дізнаєтеся, з чого складається сучасний додаток;Для чого потрібен безперервна інтеграція (СІ) сервер;Чому потрібно тестувати свої програми і як це робити', 'Відеозаписи та текстові матеріали всіх онлайн-занять;Спілкування з розумними одногрупниками;Сертифікат про закінчення навчання;Прилаштованість на робоче місце в силіконовій долині', 'кто отвечает за постановку задач на разработку;', 'Вы научитесь писать чистый код', 'Видеозаписи и текстовые материалы всех онлайн-занятий', 'For whom description', 'What you learn description', 'What you get description', 'course1Image.png', 9),
	(2, 'courseJavaScript', 'ua', 'Інтернет програміст (Java Script)', 'Интернет программист  (Java Script)', 'Web developer (JavaScript)', 'strong junior', '2015-10-30', 0, 0, 120, 6500, 'хто відповідає за постановку завдань на розробку;для дизайнерів, які готові почати не просто малювати красиві картинки, а й навчитися тому, як створювати працюючі і зручні інтерфейси;для розробників, які хочуть самостійно створити або змінити свій проект\r\n [...]', 'Ви навчитеся писати чистий код;Користуватися системами контролю версій;Дізнаєтеся, з чого складається сучасний додаток;Для чого потрібен безперервна інтеграція (СІ) сервер;Чому потрібно тестувати свої програми і як це робити', 'Відеозаписи та текстові матеріали всіх онлайн-занять;Спілкування з розумними одногрупниками;Сертифікат про закінчення навчання;Прилаштованість на робоче місце в силіконовій долині', NULL, NULL, NULL, NULL, NULL, NULL, 'course9Image.png', 6),
	(3, 'courseJava', 'ua', 'Програміст (Java)', 'Программист (Java)', 'Programmer  (Java)', 'strong junior', '2015-10-30', 0, 0, 30, 6700, 'хто відповідає за постановку завдань на розробку;для дизайнерів, які готові почати не просто малювати красиві картинки, а й навчитися тому, як створювати працюючі і зручні інтерфейси;для розробників, які хочуть самостійно створити або змінити свій проект\r\n [...]', 'Ви навчитеся писати чистий код;Користуватися системами контролю версій;Дізнаєтеся, з чого складається сучасний додаток;Для чого потрібен безперервна інтеграція (СІ) сервер;Чому потрібно тестувати свої програми і як це робити', 'Відеозаписи та текстові матеріали всіх онлайн-занять;Спілкування з розумними одногрупниками;Сертифікат про закінчення навчання;Прилаштованість на робоче місце в силіконовій долині', NULL, NULL, NULL, NULL, NULL, NULL, 'course3Image.png', 6),
	(4, 'C#', 'ua', 'Програміст (C#)', 'Программист (C#)', 'Programmer(C#)', 'strong junior', '2015-10-30', 0, 0, 40, 6000, 'хто відповідає за постановку завдань на розробку;для дизайнерів, які готові почати не просто малювати красиві картинки, а й навчитися тому, як створювати працюючі і зручні інтерфейси;для розробників, які хочуть самостійно створити або змінити свій проект\r\n [...]', 'Ви навчитеся писати чистий код;Користуватися системами контролю версій;Дізнаєтеся, з чого складається сучасний додаток;Для чого потрібен безперервна інтеграція (СІ) сервер;Чому потрібно тестувати свої програми і як це робити', 'Відеозаписи та текстові матеріали всіх онлайн-занять;Спілкування з розумними одногрупниками;Сертифікат про закінчення навчання;Прилаштованість на робоче місце в силіконовій долині', NULL, NULL, NULL, NULL, NULL, NULL, 'course4Image.png', 6),
	(5, 'C++', 'ua', 'Програміст (С++)', 'Программист (C++)', 'Programmer (С++)', 'intern', '2015-12-30', 0, 0, 36, 5900, 'хто відповідає за постановку завдань на розробку;для дизайнерів, які готові почати не просто малювати красиві картинки, а й навчитися тому, як створювати працюючі і зручні інтерфейси;для розробників, які хочуть самостійно створити або змінити свій проект\r\n [...]', 'Ви навчитеся писати чистий код;Користуватися системами контролю версій;Дізнаєтеся, з чого складається сучасний додаток;Для чого потрібен безперервна інтеграція (СІ) сервер;Чому потрібно тестувати свої програми і як це робити', 'Відеозаписи та текстові матеріали всіх онлайн-занять;Спілкування з розумними одногрупниками;Сертифікат про закінчення навчання;Прилаштованість на робоче місце в силіконовій долині', NULL, NULL, NULL, NULL, NULL, NULL, 'course2Image.png', 6),
	(6, 'ObjectiveC', 'ua', 'Програміст (Objective С)', 'Программист (Objective С)', 'Programmer(Objective С)', 'middle', '2015-10-30', 0, 0, 130, 7100, 'хто відповідає за постановку завдань на розробку;для дизайнерів, які готові почати не просто малювати красиві картинки, а й навчитися тому, як створювати працюючі і зручні інтерфейси;для розробників, які хочуть самостійно створити або змінити свій проект\r\n [...]', 'Ви навчитеся писати чистий код;Користуватися системами контролю версій;Дізнаєтеся, з чого складається сучасний додаток;Для чого потрібен безперервна інтеграція (СІ) сервер;Чому потрібно тестувати свої програми і як це робити', 'Відеозаписи та текстові матеріали всіх онлайн-занять;Спілкування з розумними одногрупниками;Сертифікат про закінчення навчання;Прилаштованість на робоче місце в силіконовій долині', NULL, NULL, NULL, NULL, NULL, NULL, 'course8Image.png', 4),
	(7, 'QA', 'ua', 'Тестувальник (QA)', 'Тестировщик (QA)', 'Quality assurance engineer(QA)', 'senior', '2016-02-28', 0, 0, 64, 6100, 'хто відповідає за постановку завдань на розробку;для дизайнерів, які готові почати не просто малювати красиві картинки, а й навчитися тому, як створювати працюючі і зручні інтерфейси;для розробників, які хочуть самостійно створити або змінити свій проект\r\n [...]', 'Ви навчитеся писати чистий код;Користуватися системами контролю версій;Дізнаєтеся, з чого складається сучасний додаток;Для чого потрібен безперервна інтеграція (СІ) сервер;Чому потрібно тестувати свої програми і як це робити', 'Відеозаписи та текстові матеріали всіх онлайн-занять;Спілкування з розумними одногрупниками;Сертифікат про закінчення навчання;Прилаштованість на робоче місце в силіконовій долині', NULL, NULL, NULL, NULL, NULL, NULL, 'course7Image.png', 6),
	(13, 'english', 'ua', 'Англійська мова для ІТ', 'Английский язык для ИТ', 'English for IT', 'middle', '2015-12-30', 0, 3, 60, 2500, 'хто відповідає за постановку завдань на розробку;для дизайнерів, які готові почати не просто малювати красиві картинки, а й навчитися тому, як створювати працюючі і зручні інтерфейси;для розробників, які хочуть самостійно створити або змінити свій проект\r\n [...]', 'Ви навчитеся писати чистий код;Користуватися системами контролю версій;Дізнаєтеся, з чого складається сучасний додаток;Для чого потрібен безперервна інтеграція (СІ) сервер;Чому потрібно тестувати свої програми і як це робити', 'Відеозаписи та текстові матеріали всіх онлайн-занять;Спілкування з розумними одногрупниками;Сертифікат про закінчення навчання;Прилаштованість на робоче місце в силіконовій долині', NULL, NULL, NULL, NULL, NULL, NULL, 'course1Image.png', 6),
	(14, 'career', 'ua', 'Побудова успішної ІТ кар’єри', 'Построение успешной ИТ-карьеры', 'How to build a  successful career in IT', 'senior', '2015-12-30', 0, 3, 0, 0, 'хто відповідає за постановку завдань на розробку;для дизайнерів, які готові почати не просто малювати красиві картинки, а й навчитися тому, як створювати працюючі і зручні інтерфейси;для розробників, які хочуть самостійно створити або змінити свій проект\r\n [...]', '', '', NULL, NULL, NULL, NULL, NULL, NULL, 'course3Image.png', 1),
	(18, 'verstka', 'ua', 'Верстальник сайтів (HTML, CSS)', 'Верстальщик сайтов (HTML, CSS)', 'Website layout specialist (HTML, CSS)', 'middle', '2015-12-30', 0, 0, 0, 5200, '', '', '', NULL, NULL, NULL, NULL, NULL, NULL, 'course1Image.png', NULL),
	(19, 'coursePhpRu', 'ru', 'Інтернет програміст (РНР)', 'Интернет программист (РНР)', 'Web developer(PHP)', 'strong junior', '2015-07-30', 0, 14, 0, 6200, '', '', '', NULL, NULL, NULL, NULL, NULL, NULL, 'course1Image.png', NULL),
	(20, 'englishRu', 'ru', 'Англійська мова для ІТ', 'Английский язык для ИТ', 'English for IT', 'middle', '2015-12-30', 0, 3, 0, 5600, '', '', '', NULL, NULL, NULL, NULL, NULL, NULL, 'course1Image.png', NULL),
	(21, 'careerRu', 'ru', 'Побудова успішної ІТ кар’єри', 'Как построить успешную ІТ карьеру', 'How to build a  successful career in IT', 'senior', '2015-12-30', 0, 3, 0, 4500, '', '', '', NULL, NULL, NULL, NULL, NULL, NULL, 'course1Image.png', NULL);
/*!40000 ALTER TABLE `course` ENABLE KEYS */;


-- Dumping structure for table int_ita_db.course_languages
DROP TABLE IF EXISTS `course_languages`;
CREATE TABLE IF NOT EXISTS `course_languages` (
  `id` int(10) NOT NULL AUTO_INCREMENT,
  `lang_ua` int(10) NOT NULL,
  `lang_ru` int(10) NOT NULL,
  `lang_en` int(10) NOT NULL,
  PRIMARY KEY (`id`),
  KEY `FK_course_languages_course_2` (`lang_ua`),
  KEY `FK_course_languages_course` (`lang_ru`),
  KEY `FK_course_languages_course_3` (`lang_en`),
  CONSTRAINT `FK_course_languages_course` FOREIGN KEY (`lang_ru`) REFERENCES `course` (`course_ID`),
  CONSTRAINT `FK_course_languages_course_2` FOREIGN KEY (`lang_ua`) REFERENCES `course` (`course_ID`)
) ENGINE=InnoDB AUTO_INCREMENT=7 DEFAULT CHARSET=utf8 COMMENT='Table for connecting similar courses on different languages.';

-- Dumping data for table int_ita_db.course_languages: ~3 rows (approximately)
/*!40000 ALTER TABLE `course_languages` DISABLE KEYS */;
INSERT INTO `course_languages` (`id`, `lang_ua`, `lang_ru`, `lang_en`) VALUES
	(3, 1, 19, 0),
	(4, 14, 21, 0),
	(6, 13, 20, 0);
/*!40000 ALTER TABLE `course_languages` ENABLE KEYS */;


-- Dumping structure for table int_ita_db.course_modules
DROP TABLE IF EXISTS `course_modules`;
CREATE TABLE IF NOT EXISTS `course_modules` (
  `id_course` int(10) NOT NULL,
  `id_module` int(10) NOT NULL,
  `order` int(10) NOT NULL,
  KEY `FK_course_modules_course` (`id_course`),
  KEY `FK_course_modules_module` (`id_module`),
  CONSTRAINT `FK_course_modules_course` FOREIGN KEY (`id_course`) REFERENCES `course` (`course_ID`),
  CONSTRAINT `FK_course_modules_module` FOREIGN KEY (`id_module`) REFERENCES `module` (`module_ID`)
) ENGINE=InnoDB DEFAULT CHARSET=utf8;

-- Dumping data for table int_ita_db.course_modules: ~49 rows (approximately)
/*!40000 ALTER TABLE `course_modules` DISABLE KEYS */;
INSERT INTO `course_modules` (`id_course`, `id_module`, `order`) VALUES
	(1, 1, 1),
	(1, 2, 4),
	(1, 3, 2),
	(1, 4, 3),
	(1, 7, 5),
	(1, 9, 6),
	(1, 10, 7),
	(1, 11, 8),
	(1, 14, 10),
	(1, 16, 11),
	(1, 17, 13),
	(1, 18, 15),
	(1, 20, 14),
	(1, 22, 16),
	(1, 23, 17),
	(13, 54, 1),
	(13, 55, 2),
	(13, 56, 3),
	(14, 58, 1),
	(14, 59, 2),
	(14, 60, 3),
	(3, 1, 1),
	(3, 2, 2),
	(3, 3, 3),
	(1, 61, 19),
	(19, 82, 1),
	(19, 83, 2),
	(19, 84, 3),
	(19, 85, 4),
	(19, 86, 5),
	(19, 87, 6),
	(19, 88, 7),
	(19, 89, 8),
	(19, 90, 9),
	(19, 91, 10),
	(19, 92, 11),
	(19, 93, 12),
	(19, 94, 13),
	(19, 95, 14),
	(21, 96, 1),
	(21, 97, 2),
	(21, 98, 3),
	(20, 99, 1),
	(20, 100, 2),
	(20, 101, 3),
	(1, 121, 9),
	(1, 122, 12),
	(1, 123, 18),
	(1, 125, 20);
/*!40000 ALTER TABLE `course_modules` ENABLE KEYS */;


-- Dumping structure for table int_ita_db.element_type
DROP TABLE IF EXISTS `element_type`;
CREATE TABLE IF NOT EXISTS `element_type` (
  `id` tinyint(4) NOT NULL AUTO_INCREMENT,
  `type` varchar(15) NOT NULL,
  PRIMARY KEY (`id`)
) ENGINE=InnoDB AUTO_INCREMENT=14 DEFAULT CHARSET=utf8 COMMENT='Types of lecture elements.';

-- Dumping data for table int_ita_db.element_type: ~13 rows (approximately)
/*!40000 ALTER TABLE `element_type` DISABLE KEYS */;
INSERT INTO `element_type` (`id`, `type`) VALUES
	(1, 'text'),
	(2, 'video'),
	(3, 'code'),
	(4, 'example'),
	(5, 'task'),
	(6, 'final task'),
	(7, 'instruction'),
	(8, 'label'),
	(9, 'image'),
	(10, 'formula'),
	(11, 'table'),
	(12, 'test'),
	(13, 'final test');
/*!40000 ALTER TABLE `element_type` ENABLE KEYS */;


-- Dumping structure for table int_ita_db.footer
DROP TABLE IF EXISTS `footer`;
CREATE TABLE IF NOT EXISTS `footer` (
  `footerID` int(11) NOT NULL AUTO_INCREMENT,
  `language` enum('EN','UA','RU') NOT NULL DEFAULT 'UA',
  `imageSotial` varchar(255) NOT NULL,
  `phone` varchar(40) NOT NULL,
  `mobile` varchar(40) NOT NULL,
  `email` varchar(50) NOT NULL,
  `imageUp` varchar(255) NOT NULL,
  PRIMARY KEY (`footerID`)
) ENGINE=InnoDB AUTO_INCREMENT=4 DEFAULT CHARSET=utf8;

-- Dumping data for table int_ita_db.footer: ~3 rows (approximately)
/*!40000 ALTER TABLE `footer` DISABLE KEYS */;
INSERT INTO `footer` (`footerID`, `language`, `imageSotial`, `phone`, `mobile`, `email`, `imageUp`) VALUES
	(1, 'RU', '/css/images/sotial.gif', 'телефон: +38 0432 52 82 67 ', 'тел. моб. +38 067 431 20 10', 'e-mail: intita.hr@gmail.com', '/css/images/go_up.png'),
	(2, 'EN', '/css/images/sotial.gif', 'tel.: +38 0432 52 82 67', 'mobile +38 067 431 20 10', 'e-mail: intita.hr@gmail.com', '/css/images/go_up.png'),
	(3, 'UA', '/css/images/sotial.gif', 'телефон: +38 0432 52 82 67', 'тел. моб. +38 067 431 20 10', 'e-mail: intita.hr@gmail.com', '/css/images/go_up.png');
/*!40000 ALTER TABLE `footer` ENABLE KEYS */;


-- Dumping structure for table int_ita_db.graduate
DROP TABLE IF EXISTS `graduate`;
CREATE TABLE IF NOT EXISTS `graduate` (
  `id` int(10) NOT NULL AUTO_INCREMENT,
  `first_name` varchar(255) DEFAULT NULL,
  `last_name` varchar(255) DEFAULT NULL,
  `avatar` varchar(255) DEFAULT NULL,
  `graduate_date` date DEFAULT NULL,
  `position` varchar(255) DEFAULT NULL,
  `work_place` varchar(255) DEFAULT NULL,
  `work_site` varchar(255) DEFAULT NULL,
  `courses` varchar(255) DEFAULT NULL,
  `courses_page` varchar(255) DEFAULT NULL,
  `history` varchar(255) DEFAULT NULL,
  `rate` tinyint(4) DEFAULT NULL,
  `recall` text,
  PRIMARY KEY (`id`)
) ENGINE=InnoDB AUTO_INCREMENT=7 DEFAULT CHARSET=utf8;

-- Dumping data for table int_ita_db.graduate: ~6 rows (approximately)
/*!40000 ALTER TABLE `graduate` DISABLE KEYS */;
INSERT INTO `graduate` (`id`, `first_name`, `last_name`, `avatar`, `graduate_date`, `position`, `work_place`, `work_site`, `courses`, `courses_page`, `history`, `rate`, `recall`) VALUES
	(1, 'Роксана', 'Соковита', 'Graduates.jpg', '2015-05-12', 'Інтернет-програміст, середнього рівня', 'Google Inc.', 'https://www.google.com/about/careers/', 'Інтернет програміст (РНР), сильний початківець', 'http://intita.itatests.com/course/index/1/', NULL, 1, 'Про академію, можна написати, що дала хороші базові знання в області програмування, що забезпечило швидке кар’єрне зростання, впевненість у колективі більш досвідчених програмістів та розуміння подальшого плану розвитку, як спеціаліста. Також спілкування з однодумцями в групі, робота в команді і т.п.'),
	(2, 'Роксана', 'Соковита', 'Graduates.jpg', '2015-05-12', 'Інтернет-програміст, середнього рівня', 'Google Inc.', 'https://www.google.com/about/careers/', 'Інтернет програміст (РНР), сильний початківець', 'http://intita.itatests.com/course/index/1/', NULL, 2, 'Про академію, можна написати, що дала хороші базові знання в області програмування, що забезпечило швидке кар’єрне зростання, впевненість у колективі більш досвідчених програмістів та розуміння подальшого плану розвитку, як спеціаліста. Також спілкування з однодумцями в групі, робота в команді і т.п.'),
	(3, 'Роксана', 'Соковита', 'Graduates.jpg', '2015-05-12', 'Інтернет-програміст, середнього рівня', 'Google Inc.', 'https://www.google.com/about/careers/', 'Інтернет програміст (РНР), сильний початківець', 'http://intita.itatests.com/course/index/1/', NULL, 3, 'Про академію, можна написати, що дала хороші базові знання в області програмування, що забезпечило швидке кар’єрне зростання, впевненість у колективі більш досвідчених програмістів та розуміння подальшого плану розвитку, як спеціаліста. Також спілкування з однодумцями в групі, робота в команді і т.п.'),
	(4, 'Роксана', 'Соковита', 'Graduates.jpg', '2015-05-12', 'Інтернет-програміст, середнього рівня', 'Google Inc.', 'https://www.google.com/about/careers/', 'Інтернет програміст (РНР), сильний початківець', 'http://intita.itatests.com/course/index/1/', NULL, 4, 'Про академію, можна написати, що дала хороші базові знання в області програмування, що забезпечило швидке кар’єрне зростання, впевненість у колективі більш досвідчених програмістів та розуміння подальшого плану розвитку, як спеціаліста. Також спілкування з однодумцями в групі, робота в команді і т.п.'),
	(5, 'Роксана', 'Соковита', 'Graduates.jpg', '2015-05-12', 'Інтернет-програміст, середнього рівня', 'Google Inc.', 'https://www.google.com/about/careers/', 'Інтернет програміст (РНР), сильний початківець', 'http://intita.itatests.com/course/index/1/', NULL, 5, 'Про академію, можна написати, що дала хороші базові знання в області програмування, що забезпечило швидке кар’єрне зростання, впевненість у колективі більш досвідчених програмістів та розуміння подальшого плану розвитку, як спеціаліста. Також спілкування з однодумцями в групі, робота в команді і т.п.'),
	(6, 'Роксана', 'Соковита', 'Graduates.jpg', '2015-05-12', 'Інтернет-програміст, середнього рівня', 'Google Inc.', 'https://www.google.com/about/careers/', 'Інтернет програміст (РНР), сильний початківець', 'http://intita.itatests.com/course/index/1/', NULL, 6, 'Про академію, можна написати, що дала хороші базові знання в області програмування, що забезпечило швидке кар’єрне зростання, впевненість у колективі більш досвідчених програмістів та розуміння подальшого плану розвитку, як спеціаліста. Також спілкування з однодумцями в групі, робота в команді і т.п.');
/*!40000 ALTER TABLE `graduate` ENABLE KEYS */;


-- Dumping structure for table int_ita_db.header
DROP TABLE IF EXISTS `header`;
CREATE TABLE IF NOT EXISTS `header` (
  `headerID` int(11) NOT NULL AUTO_INCREMENT,
  `language` enum('EN','UA','RU') NOT NULL,
  `logoURL` varchar(255) NOT NULL,
  `smallLogoURL` varchar(255) NOT NULL,
  `item1Link` varchar(255) NOT NULL,
  `item2Link` varchar(255) NOT NULL,
  `item3Link` varchar(255) NOT NULL,
  `item4Link` varchar(255) NOT NULL,
  PRIMARY KEY (`headerID`)
) ENGINE=InnoDB AUTO_INCREMENT=3 DEFAULT CHARSET=utf8;

-- Dumping data for table int_ita_db.header: ~2 rows (approximately)
/*!40000 ALTER TABLE `header` DISABLE KEYS */;
INSERT INTO `header` (`headerID`, `language`, `logoURL`, `smallLogoURL`, `item1Link`, `item2Link`, `item3Link`, `item4Link`) VALUES
	(1, 'RU', '/css/images/Logo_big.png', '/css/images/Logo_small.png', '/courses', '/teachers', '/forum', '/aboutus'),
	(2, 'UA', '/css/images/Logo_big.png', '/css/images/Logo_small.png', '/courses', '/teachers', '/forum', '/aboutus');
/*!40000 ALTER TABLE `header` ENABLE KEYS */;


-- Dumping structure for table int_ita_db.history
DROP TABLE IF EXISTS `history`;
CREATE TABLE IF NOT EXISTS `history` (
  `ID` int(11) NOT NULL AUTO_INCREMENT,
  `ip` varchar(20) DEFAULT NULL,
  `code` varchar(512) DEFAULT NULL,
  `date_time` datetime DEFAULT NULL,
  PRIMARY KEY (`ID`)
) ENGINE=InnoDB AUTO_INCREMENT=127 DEFAULT CHARSET=latin1;

-- Dumping data for table int_ita_db.history: ~94 rows (approximately)
/*!40000 ALTER TABLE `history` DISABLE KEYS */;
INSERT INTO `history` (`ID`, `ip`, `code`, `date_time`) VALUES
	(33, '81.30.164.98', ' cout << hex << 100 << endl;  cout << setfill(\'?\') << setw(10) << 2343.0;', '2015-07-17 12:59:19'),
	(34, '81.30.164.98', ' cout << hex << 100 << endl;  cout << setfill(\'?\') << setw(10) << 2343.0;', '2015-07-17 13:01:03'),
	(35, '81.30.164.98', ' cout << hex << 100 << endl;  cout << setfill(\'?\') << setw(10) << 2343.0;', '2015-07-17 13:01:45'),
	(36, '81.30.164.98', ' cout << hex << 100 << endl;  cout << setfill(\'?\') << setw(10) << 2343.0;', '2015-07-17 13:03:12'),
	(37, '81.30.164.98', ' cout << hex << 100 << endl;  cout << setfill(\'?\') << setw(10) << 2343.0;', '2015-07-17 13:05:59'),
	(38, '81.30.164.98', 'std::cout << "Hello World!" << std::endl;', '2015-07-17 13:45:14'),
	(39, '81.30.164.98', 'std::cout << "Hello World!" << std::endl;', '2015-07-17 13:45:30'),
	(40, '81.30.164.98', 'std::cout << "Hello World!" << std::endl;', '2015-07-17 13:45:43'),
	(41, '81.30.164.98', 'std::cout << "Hello World!" << std::endl;', '2015-07-17 13:49:44'),
	(42, '81.30.164.98', ' char str[80];ostrstream outs(str, sizeof(str));\n  outs << "abcdefg ";\n  outs << 27 << " "  << 890.23;\n  outs << ends;  // null terminate\n  cout << "chars in outs: "<< outs.pcount(); // \n  cout << " " << str;', '2015-07-17 13:53:25'),
	(43, '81.30.164.98', '<p><span class="highLT">&lt;</span><span class="highELE">a</span> <span class="highATT">href=</span><span class="highVAL">"http://www.w3schools.com/"</span> <span class="highATT">target=</span><span class="highVAL">"_blank"</span><span class="highGT">&gt;</span>Visit W3Schools!<span class="highLT">&lt;</span><span class="highELE">/a</span><span class="highGT">&gt;</span></p><p><span class="highLT">&lt;<span class="highELE">a</span> <span class="highATT">href=</span><span class="highVAL">"http://www.w3school', '2015-07-17 14:16:52'),
	(44, '81.30.164.98', 'std::cout << "Hello World!" << std::endl;', '2015-07-17 14:17:29'),
	(45, '81.30.164.98', 'std::cout << << std::endl;', '2015-07-17 14:17:42'),
	(46, '81.30.164.98', 'std::cout << "Hello World!" << std::endl;', '2015-07-17 14:19:48'),
	(47, '81.30.164.98', 'std::cout << "He', '2015-07-17 14:20:04'),
	(48, '81.30.164.98', 'std::cout <<', '2015-07-17 14:21:19'),
	(49, '81.30.164.98', 'std::cout << std::endl;', '2015-07-17 14:21:59'),
	(50, '81.30.164.98', 'nd fknbdl', '2015-07-17 14:29:44'),
	(51, '81.30.164.98', 'nsdvnsj', '2015-07-17 14:30:14'),
	(52, '81.30.164.98', 'bmdgbdmdg', '2015-07-17 14:30:41'),
	(53, '81.30.164.98', 'thnf', '2015-07-17 14:31:45'),
	(54, '81.30.164.98', 'grhgrehe', '2015-07-17 14:32:47'),
	(55, '81.30.164.98', 'fymjkgtuk', '2015-07-17 14:33:54'),
	(56, '81.30.164.98', 'hryjxstjkt', '2015-07-17 14:34:47'),
	(57, '81.30.164.98', 'bhinolk', '2015-07-17 14:35:51'),
	(58, '81.30.164.98', 'bhinolk', '2015-07-17 14:35:51'),
	(59, '81.30.164.98', '', '2015-07-17 14:55:19'),
	(60, '81.30.164.98', '', '2015-07-17 14:55:24'),
	(61, '81.30.164.98', 'nvlskvnmsl', '2015-07-17 15:12:10'),
	(62, '81.30.164.98', 'nvsldvnls', '2015-07-17 15:13:31'),
	(63, '81.30.164.98', 't4wy4', '2015-07-21 13:31:58'),
	(64, '81.30.164.98', 'werwer', '2015-07-21 13:39:51'),
	(65, '81.30.164.98', 'dfdgdf', '2015-07-21 13:39:56'),
	(66, '81.30.164.98', 'dfdgdf', '2015-07-21 13:39:56'),
	(67, '81.30.164.98', 'ergerg', '2015-07-21 13:41:21'),
	(68, '81.30.164.98', 'ergerg', '2015-07-21 13:41:52'),
	(69, '81.30.164.98', '', '2015-07-21 13:42:47'),
	(70, '81.30.164.98', '', '2015-07-21 13:44:09'),
	(71, '81.30.164.98', 'std::cout << << std::endl;', '2015-07-21 13:45:30'),
	(72, '81.30.164.98', '', '2015-07-21 13:45:56'),
	(73, '81.30.164.98', '', '2015-07-21 13:57:10'),
	(74, '81.30.164.98', '35t53', '2015-07-21 14:03:14'),
	(75, '81.30.164.98', '35t53', '2015-07-21 14:03:16'),
	(76, '81.30.164.98', '35t53', '2015-07-21 14:03:18'),
	(77, '81.30.164.98', '35t53', '2015-07-21 14:03:18'),
	(78, '81.30.164.98', '35t53', '2015-07-21 14:03:18'),
	(79, '81.30.164.98', '35t53', '2015-07-21 14:03:22'),
	(80, '81.30.164.98', 'wqeqw', '2015-07-21 14:04:57'),
	(81, '81.30.164.98', '', '2015-07-21 14:06:22'),
	(82, '81.30.164.98', '', '2015-07-21 14:06:49'),
	(83, '81.30.164.98', '', '2015-07-21 14:07:34'),
	(84, '81.30.164.98', '', '2015-07-21 14:07:48'),
	(85, '81.30.164.98', '', '2015-07-21 14:24:13'),
	(86, '81.30.164.98', '', '2015-07-21 14:25:13'),
	(87, '81.30.164.98', '', '2015-07-21 14:25:30'),
	(88, '81.30.164.98', 'fgh', '2015-07-21 14:39:23'),
	(89, '81.30.164.98', 'fgh', '2015-07-21 14:39:23'),
	(90, '81.30.164.98', 'dsc', '2015-07-21 14:40:19'),
	(91, '81.30.164.98', 'dsc', '2015-07-21 14:44:38'),
	(92, '81.30.164.98', 'dsc', '2015-07-21 14:45:21'),
	(93, '81.30.164.98', '', '2015-07-21 14:51:47'),
	(94, '81.30.164.98', 'dfdfb', '2015-07-21 14:54:10'),
	(95, '81.30.164.98', 'xcvxcvxv', '2015-07-21 14:54:40'),
	(96, '81.30.164.98', 'sdc', '2015-07-21 14:56:49'),
	(97, '81.30.164.98', 'sdc', '2015-07-21 14:56:49'),
	(98, '81.30.164.98', 'nbkjrnbsrk', '2015-07-21 16:07:43'),
	(99, '81.30.164.98', 'hjdrtnjted', '2015-07-21 16:09:12'),
	(100, '81.30.164.98', 'hhilvu', '2015-07-21 16:09:52'),
	(101, '81.30.164.98', 'yhrynjmrmj', '2015-07-21 16:11:04'),
	(102, '81.30.164.98', '', '2015-07-21 16:12:02'),
	(103, '81.30.164.98', '7i85', '2015-07-21 16:12:27'),
	(104, '81.30.164.98', 'std::cout <<  << std::endl;', '2015-07-21 16:13:32'),
	(105, '81.30.164.98', 'vfswgb', '2015-07-22 17:17:00'),
	(106, '81.30.164.98', 'etalon', '2015-07-22 17:17:08'),
	(107, '81.30.164.98', 'std::cout << "Hello World!" << std::endl;', '2015-07-22 17:17:29'),
	(108, '81.30.164.98', 'etalon', '2015-07-22 17:18:50'),
	(109, '81.30.164.98', 'std::cout << "Hello World!" << std::endl;', '2015-07-22 17:20:06'),
	(110, '81.30.164.98', 'std::cout << "Hello World!" << std::endl;', '2015-07-22 17:20:22'),
	(111, '81.30.164.98', 'std::cout << "Hello World!" << std::endl;', '2015-07-22 17:20:54'),
	(112, '94.179.32.251', '1', '2015-07-23 15:59:48'),
	(113, '94.179.32.251', '2', '2015-07-23 16:42:13'),
	(114, '81.30.164.98', 'dwqdwqdwq', '2015-07-23 16:43:50'),
	(115, '81.30.164.98', 'bjbjhnkjn', '2015-07-23 16:47:28'),
	(116, '94.179.32.251', '12', '2015-07-24 08:56:26'),
	(117, '94.179.32.251', '12', '2015-07-24 08:59:54'),
	(118, '94.179.32.251', '23', '2015-07-24 09:08:36'),
	(119, '94.179.32.251', '', '2015-07-24 09:08:43'),
	(120, '94.179.32.251', '23', '2015-07-24 09:08:52'),
	(121, '94.179.32.251', '?', '2015-07-24 09:09:39'),
	(122, '81.30.164.98', 'uyjruj', '2015-07-24 11:33:05'),
	(123, '81.30.164.98', 'y64yh467u7', '2015-07-24 11:33:40'),
	(124, '94.179.62.179', '12', '2015-07-24 13:10:29'),
	(125, '81.30.164.98', 'std::cout << std::endl;', '2015-07-24 13:32:11'),
	(126, '81.30.164.98', 'std::cout << std::endl;', '2015-07-24 13:32:22');
/*!40000 ALTER TABLE `history` ENABLE KEYS */;


-- Dumping structure for table int_ita_db.language
DROP TABLE IF EXISTS `language`;
CREATE TABLE IF NOT EXISTS `language` (
  `id` int(11) NOT NULL AUTO_INCREMENT,
  `code` varchar(6) NOT NULL,
  `language` varchar(50) NOT NULL,
  `country` varchar(100) NOT NULL,
  PRIMARY KEY (`id`)
) ENGINE=InnoDB AUTO_INCREMENT=4 DEFAULT CHARSET=utf8;

-- Dumping data for table int_ita_db.language: ~3 rows (approximately)
/*!40000 ALTER TABLE `language` DISABLE KEYS */;
INSERT INTO `language` (`id`, `code`, `language`, `country`) VALUES
	(1, 'ru', 'русский', 'Россия'),
	(2, 'en', 'english', 'Great Britain'),
	(3, 'ua', 'українська', 'Україна');
/*!40000 ALTER TABLE `language` ENABLE KEYS */;


-- Dumping structure for table int_ita_db.leader_modules
DROP TABLE IF EXISTS `leader_modules`;
CREATE TABLE IF NOT EXISTS `leader_modules` (
  `leader` int(10) NOT NULL,
  `module` int(10) NOT NULL,
  KEY `FK_leader_modules_teacher` (`leader`),
  KEY `FK_leader_modules_module` (`module`),
  CONSTRAINT `FK_leader_modules_module` FOREIGN KEY (`module`) REFERENCES `module` (`module_ID`),
  CONSTRAINT `FK_leader_modules_teacher` FOREIGN KEY (`leader`) REFERENCES `teacher` (`teacher_id`)
) ENGINE=InnoDB DEFAULT CHARSET=utf8;

-- Dumping data for table int_ita_db.leader_modules: ~7 rows (approximately)
/*!40000 ALTER TABLE `leader_modules` DISABLE KEYS */;
INSERT INTO `leader_modules` (`leader`, `module`) VALUES
	(5, 54),
	(5, 18),
	(5, 56),
	(6, 7),
	(6, 56),
	(6, 54),
	(6, 16);
/*!40000 ALTER TABLE `leader_modules` ENABLE KEYS */;


-- Dumping structure for table int_ita_db.lectures
DROP TABLE IF EXISTS `lectures`;
CREATE TABLE IF NOT EXISTS `lectures` (
  `id` int(11) NOT NULL AUTO_INCREMENT,
  `image` varchar(255) DEFAULT 'lectureImage.png',
  `alias` varchar(10) NOT NULL,
  `idModule` int(11) DEFAULT NULL,
  `order` int(11) DEFAULT NULL,
  `title_ua` varchar(255) NOT NULL,
  `title_ru` varchar(255) NOT NULL,
  `title_en` varchar(255) NOT NULL,
  `idType` int(11) DEFAULT '1',
  `durationInMinutes` int(11) DEFAULT '60',
  `idTeacher` varchar(50) DEFAULT NULL,
  `isFree` tinyint(1) NOT NULL DEFAULT '0',
  `rate` int(2) NOT NULL DEFAULT '0',
  PRIMARY KEY (`id`)
) ENGINE=InnoDB AUTO_INCREMENT=195 DEFAULT CHARSET=utf8 COMMENT='isFree ( 0 - pay, 1 - demo lecture)';

-- Dumping data for table int_ita_db.lectures: ~73 rows (approximately)
/*!40000 ALTER TABLE `lectures` DISABLE KEYS */;
INSERT INTO `lectures` (`id`, `image`, `alias`, `idModule`, `order`, `title_ua`, `title_ru`, `title_en`, `idType`, `durationInMinutes`, `idTeacher`, `isFree`, `rate`) VALUES
	(22, 'lectureImage.png', 'lecture1', 2, 1, 'Взаємодія PHP і XML', '', '', 1, 60, '1', 0, 4),
	(23, 'lectureImage.png', 'lecture2', 2, 2, 'Приклади коду', '', '', 1, 60, '2', 0, 4),
	(24, 'lectureImage.png', 'lecture3', 2, 3, 'Список літератури', '', '', 1, 60, '4', 0, 4),
	(50, 'lectureImage.png', 'lecture2', 7, 2, 'Математический анализ', '', '', 1, 60, '5', 0, 4),
	(51, 'lectureImage.png', 'lecture3', 7, 3, 'Дифференциальные уравнения', '', '', 1, 60, '5', 0, 4),
	(52, 'lectureImage.png', 'lecture4', 7, 4, 'Математическая физика', '', '', 1, 60, '5', 0, 4),
	(53, 'lectureImage.png', 'lecture5', 7, 5, 'Геометрия и топология', '', '', 1, 60, '5', 0, 4),
	(54, 'lectureImage.png', 'lecture6', 7, 1, 'Теория вероятностей и математическая статистика', '', '', 1, 60, '5', 0, 4),
	(66, 'lectureImage.png', 'lecture1', 11, 2, 'Занятие 1', '', '', 1, 60, '2', 0, 4),
	(67, 'lectureImage.png', 'lecture2', 11, 1, 'Занятие 2,', '', '', 1, 60, '2', 0, 4),
	(68, 'lectureImage.png', 'lecture3', 11, 3, 'Занятие 3.', '', '', 1, 60, '2', 0, 4),
	(69, 'lectureImage.png', 'lecture4', 11, 4, 'Занятие 4;', '', '', 1, 60, '2', 0, 4),
	(70, 'lectureImage.png', 'lecture5', 11, 5, 'Занятие 5:', '', '', 1, 60, '2', 0, 4),
	(72, 'lectureImage.png', 'lecture1', 23, 1, 'аатара', '', '', 1, 60, '2', 0, 4),
	(73, 'lectureImage.png', 'lecture2', 61, 1, 'gfggeg', '', '', 1, 60, '1', 0, 4),
	(78, 'lectureImage.png', 'lecture1', 20, 1, 'rgdgjkj', '', '', 1, 60, '3', 0, 4),
	(79, 'lectureImage.png', 'lecture2', 20, 2, 'hjhgjghgkg', '', '', 1, 60, '3', 0, 4),
	(88, 'lectureImage.png', 'lecture4', 2, 4, 'Дроби', '', '', 1, 60, '10', 0, 4),
	(89, 'lectureImage.png', 'lecture5', 2, 5, 'Нескінченний періодичний десятковий дріб', '', '', 1, 60, '10', 0, 4),
	(90, 'lectureImage.png', 'lecture6', 2, 6, 'Одночлен і многочлени', '', '', 1, 60, '10', 0, 4),
	(91, 'lectureImage.png', 'lecture7', 2, 7, 'Натуральні числа', '', '', 1, 60, '10', 0, 4),
	(98, 'lectureImage.png', 'lecture1', 9, 1, '1', '', '', 1, 60, '3', 0, 4),
	(99, 'lectureImage.png', 'lecture3', 20, 3, '!!!!!!', '', '', 1, 60, '1', 0, 4),
	(100, 'lectureImage.png', 'lecture8', 3, 1, 'Основи мови С (частина 1)', '', '', 1, 60, '11', 0, 4),
	(101, 'lectureImage.png', 'lecture9', 3, 2, 'Основи мови С (частина 2)', '', '', 1, 60, '11', 0, 4),
	(102, 'lectureImage.png', 'lecture3', 3, 3, 'Процедури і функції', '', '', 1, 60, '11', 0, 4),
	(103, 'lectureImage.png', 'lecture4', 3, 4, 'Покажчики та рекурсія', '', '', 1, 60, '11', 0, 4),
	(104, 'lectureImage.png', 'lecture5', 3, 5, 'Символьні рядки', '', '', 1, 60, '11', 0, 4),
	(105, 'lectureImage.png', 'lecture6', 3, 6, 'Текстові файли', '', '', 1, 60, '11', 0, 4),
	(106, 'lectureImage.png', 'lecture7', 3, 7, 'Файли з довільним доступом', '', '', 1, 60, '11', 0, 4),
	(107, 'lectureImage.png', 'lecture8', 3, 8, 'Типи даних, визначені користувачем (частина 1)', '', '', 1, 60, '11', 0, 4),
	(108, 'lectureImage.png', 'lecture9', 3, 9, 'Типи даних, визначені користувачем (частина 2)', '', '', 1, 60, '11', 0, 4),
	(109, 'lectureImage.png', 'lecture10', 3, 10, 'Динамічні структури даних (частина 1)', '', '', 1, 60, '11', 0, 4),
	(110, 'lectureImage.png', 'lecture11', 3, 11, 'Динамічні структури даних (частина 2)', '', '', 1, 60, '11', 0, 4),
	(111, 'lectureImage.png', 'lecture12', 3, 12, 'Налагодження і тестування', '', '', 1, 60, '11', 0, 4),
	(115, 'lectureImage.png', 'lecture1', 18, 1, 'Тест занятие', '', '', 1, 60, '1', 0, 4),
	(116, 'lectureImage.png', 'lecture4', 20, 4, 'тьмтсич', '', '', 1, 60, '1', 0, 4),
	(117, 'lectureImage.png', 'lecture5', 1, 1, 'Етапи програмування. Парадигма програмування.', 'Этапы программирования. Парадигма программирования', 'Stages programming. The paradigm of programming.', 1, 60, '9', 1, 4),
	(118, 'lectureImage.png', 'lecture6', 1, 2, 'Функціонування комп\'ютера.', 'Функционирование компьютера.', 'Functioning of the computer.', 1, 60, '9', 1, 4),
	(125, 'lectureImage.png', 'lecture13', 1, 9, 'Технології програмування. Покоління', 'Технологии программирования. Поколения', 'Programming technologies. Generation', 1, 60, '9', 0, 4),
	(126, 'lectureImage.png', 'lecture14', 1, 10, 'Розвиток мов програмування', 'Развитие языков программирования', 'The development of programming languages', 1, 60, '9', 0, 4),
	(127, 'lectureImage.png', 'lecture11', 1, 3, 'Пристрої введення та виведення інформації.', 'Устройства ввода и вывода информации.', 'Devices of input and output data.', 1, 60, '9', 0, 4),
	(129, 'lectureImage.png', 'lecture11', 1, 5, 'Принципи фон Неймана. Що таке процесор.', 'Принципы фон Неймана. Что такое процессор.', 'The principles of von Neumann. What is a processor.', 1, 60, '9', 0, 4),
	(130, 'lectureImage.png', 'lecture11', 1, 6, 'Що таке операційна система.', 'Что такое операционная система.', 'What is a operating system.', 1, 60, '9', 0, 4),
	(131, 'lectureImage.png', 'lecture11', 1, 4, 'Пам\'ять комп\'ютера. Програмне забезпечення', 'Память компьютера. Программное обеспечение', 'Computer memory. Software', 1, 60, '9', 0, 4),
	(132, 'lectureImage.png', 'lecture11', 1, 8, 'Що таке алгоритм.', 'Что такое алгоритм.', 'What is a algorithm.', 1, 60, '9', 0, 4),
	(133, 'lectureImage.png', 'lecture11', 1, 7, 'Системи числення. Правила переведення.', 'Системы счисления. Правила перевода.', 'Number systems. Rules transfer.', 1, 60, '9', 0, 4),
	(136, 'lectureImage.png', 'lecture3', 61, 2, 'Test3', '', '', 1, 60, '1', 0, 4),
	(140, 'lectureImage.png', 'lecture8', 2, 8, 'Дроби', '', '', 1, 60, '10', 0, 4),
	(144, 'lectureImage.png', 'lecture4', 61, 3, 'Test 4', '', '', 1, 60, '1', 0, 4),
	(145, 'lectureImage.png', 'lecture5', 61, 4, 'test 5', '', '', 1, 60, '1', 0, 4),
	(161, 'lectureImage.png', 'lecture6', 7, 6, '6', '', '', 1, 60, '1', 0, 0),
	(162, 'lectureImage.png', 'lecture7', 7, 7, '7', '', '', 1, 60, '1', 0, 0),
	(163, 'lectureImage.png', 'lecture8', 7, 8, '8', '', '', 1, 60, '1', 0, 0),
	(164, 'lectureImage.png', 'lecture9', 7, 9, '9', '', '', 1, 60, '1', 0, 0),
	(165, 'lectureImage.png', 'lecture10', 7, 10, '10', '', '', 1, 60, '1', 0, 0),
	(172, 'lectureImage.png', 'lecture19', 61, 5, '20', '', '', 1, 60, '1', 0, 4),
	(173, 'lectureImage.png', 'lecture1', 14, 1, '1', '', '', 1, 60, '1', 0, 0),
	(174, 'lectureImage.png', 'lecture2', 14, 2, '2', '', '', 1, 60, '1', 0, 0),
	(175, 'lectureImage.png', 'lecture3', 14, 3, '3', '', '', 1, 60, '1', 0, 0),
	(176, 'lectureImage.png', 'lecture4', 14, 4, '4', '', '', 1, 60, '1', 0, 0),
	(177, 'lectureImage.png', 'lecture20', 61, 6, 'sdfdfdsf', '', '', 1, 60, '1', 0, 4),
	(178, 'lectureImage.png', 'lecture7', 61, 7, 'ТестТестів', '', '', 1, 60, '1', 0, 4),
	(179, 'lectureImage.png', 'lecture8', 61, 8, 'Test 8', '', '', 1, 60, '1', 0, 4),
	(180, 'lectureImage.png', 'lecture9', 61, 9, 'Test 9', '', '', 1, 60, '1', 0, 4),
	(181, 'lectureImage.png', 'lecture10', 61, 10, 'Test 10', '', '', 1, 60, '1', 0, 4),
	(182, 'lectureImage.png', 'lecture11', 61, 11, 'test 11', '', '', 1, 60, '1', 0, 4),
	(183, 'lectureImage.png', 'lecture12', 61, 12, 'test 12', '', '', 1, 60, '1', 0, 4),
	(184, 'lectureImage.png', 'lecture13', 61, 13, 'test 13', '', '', 1, 60, '1', 0, 4),
	(185, 'lectureImage.png', 'lecture14', 61, 14, 'test 14', '', '', 1, 60, '1', 0, 4),
	(192, 'lectureImage.png', 'lecture9', 2, 9, 'Одночлени і многочлени', '', '', 1, 60, '10', 0, 4),
	(193, 'lectureImage.png', 'lecture15', 61, 15, 'ua', 'ru', 'en', 1, 60, '1', 0, 0),
	(194, 'lectureImage.png', 'lecture16', 61, 16, 'ua', 'ru', 'en', 1, 60, '1', 0, 0);
/*!40000 ALTER TABLE `lectures` ENABLE KEYS */;


-- Dumping structure for table int_ita_db.lecture_element
DROP TABLE IF EXISTS `lecture_element`;
CREATE TABLE IF NOT EXISTS `lecture_element` (
  `id_block` int(11) NOT NULL AUTO_INCREMENT,
  `id_lecture` int(11) NOT NULL,
  `block_order` int(11) NOT NULL,
  `type` varchar(15) NOT NULL,
  `id_type` tinyint(4) NOT NULL,
  `html_block` text NOT NULL,
  PRIMARY KEY (`id_block`),
  KEY `FK_lecture_element_element_type` (`id_type`),
  CONSTRAINT `FK_lecture_element_element_type` FOREIGN KEY (`id_type`) REFERENCES `element_type` (`id`)
) ENGINE=InnoDB AUTO_INCREMENT=849 DEFAULT CHARSET=utf8 COMMENT='Chapters and other lecture''s resources ';

-- Dumping data for table int_ita_db.lecture_element: ~690 rows (approximately)
/*!40000 ALTER TABLE `lecture_element` DISABLE KEYS */;
INSERT INTO `lecture_element` (`id_block`, `id_lecture`, `block_order`, `type`, `id_type`, `html_block`) VALUES
	(9, 1, 1, 'video', 2, 'https://www.youtube.com/embed/L3Mg6lk6yyA'),
	(10, 1, 4, 'instruction', 7, '<ol>\n	<li>On line 7, set <span class="colorBP"><span class="colorGreen">$</span>ter<em>ms</em></span><em> equal to a number greater than 5. Make sure to put a semicolon at the end of the line.</em></li>\n	<li>On line 9, edit the state condition so that your program will be out Some expressions return a \' logical value": TRUE or FALSE, text like thise:<span class="colorAlert">You get a 10% discount!</span></li>\n</ol>'),
	(13, 1, 2, 'text', 1, '<p><span class="colorBlack">Імена змінних</span>\n</p>\n<p>Б<strong><em><del>удь-яка змінна в РНР має ім\'я, що починається із знаку $, наприклад Svariable. При такому способі формування імен змінних їх дуже легко відрізнити від іншого коду. Якщо в інших мовах інколи може виникати плутанина з тим, що при першому погляді</del></em></strong> на код не завжди ясно - де тут змінні, а де функції, то в РНР це питання навіть не постає. Наприклад, ссилка на змінну по її імені, що зберігається в іншій змінній:\n</p>'),
	(18, 1, 3, 'text', 1, '<p><br>\n</p>\n<ol>\n	<ol>\n		<li><span style="background-color: rgb(255, 255, 255);">On <del>li</del>ne 7, set $terms equal to a number greater than 5. Make sure to put a semicolon at the end of the line.</span></li>\n		<li><span style="background-color: rgb(255, 255, 255);">On line 9, edit the st<del>ate condition so that your program will be out Some expressions return a \' logical value": TRUE or FALSE, text like thise:</del>You get a 10% discount!</span></li>\n	</ol>\n</ol>'),
	(19, 1, 7, 'video', 2, 'https://www.youtube.com/embed/L3Mg6lk6yyA'),
	(21, 2, 1, 'text', 1, '<p><span class="colorBlack">Імена змінних<em></em></span>\n	<strong><del><em></em></del></strong>\n</p>\n<p>Будь-яка змінна в РНР має ім\'я, що починається із знаку $, наприклад Svariable. При такому способі формування імен змінних їх дуже легко відрізнити від іншого коду. Якщо в інших мовах інколи може виникати плутанина з тим, що при першому погляді на код не завжди ясно - де тут змінні, а де функції, то в РНР це питання навіть не постає. Наприклад, ссилка на змінну по її імені, що зберігається в іншій змінній:\n</p>'),
	(22, 3, 1, 'text', 1, ' <span class="colorBlack">Імена змінних</span>\r\n    <p>Будь-яка змінна в РНР має ім\'я, що починається із знаку $, наприклад Svariable. При такому способі формування імен змінних їх дуже легко відрізнити від іншого коду. Якщо в інших мовах інколи може виникати плутанина з тим, що при першому погляді на код не завжди ясно - де тут змінні, а де функції, то в РНР це питання навіть не постає. Наприклад, ссилка на змінну по її імені, що зберігається в іншій змінній:</p>'),
	(23, 24, 1, 'text', 1, '<p>New text block!</p>'),
	(24, 24, 2, 'text', 1, '<p><iframe width="420" height="315" src="https://www.youtube.com/embed/7KAhgrBDl3A" frameborder="0" allowfullscreen=""></iframe></p>'),
	(25, 1, 5, 'text', 1, '<p>simple\r\n</p>'),
	(26, 1, 8, 'text', 1, '<p>Add links. Example with "www" and "http"</p><p><a href="http://www.google.com">www.google.com</a></p><p><a href="http://google.com">http://google.com</a></p><p><br></p>'),
	(27, 1, 6, 'text', 1, '<p>Add video. Example: ("<a href="http://www.youtube.com/watch?v=QlRGhXj0uRY">youtube.com/watch?v=QlRGhXj0uRY</a>")\r\n'),
	(28, 1, 9, 'text', 1, '<p>Add picture. Example: "screensavergift.com/wp-content/uploads/BeautifulNature3-610x320.jpg"</p><p><img src="http://www.screensavergift.com/wp-content/uploads/BeautifulNature3-610x320.jpg"><span class="redactor-invisible-space"><br></span></p>'),
	(29, 1, 10, 'text', 1, '<p>Add code. Example:\n</p>\n<pre>&lt;div id="logo_img" class="down"&gt;\n &lt;a href="&lt;?php echo Yii::app()-&gt;createUrl(\'site/index\');?&gt;"&gt;\n &lt;img id="logo" src="&lt;?php echo Yii::app()-&gt;request-&gt;baseUrl;?&gt;/css/images/Logo_small.png"/&gt;\n &lt;/a&gt;\n&lt;/div&gt;\n</pre>'),
	(30, 1, 11, 'text', 1, '<p><iframe width="500" height="281" src="//www.youtube.com/embed/6zEnXc8jdEE" frameborder="0" allowfullscreen=""></iframe></p>'),
	(32, 1, 12, 'code', 3, '<pre>\r\nmodel = Module::model()->findByPk($idModule);\r\n        $owners = explode(\';\',$model->owners); //array of teacher\'s ids that cna edit this module\r\n        $teachers = Teacher::model()->findAllByAttributes(array(\'teacher_id\'=>$owners)); //info about owners\r\n\r\n\r\n        $criteria=new CDbCriteria();\r\n        $criteria->addCondition(\'idModule>0\');\r\n        $criteria->addCondition(\'idModule=\'.$idModule);\r\n\r\n        $dataProvider = new CActiveDataProvider(\'Lecture\', array(\r\n            \'criteria\' =>$criteria,\r\n            \'pagination\'=>false,\r\n            \'sort\'=>array(\r\n                \'defaultOrder\'=>array(\r\n                    \'order\'=>CSort::SORT_ASC,\r\n                )\r\n            )\r\n        ));\r\n</pre>'),
	(35, 1, 13, 'text', 8, '<p>Глава 1.</p>'),
	(36, 1, 14, 'label', 8, '<p>Глава 3.</p>'),
	(37, 1, 15, 'label', 8, '<p>Глава 4.</p>'),
	(38, 1, 16, 'text', 1, '<p>aefaeghsr</p>'),
	(39, 1, 17, 'text', 1, '<p>124578235689</p>'),
	(40, 1, 18, 'video', 2, '//www.youtube.com/embed/d1_JBMrrYw8"'),
	(41, 1, 19, 'video', 2, '//www.youtube.com/embed/5PSNL1qE6VY"'),
	(42, 1, 20, 'video', 2, '//www.youtube.com/embed/5PSNL1qE6VY"'),
	(43, 1, 21, 'video', 2, '//www.youtube.com/embed/d1_JBMrrYw8"'),
	(45, 1, 22, 'text', 1, '<p>y6</p>'),
	(46, 1, 23, 'text', 1, '<iframe style="width: 500px; height: 281px;" src="//www.youtube.com/embed/9eiRmWLcASw" frameborder="0" allowfullscreen=""></iframe>'),
	(47, 1, 24, 'video', 2, '//www.youtube.com/embed/9eiRmWLcASw"'),
	(59, 2, 2, 'text', 1, '<table><tbody><tr><td>bdffbdz</td><td>bdfb</td><td>bfdbdbfd</td></tr><tr><td>bfdbdf</td><td>bdfbfd</td><td>bfdb</td></tr><tr><td>fdbsf</td><td>bfb</td><td>bfbfs</td></tr></tbody></table>'),
	(60, 2, 5, 'text', 1, '<table><thead><tr><th>First Name</th><th>Last Name</th><th>Points</th></tr></thead><tbody><tr><td>Jill</td><td>Smith</td><td>50</td></tr><tr><td>Eve</td><td>Jackson</td><td>94</td></tr></tbody></table>'),
	(76, 2, 4, 'formula', 10, '\\[\\aa \\mathbb{I}\\Re \\Im \\exists \\Im\\Theta \\Sigma \\Psi \\Psi \\Psi \\Psi \\Re \\Cup \\!\\]\r\n'),
	(79, 48, 1, 'text', 1, '\\[\\sqrt{\\mathbb{Z}\\ddots \\mathbb{I}\\zeta \\varepsilon \\vartheta \\nu \\tau \\sigma \\mu \\varpi }\\]\r\n'),
	(80, 1, 25, 'text', 1, '<p><span class="highLT">&lt;</span><span class="highELE">a</span> <span class="highATT">href=</span><span class="highVAL">"http://www.w3schools.com/"</span> <span class="highATT">target=</span><span class="highVAL">"_blank"</span><span class="highGT">&gt;</span>Visit W3Schools!<span class="highLT">&lt;</span><span class="highELE">/a</span><span class="highGT">&gt;</span></p><p><span class="highLT">&lt;<span class="highELE">a</span> <span class="highATT">href=</span><span class="highVAL">"http://www.w3schools.com/"</span> <span class="highATT">target=</span><span class="highVAL">"_blank"</span><span class="highGT">&gt;</span>Visit W3Schools!<span class="highLT">&lt;</span><span class="highELE">/a</span><span class="highGT">&gt;</span><br></span></p><p><span class="redactor-invisible-space"><span class="highLT">&lt;<span class="highELE">a</span> <span class="highATT">href=</span><span class="highVAL">"http://www.w3schools.com/"</span> <span class="highATT">target=</span><span class="highVAL">"_blank"</span><span class="highGT">&gt;</span>Visit W3Schools!<span class="highLT">&lt;</span><span class="highELE">/a</span><span class="highGT">&gt;</span><br></span></span></p><p><span class="redactor-invisible-space"><span class="redactor-invisible-space"><span class="highLT">&lt;<span class="highELE">a</span> <span class="highATT">href=</span><span class="highVAL">"http://www.w3schools.com/"</span> <span class="highATT">target=</span><span class="highVAL">"_blank"</span><span class="highGT">&gt;</span>Visit W3Schools!<span class="highLT">&lt;</span><span class="highELE">/a</span><span class="highGT">&gt;</span><br></span></span></span></p>'),
	(81, 2, 6, 'text', 1, '<p><a href="http://intita.itatests.com/teachers">Teachers</a></p>'),
	(82, 2, 3, 'text', 1, '<p><a href="http://intita.itatests.com/teachers" target="_blank">Teachers</a></p>'),
	(83, 14, 1, 'label', 8, '<p>Chapter 1.</p>'),
	(84, 1, 26, 'final task', 6, '<p>gvszbs</p>'),
	(86, 54, 1, 'label', 8, '<h2><span style="font-size: 30px;"><u>Математика как специальность</u></span></h2>'),
	(88, 54, 2, 'example', 4, '<p>« <a href="http://testitquickly.com/2009/09/09/cu-dneara-patsanii/">С днем сами знаете кого!</a></p><p><a href="http://testitquickly.com/2009/09/11/op-donderdag-op/" rel="next">Оп, дондердаг! Оп!</a> »</p><h2>Тестируем поля логин/пароль</h2><p>09.09.2009 by <a href="http://testitquickly.com/author/astenix/" title="Posts by Алексей Лупан">Алексей Лупан</a></p><p>Как и все собравшиеся в этом мониторе, мне приходится тестировать иногда проклятые поля ввода логина и пароля. И еще поля регистрации нового юзверя. По ходу дела и после поисков по интернетам собрался отдельный файлик с перечнем тематических тестов (еще будет дополняться и всячески обновляться). Полезен и в ратнейшем труде программистов.</p><p>Повсюду под предложением “<strong>Expected: alert</strong>” подразумевается, что ответ должен быть отрицательным, но система должна как-то сигнализировать юзеру о причине проблемы.</p><h2><strong>Регистрация нового пользователя</strong></h2><ol><li>Зарегистрировать нового пользователя с логином new_user. Expected: можно.</li><li>Зарегистрировать нового пользователя с логином new_user_test. Expected: можно.</li><li>Зарегистрировать нового пользователя с логином new-user. Expected: можно.</li><li>Зарегистрировать нового пользователя с логином new1234user. Expected: можно.</li><li>Зарегистрировать нового пользователя с логином new@user. Expected: alert.</li><li>Зарегистрировать нового пользователя с логином newuser и паролем newuser (полное совпадение). Expected: alert.</li><li>использование только ASCII символов в логине – Expected: alert.</li><li>регистрация пользователя с логином, содержащим пробелы или состоящим из одних пробелом – Expected: alert.</li><li>регистрация пользователя с паролем, содержащим пробелы или состоящим из одних пробелом – Expected: alert.</li><li>регистрация пользователя с логином содержащим XSS или SQL injections. – Expected: alert.</li><li>а можно ли зарегистрировать пользователя “admin”, и пользователя “аdmin” (где а – из русской расскладки)?</li><li>В некоторых случаях разработчики проверяют пользователя в базе с помощью LIKE, и не обрабатывают user input. Поэтому нужно проверить комбинацию %%%/%%% (знак % повторяется 3 раза, чтобы обойти валидацию на минимальную длину).</li><li>Логин под существуюшим пользователем – смена пароля:<ol><li>Создать аккаунт с максимально возможным числом символом в логине<ol><li>Попробовать залогиниться</li><li>Попробовать сменить пароль</li><li>Причина: возможно несовпадение максимумов между строками ввода нового пароля, ввода пароля, смены пароля, и в БД.<ol><li>Дополнительно: проделать те же шаги, но с количеством символов макс+1</li><li>Дополнительно: проделать те же шаги, но<ol><li>с макс. количеством разрешенных символов + пробел (и другие безобидные);</li><li>с макс. количеством разрешенных символов + 1 запрещенный.</li></ol></li></ol></li></ol></li><li>Создать аккаунт с максимально возможным числом символом в пароле</li></ol><ol><li><ol><li>Попробовать залогиниться</li><li>Попробовать сменить пароль (а может – и сам логин?)</li><li>Причина та же: возможно несовпадение максимумов между строками ввода нового пароля, ввода пароля, смены пароля, и в БД.</li></ol></li></ol></li></ol><h2><strong>Ввод некорректных данных</strong></h2><ol><li>Ввeсти корректный логин и корректный пароль. Expected: успешно залогинен. Разлогиниться. Почистить кэш и куки (открыть/закрыть браузер?).</li><li>Оставить оба поля пустыми. Нажать на Login. Expected: alert.</li><li>Оставить пустое поле login. Нажать на Login. Expected: alert.</li><li>Оставить пустое поле password. Нажать на Login. Expected: alert.</li><li>Ввeсти корректный логин и некорректный пароль. Expected: alert.</li><li>Ввeсти некорректный логин, но корректный пароль. Expected: alert.</li></ol>'),
	(89, 54, 3, 'text', 1, '<p>вопрлпокрплврплврппепловрвлрпвапроварпарвапрваопрвловрплварпварпвоорвапрваорпвоарпваопрвоапрваопрвааопрвааопрваопварповараплваарповапрваопрвлопрвапорваалпорваалопва</p>'),
	(90, 54, 4, 'final task', 6, '<p><a href="https://ru.wikipedia.org/wiki/%D0%9C%D0%B0%D1%82%D0%B5%D0%BC%D0%B0%D1%82%D0%B8%D0%BA%D0%B0" title="Математика">Математика</a> как специальность научных работников министерства науки и технологий Российской Федерации<sup><a href="https://ru.wikipedia.org/wiki/%D0%A0%D0%B0%D0%B7%D0%B4%D0%B5%D0%BB%D1%8B_%D0%BC%D0%B0%D1%82%D0%B5%D0%BC%D0%B0%D1%82%D0%B8%D0%BA%D0%B8#cite_note-1">[1]</a></sup> подразделяется на научные специальности</p><ul><li><a href="https://ru.wikipedia.org/wiki/%D0%9C%D0%B0%D1%82%D0%B5%D0%BC%D0%B0%D1%82%D0%B8%D1%87%D0%B5%D1%81%D0%BA%D0%B8%D0%B9_%D0%B0%D0%BD%D0%B0%D0%BB%D0%B8%D0%B7" title="Математический анализ">Математический анализ</a></li><li><a href="https://ru.wikipedia.org/wiki/%D0%94%D0%B8%D1%84%D1%84%D0%B5%D1%80%D0%B5%D0%BD%D1%86%D0%B8%D0%B0%D0%BB%D1%8C%D0%BD%D0%BE%D0%B5_%D1%83%D1%80%D0%B0%D0%B2%D0%BD%D0%B5%D0%BD%D0%B8%D0%B5" title="Дифференциальное уравнение">Дифференциальные уравнения</a></li><li><a href="https://ru.wikipedia.org/wiki/%D0%9C%D0%B0%D1%82%D0%B5%D0%BC%D0%B0%D1%82%D0%B8%D1%87%D0%B5%D1%81%D0%BA%D0%B0%D1%8F_%D1%84%D0%B8%D0%B7%D0%B8%D0%BA%D0%B0" title="Математическая физика">Математическая физика</a></li><li><a href="https://ru.wikipedia.org/wiki/%D0%93%D0%B5%D0%BE%D0%BC%D0%B5%D1%82%D1%80%D0%B8%D1%8F" title="Геометрия">Геометрия</a> и <a href="https://ru.wikipedia.org/wiki/%D0%A2%D0%BE%D0%BF%D0%BE%D0%BB%D0%BE%D0%B3%D0%B8%D1%8F" title="Топология">топология</a></li><li><a href="https://ru.wikipedia.org/wiki/%D0%A2%D0%B5%D0%BE%D1%80%D0%B8%D1%8F_%D0%B2%D0%B5%D1%80%D0%BE%D1%8F%D1%82%D0%BD%D0%BE%D1%81%D1%82%D0%B5%D0%B9" title="Теория вероятностей">Теория вероятностей</a> и <a href="https://ru.wikipedia.org/wiki/%D0%9C%D0%B0%D1%82%D0%B5%D0%BC%D0%B0%D1%82%D0%B8%D1%87%D0%B5%D1%81%D0%BA%D0%B0%D1%8F_%D1%81%D1%82%D0%B0%D1%82%D0%B8%D1%81%D1%82%D0%B8%D0%BA%D0%B0" title="Математическая статистика">математическая статистика</a></li><li><a href="https://ru.wikipedia.org/wiki/%D0%9C%D0%B0%D1%82%D0%B5%D0%BC%D0%B0%D1%82%D0%B8%D1%87%D0%B5%D1%81%D0%BA%D0%B0%D1%8F_%D0%BB%D0%BE%D0%B3%D0%B8%D0%BA%D0%B0" title="Математическая логика">Математическая логика</a>, <a href="https://ru.wikipedia.org/wiki/%D0%90%D0%BB%D0%B3%D0%B5%D0%B1%D1%80%D0%B0" title="Алгебра">алгебра</a> и <a href="https://ru.wikipedia.org/wiki/%D0%A2%D0%B5%D0%BE%D1%80%D0%B8%D1%8F_%D1%87%D0%B8%D1%81%D0%B5%D0%BB" title="Теория чисел">теория чисел</a></li><li><a href="https://ru.wikipedia.org/wiki/%D0%92%D1%8B%D1%87%D0%B8%D1%81%D0%BB%D0%B8%D1%82%D0%B5%D0%BB%D1%8C%D0%BD%D0%B0%D1%8F_%D0%BC%D0%B0%D1%82%D0%B5%D0%BC%D0%B0%D1%82%D0%B8%D0%BA%D0%B0" title="Вычислительная математика">Вычислительная математика</a></li><li><a href="https://ru.wikipedia.org/wiki/%D0%94%D0%B8%D1%81%D0%BA%D1%80%D0%B5%D1%82%D0%BD%D0%B0%D1%8F_%D0%BC%D0%B0%D1%82%D0%B5%D0%BC%D0%B0%D1%82%D0%B8%D0%BA%D0%B0" title="Дискретная математика">Дискретная математика</a> и математическая <a href="https://ru.wikipedia.org/wiki/%D0%9A%D0%B8%D0%B1%D0%B5%D1%80%D0%BD%D0%B5%D1%82%D0%B8%D0%BA%D0%B0" title="Кибернетика">кибернетика</a></li></ul>'),
	(91, 54, 5, 'instruction', 7, '<h2><span class="mw-headline">Математика как учебная дисциплина</span><span class="mw-editsection"><span class="mw-editsection-bracket">[</span><a href="https://ru.wikipedia.org/w/index.php?title=%D0%A0%D0%B0%D0%B7%D0%B4%D0%B5%D0%BB%D1%8B_%D0%BC%D0%B0%D1%82%D0%B5%D0%BC%D0%B0%D1%82%D0%B8%D0%BA%D0%B8&amp;veaction=edit&amp;vesection=2" title="Редактировать раздел «Математика как учебная дисциплина»" class="mw-editsection-visualeditor">править</a> | </span><a href="https://ru.wikipedia.org/w/index.php?title=%D0%A0%D0%B0%D0%B7%D0%B4%D0%B5%D0%BB%D1%8B_%D0%BC%D0%B0%D1%82%D0%B5%D0%BC%D0%B0%D1%82%D0%B8%D0%BA%D0%B8&amp;action=edit&amp;section=2" title="Редактировать раздел «Математика как учебная дисциплина»">править вики-текст</a><span class="mw-editsection-bracket">]</span></h2><p>Математика как учебная дисциплина подразделяется в Российской Федерации на <a href="https://ru.wikipedia.org/wiki/%D0%AD%D0%BB%D0%B5%D0%BC%D0%B5%D0%BD%D1%82%D0%B0%D1%80%D0%BD%D0%B0%D1%8F_%D0%BC%D0%B0%D1%82%D0%B5%D0%BC%D0%B0%D1%82%D0%B8%D0%BA%D0%B0" title="Элементарная математика">элементарную математику</a>, изучаемую в средней школе и образованную дисциплинами:</p><ul><li><a href="https://ru.wikipedia.org/wiki/%D0%90%D1%80%D0%B8%D1%84%D0%BC%D0%B5%D1%82%D0%B8%D0%BA%D0%B0" title="Арифметика">арифметика</a>,</li><li><a href="https://ru.wikipedia.org/wiki/%D0%AD%D0%BB%D0%B5%D0%BC%D0%B5%D0%BD%D1%82%D0%B0%D1%80%D0%BD%D0%B0%D1%8F_%D0%B0%D0%BB%D0%B3%D0%B5%D0%B1%D1%80%D0%B0" title="Элементарная алгебра">элементарная алгебра</a>,</li><li><a href="https://ru.wikipedia.org/wiki/%D0%AD%D0%BB%D0%B5%D0%BC%D0%B5%D0%BD%D1%82%D0%B0%D1%80%D0%BD%D0%B0%D1%8F_%D0%B3%D0%B5%D0%BE%D0%BC%D0%B5%D1%82%D1%80%D0%B8%D1%8F" title="Элементарная геометрия" class="mw-redirect">элементарная геометрия</a>: <a href="https://ru.wikipedia.org/wiki/%D0%9F%D0%BB%D0%B0%D0%BD%D0%B8%D0%BC%D0%B5%D1%82%D1%80%D0%B8%D1%8F" title="Планиметрия">планиметрия</a> и <a href="https://ru.wikipedia.org/wiki/%D0%A1%D1%82%D0%B5%D1%80%D0%B5%D0%BE%D0%BC%D0%B5%D1%82%D1%80%D0%B8%D1%8F" title="Стереометрия">стереометрия</a>,</li><li>теория элементарных функций и элементы анализа,</li></ul>'),
	(92, 54, 6, 'text', 1, '<p><fmath><mrow><mrow><mrow><mi>a</mi><msup><mi>x</mi> <span class="fm-script fm-inline"><mn>2</mn></span></msup></mrow><mo>+</mo><mrow><mi>b</mi><mi>x</mi></mrow></mrow><mo>+</mo><mi>c</mi></mrow></fmath><strong> = 0 </strong></p>'),
	(93, 54, 7, 'text', 1, '<p><strong><span style="background-color: rgb(192, 80, 77);">Последовательность решения квадратного уравнения</span></strong>\n</p>\n<p><span style="background-color: rgb(192, 80, 77);"><strong> <fmath><mrow><mrow><mrow><mi>a</mi><msup><mi>x</mi> <span class="fm-script fm-inline"><mn>2</mn></span></msup></mrow><mo>+</mo><mrow><mi>b</mi><mi>x</mi></mrow></mrow><mo>+</mo><mi>c</mi></mrow></fmath> = 0 </strong><strong>:</strong></span>\n</p>\n<p><span style="background-color: rgb(192, 80, 77);"><strong> • находим дискриминант </strong><strong> D = <fmath><msup><mi>b</mi> <span class="fm-script fm-inline"><mn>2</mn></span></msup></fmath> – <fmath><mrow><mrow><mn>4</mn><mi>a</mi></mrow><mi>c</mi></mrow></fmath> </strong><strong>;</strong></span>\n</p>\n<p><span style="background-color: rgb(192, 80, 77);"><strong> • если </strong><strong> D &lt; 0 </strong><strong>, то квадратное уравнение </strong><strong>не имеет корней </strong><strong>;</strong></span>\n</p>\n<p><span style="background-color: rgb(192, 80, 77);"><strong> • если </strong><strong> D = 0 </strong><strong>, то квадратное уравнение имеет </strong></span><strong><span style="background-color: rgb(192, 80, 77);">один корень x =</span> <fmath><span class="fm-vert fm-frac"></span></fmath></strong>\n</p>\n<table>\n<tbody>\n<tr>\n	<td><mrow><mi>–</mi><mi>b</mi></mrow>\n	</td>\n</tr>\n<tr>\n	<td><mrow><mn>2</mn><mi>a</mi></mrow>\n	</td>\n</tr>\n</tbody>\n</table><strong><br></strong>\n<p><strong> • если </strong><strong> D &gt; 0 </strong><strong>, то квадратное уравнение имеет </strong><strong>два корня</strong>\n</p>\n<p><strong> <fmath><msub><mi>x</mi> <span class="fm-script fm-inline"><mn>1</mn></span></msub></fmath> = <fmath><span class="fm-vert fm-frac"></span></fmath></strong>\n</p>\n<table>\n<tbody>\n<tr>\n	<td><mrow><mrow><mi>–</mi><mi>b</mi></mrow><mo>+</mo><mrow><mo>√</mo> <span class="fm-vert fm-radicand"><mi>D</mi></span></mrow></mrow>\n	</td>\n</tr>\n<tr>\n	<td><mrow><mn>2</mn><mi>a</mi></mrow>\n	</td>\n</tr>\n</tbody>\n</table><strong> </strong><strong>, </strong><strong> <fmath><msub><mi>x</mi> <span class="fm-script fm-inline"><mn>2</mn></span></msub></fmath> = <fmath><span class="fm-vert fm-frac">\n<table>\n<tbody>\n<tr>\n	<td><mrow><mrow><mi>–</mi><mi>b</mi></mrow><mo>−</mo><mrow><mo>√</mo> <span class="fm-vert fm-radicand"><mi>D</mi></span></mrow></mrow>\n	</td>\n</tr>\n<tr>\n	<td><mrow><mn>2</mn><mi>a</mi></mrow>\n	</td>\n</tr>\n</tbody>\n</table></span></fmath> </strong><strong>.</strong>'),
	(94, 49, 1, 'text', 1, '<p><a href="http://testitquickly.com/2009/09/09/vvodeste-loginu-la-adnaklassni6i/">http://testitquickly.com/2009/09/09/vvodeste-login...</a></p><p><a href="http://testitquickly.com/2009/09/09/vvodeste-loginu-la-adnaklassni6i/">http://testitquickly.com/2009/09/09/vvodeste-login...</a><span class="redactor-invisible-space"><br></span></p><p><span class="redactor-invisible-space"><a href="http://testitquickly.com/2009/09/09/vvodeste-loginu-la-adnaklassni6i/">http://testitquickly.com/2009/09/09/vvodeste-login...</a><span class="redactor-invisible-space"><br></span></span></p><p><span class="redactor-invisible-space"><span class="redactor-invisible-space"><a href="http://testitquickly.com/2009/09/09/vvodeste-loginu-la-adnaklassni6i/">http://testitquickly.com/2009/09/09/vvodeste-login...</a><span class="redactor-invisible-space"><br></span></span></span></p><p><span class="redactor-invisible-space"><span class="redactor-invisible-space"><span class="redactor-invisible-space"><a href="http://testitquickly.com/2009/09/09/vvodeste-loginu-la-adnaklassni6i/">http://testitquickly.com/2009/09/09/vvodeste-login...</a><span class="redactor-invisible-space"><br></span></span></span></span></p><p><span class="redactor-invisible-space"><span class="redactor-invisible-space"><span class="redactor-invisible-space"><span class="redactor-invisible-space"><a href="http://testitquickly.com/2009/09/09/vvodeste-loginu-la-adnaklassni6i/">http://testitquickly.com/2009/09/09/vvodeste-login...</a><span class="redactor-invisible-space"><br></span></span></span></span></span></p><p><span class="redactor-invisible-space"><span class="redactor-invisible-space"><span class="redactor-invisible-space"><span class="redactor-invisible-space"><span class="redactor-invisible-space"><a href="http://testitquickly.com/2009/09/09/vvodeste-loginu-la-adnaklassni6i/">http://testitquickly.com/2009/09/09/vvodeste-login...</a><span class="redactor-invisible-space"><br></span></span></span></span></span></span></p>'),
	(97, 53, 1, 'text', 1, '<p>111111111111111\n</p>'),
	(99, 14, 2, 'text', 1, '\\[x^{2}+5^{\\frac{\\partial }{\\partial x}}\\]\r\n'),
	(100, 59, 2, 'task', 5, '<p><br>\n</p>\n<p>Подобные ресурсы непосредственно используются создателями для получения прибыли от посетителей. При этом можно выделить несколько основных принципов монетизации онлайн ресурсов:\n</p>'),
	(101, 27, 1, 'text', 1, '<p><span style="color: rgb(149, 55, 52);"><span style="background-color: rgb(235, 241, 221);">швагиапаимриомримлчирорилапралпралпварпларпларпапрал</span><span style="background-color: rgb(235, 241, 221);"></span><span style="background-color: rgb(235, 241, 221);"></span></span></p>'),
	(102, 27, 2, 'text', 1, '<p><span style="color: rgb(255, 255, 0);">4. Монетизация</span>\r\n</p>\r\n<p><span style="background-color: rgb(31, 73, 125);"><em>Если рассматривать категоризацию сайтов с точки зрения монетизации, то речь идёт о принципах получения прибыли с данных ресурсов. И в этом случае, следует выделить следующие категории:</em></span>\r\n</p>\r\n<h3>4.1 Прямая монетизация</h3>\r\n<p><span style="color: rgb(255, 255, 0);">Подобные ресурсы непосредственно используются создателями для получения прибыли от посетителей. При этом можно выделить несколько основных принципов монетизации онлайн ресурсов:</span>\r\n</p>'),
	(104, 63, 1, 'text', 1, 'итмитмититмити'),
	(105, 1, 27, 'text', 1, '<p>v  ;soeijy lkrstjh l;kdrj dktypj kdrty jperk jp</p>'),
	(106, 50, 1, 'text', 1, '<p><br>\n</p>\n<p>            Hello World!dfbfzgnfhnm\n</p>'),
	(107, 50, 2, 'label', 8, '<p>"Мой дядя самых честных правил, <br>Когда не в шутку занемог, <br>Он уважать себя заставил <br>И лучше выдумать не мог. <br>Его пример другим наука; <br>Но, боже мой, какая скука <br>С больным сидеть и день и ночь, <br>Не отходя ни шагу прочь! <br>Какое низкое коварство <br>Полу-живого забавлять, <br>Ему подушки поправлять, <br>Печально подносить лекарство, <br>Вздыхать и думать про себя: <br>Когда же чорт возьмет тебя!" </p>'),
	(109, 50, 3, 'image', 9, '/images/lecture/b9f9d03a441739e0719070f374444a16.jpg"></p'),
	(110, 50, 4, 'instruction', 7, '<p>6г6г6гг6г6г6г6г6г6г6г6г6г6г6г6г6г6г6г6г6г6г6г6г6г6гг6г6г6гогогогогогогоеонеоноеноеннооггг</p>'),
	(112, 51, 2, 'final task', 6, '<p>Мы все учились понемногу <br>Чему-нибудь и как-нибудь, <br>Так воспитаньем, слава богу, <br>У нас немудрено блеснуть. <br>Онегин был, по мненью многих <br>(Судей решительных и строгих) <br>Ученый малый, но педант: <br>Имел он счастливый талант <br>Без принужденья в разговоре <br>Коснуться до всего слегка, <br>С ученым видом знатока <br>Хранить молчанье в важном споре <br>И возбуждать улыбку дам <br>Огнем нежданных эпиграмм. </p>'),
	(113, 51, 3, 'text', 1, '<p><a href="http://www.magister.msk.ru/library/pushkin/poetry/onegin.htm" target="_blank">http://www.magister.msk.ru/library/pushkin/poetry/onegin.htm</a>\n</p>'),
	(114, 52, 1, 'text', 1, '<p><a href="http://intita.itatests.com/lesson/index/73/?idCourse=1">http://intita.itatests.com/lesson/index/73/?idCour...</a>\n</p>\n<p><a href="http://intita.itatests.com/lesson/index/73/?idCourse=1">http://intita.itatests.com/lesson/index/73/?idCour...</a><span class="redactor-invisible-space"><br></span>\n</p>\n<p><span class="redactor-invisible-space"><a href="http://intita.itatests.com/lesson/index/73/?idCourse=1">http://intita.itatests.com/lesson/index/73/?idCour...</a><span class="redactor-invisible-space"><br></span></span>\n</p>\n<p><span class="redactor-invisible-space"><span class="redactor-invisible-space"><a href="http://intita.itatests.com/lesson/index/73/?idCourse=1">http://intita.itatests.com/lesson/index/73/?idCour...</a><span class="redactor-invisible-space"><br></span></span></span>\n</p>\n<p><span class="redactor-invisible-space">gfdgfdfgdf</span>\n</p>'),
	(115, 52, 2, 'text', 1, '<p>tyuytiuiuiyuruiuiuiu</p><p><img src="/images/lecture/14b121c40847cd1005ed5b1cbdca9999.jpg"></p>'),
	(116, 52, 3, 'text', 1, '<p><strong>Высокой страсти не имея <br>Для звуков жизни не щадить, </strong><br><em>Не мог он ямба от хорея, <br>Как мы ни бились, отличить. </em><br><del>Бранил Гомера, Феокрита; <br>Зато читал Адама Смита,</del> <br><u>И был глубокий эконом, <br><span style="background-color: rgb(31, 73, 125);">То есть, умел судить о том, </span></u><br><span style="font-size: 18px;">Как государство богатеет, <br>И чем живет, и почему <br>Не нужно золота ему, <br>Когда <i>простой продукт</i> имеет. </span><br><span style="color: rgb(31, 73, 125);">Отец понять его не мог <br>И земли отдавал в залог. </span><span style="color: rgb(31, 73, 125);"></span></p>'),
	(117, 52, 4, 'formula', 10, '\\[5+7=12+x^{2}\\]\r'),
	(118, 52, 5, 'text', 1, '<p><span class="MathJax_Preview" style="color: inherit;"><span class="MJXc-math MJXc-display" id="MJXc-Span-12"><span class="MJXc-msubsup" id="MJXc-Span-13"><span class="MJXc-mo" id="MJXc-Span-14" style="margin-left: 0em; margin-right: 0.05em;"><span class="MJXc-largeop MJXc-int">∫</span></span><span class="MJXc-script-box" style="height: 2.1em; vertical-align: -0.7em;"><span class=" MJXc-script"><span style="margin-bottom: -0.25em;"><span class="MJXc-mrow" id="MJXc-Span-17"><span class="MJXc-mn" id="MJXc-Span-18">1</span><span class="MJXc-mrow" id="MJXc-Span-19"><span class="MJXc-mo" id="MJXc-Span-20">(</span><span class="MJXc-mi MJXc-italic" id="MJXc-Span-21">x</span><span class="MJXc-mo" id="MJXc-Span-22">)</span></span></span></span></span><span class=" MJXc-script"><span style="margin-top: -0.85em;"><span class="MJXc-mrow" id="MJXc-Span-15"><span class="MJXc-mn" id="MJXc-Span-16">0</span></span></span></span></span></span></span></span>\\int_{0}^{1\\left ( x \\right )}\n</p>'),
	(119, 52, 6, 'text', 1, '\\[\\int_{0}^{1}\\left \\{ 5+5 \\right \\}\\]\r\n'),
	(120, 52, 7, 'text', 1, '\\[\\frac{a}{b}+^x{2}\\]\r\n'),
	(121, 52, 8, 'text', 1, '<p><span class="MathJax_Preview" style="color: inherit;"><span class="MJXc-math MJXc-display" id="MJXc-Span-34"><span class="MJXc-mfrac" id="MJXc-Span-35" style="vertical-align: 0.25em;"><span class="MJXc-box"><span class="MJXc-mi MJXc-italic" id="MJXc-Span-36">a</span></span><span class="MJXc-box" style="margin-top: -0.6em;"><span class="MJXc-denom"><span class="MJXc-rule" style="border-top-width: 1px; border-top-style: solid; margin: 0.1em 0px;"></span><span class="MJXc-box"><span class="MJXc-mi MJXc-italic" id="MJXc-Span-37">b</span></span></span></span></span><span class="MJXc-msubsup" id="MJXc-Span-38"><span class="MJXc-mo" id="MJXc-Span-39" style="margin-left: 0.267em; margin-right: 0.05em;">+</span><span class="MJXc-mi MJXc-italic MJXc-script" id="MJXc-Span-40" style="vertical-align: 0.5em;">x</span></span><span class="MJXc-mrow" id="MJXc-Span-41"><span class="MJXc-mn" id="MJXc-Span-42">2</span></span></span></span>\\frac{a}{b}+^x{2}\n</p>'),
	(122, 52, 9, 'text', 1, '\\[\\frac{\\tfrac{a}{d}}{c}\\]\r\n'),
	(123, 52, 10, 'text', 1, '\\[\\frac{\\tfrac{s}{5}}{8}\\]\r\n\\[\\sum \\Upsilon \\Sigma \\Pi\\]\r\n'),
	(125, 78, 1, 'text', 1, '\\[ghfgfhjf\\]\r\n'),
	(126, 78, 2, 'text', 1, '\\[gggjkgjkgjkjkgjgghghjfgjhmmnmnmb\\]\r\n'),
	(127, 27, 3, 'text', 1, '<p><span style="color: inherit;" class="MathJax_Preview"></span>\n</p>\n<div style="text-align: center;" class="MathJax_Display"><span style="" ""="" "" class="MathJax"><nobr><span style="width: 17.078em; display: inline-block;" role="math" id="MathJax-Span-1" class="math"><span style="display: inline-block; position: relative; width: 15.234em; height: 0px; font-size: 112%;"><span style="position: absolute; clip: rect(1.873em, 1000em, 3.208em, -1000em); top: -2.79em; left: 0em;"><span id="MathJax-Span-2" class="mrow"><span style="font-family: MathJax_Math; font-style: italic;" id="MathJax-Span-3" class="mi">g<span style="display: inline-block; overflow: hidden; height: 1px; width: 0.003em;"></span></span><span style="font-family: MathJax_Math; font-style: italic;" id="MathJax-Span-4" class="mi">h</span><span style="font-family: MathJax_Math; font-style: italic;" id="MathJax-Span-5" class="mi">g<span style="display: inline-block; overflow: hidden; height: 1px; width: 0.003em;"></span></span><span style="font-family: MathJax_Math; font-style: italic;" id="MathJax-Span-6" class="mi">h</span><span style="font-family: MathJax_Math; font-style: italic;" id="MathJax-Span-7" class="mi">f<span style="display: inline-block; overflow: hidden; height: 1px; width: 0.06em;"></span></span><span style="font-family: MathJax_Math; font-style: italic;" id="MathJax-Span-8" class="mi">g<span style="display: inline-block; overflow: hidden; height: 1px; width: 0.003em;"></span></span><span style="font-family: MathJax_Math; font-style: italic;" id="MathJax-Span-9" class="mi">f<span style="display: inline-block; overflow: hidden; height: 1px; width: 0.06em;"></span></span><span style="font-family: MathJax_Math; font-style: italic;" id="MathJax-Span-10" class="mi">n</span><span style="font-family: MathJax_Math; font-style: italic;" id="MathJax-Span-11" class="mi">h</span><span style="font-family: MathJax_Math; font-style: italic;" id="MathJax-Span-12" class="mi">h</span><span style="font-family: MathJax_Math; font-style: italic;" id="MathJax-Span-13" class="mi">k</span><span style="font-family: MathJax_Math; font-style: italic;" id="MathJax-Span-14" class="mi">b</span><span style="font-family: MathJax_Math; font-style: italic;" id="MathJax-Span-15" class="mi">b</span><span style="font-family: MathJax_Main;" id="MathJax-Span-16" class="mo">.</span><span style="font-family: MathJax_Math; font-style: italic; padding-left: 0.167em;" id="MathJax-Span-17" class="mi">n</span><span style="font-family: MathJax_Main;" id="MathJax-Span-18" class="mo">,</span><span style="padding-left: 0.167em;" id="MathJax-Span-19" class="texatom"><span id="MathJax-Span-20" class="mrow"><span style="font-family: MathJax_Main;" id="MathJax-Span-21" class="mo">/</span></span></span><span style="font-family: MathJax_Math; font-style: italic;" id="MathJax-Span-22" class="mi">m</span><span style="font-family: MathJax_Main;" id="MathJax-Span-23" class="mo">.</span><span style="padding-left: 0.167em;" id="MathJax-Span-24" class="texatom"><span id="MathJax-Span-25" class="mrow"><span style="font-family: MathJax_Main;" id="MathJax-Span-26" class="mo">/</span></span></span><span style="font-family: MathJax_Math; font-style: italic;" id="MathJax-Span-27" class="mi">m</span><span style="font-family: MathJax_Main;" id="MathJax-Span-28" class="mo">.</span><span style="padding-left: 0.167em;" id="MathJax-Span-29" class="texatom"><span id="MathJax-Span-30" class="mrow"><span style="font-family: MathJax_Main;" id="MathJax-Span-31" class="mo">/</span></span></span><span style="font-family: MathJax_Math; font-style: italic;" id="MathJax-Span-32" class="mi">m</span><span style="font-family: MathJax_Math; font-style: italic;" id="MathJax-Span-33" class="mi">n</span><span style="font-family: MathJax_Main;" id="MathJax-Span-34" class="mo">,</span><span style="font-family: MathJax_Math; font-style: italic; padding-left: 0.167em;" id="MathJax-Span-35" class="mi">m</span></span><span style="display: inline-block; width: 0px; height: 2.79em;"></span></span></span><span style="border-left: 0em solid; display: inline-block; overflow: hidden; width: 0px; height: 1.245em; vertical-align: -0.342em;"></span></span></nobr></span>\n</div>ghghfgfnhhkbb.n,/m./m./mn,m'),
	(128, 31, 1, 'label', 8, '<p>PPPPPPPPPPPPPPPP</p><p><br></p>'),
	(129, 31, 2, 'video', 2, '//www.youtube.com/embed/1hkb2uuHk2g"'),
	(130, 31, 3, 'label', 8, '<pre> <b><a name="tema5"></a>Тема 5. Кривые второго порядка.</b></pre>'),
	(131, 31, 4, 'text', 1, '<pre>К кривым второго порядка относят кривые, записанные уравнением Ах<sup>2</sup> + Вху + Су<sup>2</sup> + Ех + Ду + F = 0. В зависимости от значений коэффициентов (вещественные числа) это могут быть окружность, эллипс, гипербола, парабола. Эти кривые были известны с глубокой древности. Все эти кривые суть сечения прямого кругового конуса плоскостями (конические сечения). <b>Эллипс.</b> Эллипсом называется геометрическое место точек, сумма расстояний которых от двух данных точек F<sub>1</sub> и F<sub>2</sub> (фокусов) есть величина постоянная 2а, большая F<sub>1</sub>F<sub>2</sub>. Каноническое уравнение (простейшее) уравнение эллипса: х<sup>2</sup>/а<sup>2</sup> + у<sup> 2</sup>/в<sup>2</sup> =1 Эллипс, заданный таким уравнением симметричен относительно осей координат (рис 1) <table class="dip"><tbody><tr><td></td></tr><tr><td></td><td><p><img src="http://works.tarefer.ru/50/100134/pics/image045.gif" unselectable="on"></p></td></tr></tbody></table> М (х,у) – произвольная точка эллипса, (х,у) – текущие координаты этой точки. Все точки эллипса удовлетворяют условию: F<sub>1</sub>M + F<sub>2</sub>M=2a. а,в называются полуосями эллипса, а – большая полуось, в – малая полуось. F<sub> 1</sub> и F<sub>2</sub> – фокусы эллипса находятся на оси ох на расстоянии С= <sub><img src="http://works.tarefer.ru/50/100134/pics/image046.gif" unselectable="on"></sub><sup> 2</sup> – в<sup>2</sup>) от центра О. Отношение с/а = Е называется эксцентриситетом эллипса.</pre>'),
	(132, 31, 5, 'example', 4, '<pre><b>Пример 1.</b> 1)Написать уравнение эллипса, если а=4, в=3; 2)Найти координаты фокусов; 3)Найти Е. <b>Ответ:</b> 1) х<sup>2</sup>/16 + у<sup>2</sup>/9=1; 2) С= <sub><img src="http://works.tarefer.ru/50/100134/pics/image047.gif" unselectable="on"></sub>= <sub><img src="http://works.tarefer.ru/50/100134/pics/image048.gif" unselectable="on"></sub>, F<sub>1</sub> (- <sub><img src="http://works.tarefer.ru/50/100134/pics/image048.gif" unselectable="on"></sub>, 0); F<sub>2</sub> ( <sub><img src="http://works.tarefer.ru/50/100134/pics/image048.gif" unselectable="on"></sub>, 0); 3)Е = с/а = <sub><img src="http://works.tarefer.ru/50/100134/pics/image048.gif" unselectable="on"></sub>/4 &lt; 1.</pre>'),
	(133, 80, 1, 'text', 1, '<p>Якщо підходити формально, то програмування - це діяльність людини спрямована на розробку, реалізацію, тестування та підтримку комп’ютерних програм.\n</p>\n<p>У широкому розумінні програмування - це процес розробки та реалізації будь-якого програмного продукту (операційної системи, програми для побутової техніки, програм та ігор для комп’ютерів, телефонів, планшетів, веб-сайтів та інше).\n</p>\n<p>У вузькому розумінні - це процес кодування певного, попередньо розробленого, алгоритму.\n</p>\n<p>Можливо програмування це наука? Адже щоб бути програмістом потрібно володіти математичними прийомами, знати математичні формули. Вирішення певного кола задач вимагає від програміста знання фізики, уміння користуватись фізичними формулами.\n</p>\n<p>Але програмування не має власної системи знань. Немає чітко визначеної закономірності створення програм.\n</p>\n<p>Отже неможливо сказати, що програмування це наука.\n</p>\n<p>Тоді можливо програмування це мистецтво?\n</p>\n<p>Адже щоб бути програмістом треба мати натхнення. Без натхнення у програмуванні не обійтись. Чим складніше завдання, тим складніше витягти натхнення з підсвідомості. Іноді для цього потрібні часи, іноді - тижні. Програмісти, як і митці, застосовують при написанні програм певні техніки та технології.\n</p>\n<p>Але художники, музиканти, поети, письменники та інші митці, коли пишуть свої твори, намагаються відобразити своє сприйняття світу, виразити свої почуття…\n</p>\n<p>Погодьтесь, що важко уявити програміста, який через написання програми намагається показати людям своє світосприйняття, або свої почуття.\n</p>\n<p>Програмування поєднує у собі як і науку, так і мистецтво. Програміста можна порівняти зі столяром. Наприклад столяр отримав замовлення на виробництво дверей. Щоб двері були якісні, необхідно зробити їх креслення, врахувати особливості їх використання, зробити все “по науці”. Проте в замовник забажав, щоб столяр прикрасив двері, адже це будуть вхідні двері у будинок. Тут майстер застосовує своє вміння митця, щоб зробити на дверях певний візерунок.\n</p>\n<p>Отже можна зробити висновок, що програмування - не мистецтво та не наука - це ремесло. Щоб стати майстром своєї справи столяр вчився, переймав науку у вчителів, вдосконалювався самостійно та отримував досвід. Так само і програміст - якщо програміст бажає стати професіоналом своєї справи він має вчитись постійно, працювати та отримувати досвід.<br>\n</p>'),
	(134, 80, 2, 'video', 2, '//www.youtube.com/embed/7N1u-BsRzcg"'),
	(135, 31, 6, 'task', 5, '<pre>Дана гипербола х²-4у²=16. 1)Написать каноническое уравнение гиперболы; 2)Найти вещественную и мнимую полуоси; 3) Найти асимптоты гиперболы; 4) Вычислить эксцентриситет Е.</pre>'),
	(136, 31, 7, 'instruction', 7, '<pre><b>Парабола.</b> Параболой называется геометрическое место точек, одинаково удаленных от данной точки (фокуса) и данной прямой (директрисы). Каноническое уравнение параболы имеет два вида: 1) у²= 2рх – парабола симметрична относительно ох (рис.3) 2) х²= 2ру – парабола симметрична относительно оу (рис.4) <table class="dip"><tbody><tr><td></td></tr><tr><td></td><td><p><img src="http://works.tarefer.ru/50/100134/pics/image058.gif" unselectable="on"></p></td></tr></tbody></table> РИС.3 0 <table class="dip"><tbody><tr><td><table class="dip"><tbody><tr><td>у</td></tr></tbody></table></td></tr></tbody></table> <img src="http://works.tarefer.ru/50/100134/pics/image059.gif" unselectable="on"><img src="http://works.tarefer.ru/50/100134/pics/image060.gif" unselectable="on">РИС.4 <table class="dip"><tbody><tr><td></td></tr><tr><td></td><td><p><img src="http://works.tarefer.ru/50/100134/pics/image061.gif" unselectable="on"></p></td></tr></tbody></table> М (х,у) – произвольная точка парабола, (х,у) – текущие координаты произвольной точки, х = -р/2 – уравнение директрисы. FM = d, где d – расстояние от точки М до директрисы. В обоих случаях вершина параболы находится на оси симметрии в начале координат 0. Парабола у² = 2рх имеет фокус F (р/2) и директрису х = - р/2 Парабола х = 2ру имеет фокус F (р/2) и директрису у = - р/2</pre>'),
	(137, 31, 8, 'final task', 6, '<pre>&lt;b&gt;ример 3.&lt;/b&gt; Построить параболы заданные уравнениями: 1) у² = 4х; 2) у² = -4х; 3) х² =4у; 4) х² =-4у; а так же их фокусы и директрисы и написать уравнения директрис.\n</pre>'),
	(138, 31, 9, 'formula', 10, 'bvcbxvxv'),
	(139, 31, 10, 'formula', 10, '\\[\\large fhjfhghkgjkjg\\]\r'),
	(140, 82, 1, 'text', 1, '<p>уенкегнгнег</p><p>елоелнкоорлр</p><p>уклоелоронроплр</p><p>лопаппрпрплаппла</p><p>валопдплорпролп</p>'),
	(141, 82, 2, 'text', 1, '<p style="margin-left: 20px;">!@#$%^&amp;*()_++_)(*&amp;^%$#@!!@#$%^&amp;*()_++_)(*&amp;^%$#@!\n</p>'),
	(142, 82, 3, 'label', 8, '<p>!@#$%^&amp;*()_++_)(*&amp;^%$#@!!@#$%^&amp;*()_++_)(*&amp;^%$#@!</p>'),
	(143, 82, 4, 'instruction', 7, '<p>!@#$%^&amp;*()_++_)(*&amp;^%$#@!!@#$%^&amp;*()_++_)(*&amp;^%$#@!</p>'),
	(144, 82, 5, 'final task', 6, '<p>!@#$%^&amp;*()_++_)(*&amp;^%$#@!!@#$%^&amp;*()_++_)(*&amp;^%$#@!</p>'),
	(145, 82, 6, 'example', 4, '<p>!@#$%^&amp;*()_++_)(*&amp;^%$#@!!@#$%^&amp;*()_++_)(*&amp;^%$#@!</p>'),
	(146, 82, 7, 'text', 1, '<p><span class="MathJax_Preview" style="color: inherit;"></span>\n</p>\n<div class="MathJax_Display" style="text-align: center; margin-left: 20px;"><span class="MathJax" id="MathJax-Element-1-Frame"><nobr><span class="math" id="MathJax-Span-1" role="math" style="width: 20.483em; display: inline-block;"><span style="display: inline-block; position: relative; width: 18.251em; height: 0px; font-size: 112%;"><span style="position: absolute; clip: rect(1.677em 1000.003em 2.96em -999.997em); top: -2.564em; left: 0.003em;"><span class="mrow" id="MathJax-Span-2"><span class="mi" id="MathJax-Span-3" style="font-family: MathJax_Math-italic;">h</span><span class="mi" id="MathJax-Span-4" style="font-family: MathJax_Math-italic;">g<span style="display: inline-block; overflow: hidden; height: 1px; width: 0.003em;"></span></span><span class="mi" id="MathJax-Span-5" style="font-family: MathJax_Math-italic;">j</span><span class="mi" id="MathJax-Span-6" style="font-family: MathJax_Math-italic;">h</span><span class="mi" id="MathJax-Span-7" style="font-family: MathJax_Math-italic;">h</span><span class="mi" id="MathJax-Span-8" style="font-family: MathJax_Math-italic;">j</span><span class="mi" id="MathJax-Span-9" style="font-family: MathJax_Math-italic;">h</span><span class="mi" id="MathJax-Span-10" style="font-family: MathJax_Math-italic;">j</span><span class="mi" id="MathJax-Span-11" style="font-family: MathJax_Math-italic;">h</span><span class="mi" id="MathJax-Span-12" style="font-family: MathJax_Math-italic;">j</span><span class="mi" id="MathJax-Span-13" style="font-family: MathJax_Math-italic;">h</span><span class="mi" id="MathJax-Span-14" style="font-family: MathJax_Math-italic;">g<span style="display: inline-block; overflow: hidden; height: 1px; width: 0.003em;"></span></span><span class="mi" id="MathJax-Span-15" style="font-family: MathJax_Math-italic;">d<span style="display: inline-block; overflow: hidden; height: 1px; width: 0.003em;"></span></span><span class="mi" id="MathJax-Span-16" style="font-family: MathJax_Math-italic;">f<span style="display: inline-block; overflow: hidden; height: 1px; width: 0.059em;"></span></span><span class="mi" id="MathJax-Span-17" style="font-family: MathJax_Math-italic;">g<span style="display: inline-block; overflow: hidden; height: 1px; width: 0.003em;"></span></span><span class="mi" id="MathJax-Span-18" style="font-family: MathJax_Math-italic;">f<span style="display: inline-block; overflow: hidden; height: 1px; width: 0.059em;"></span></span><span class="mi" id="MathJax-Span-19" style="font-family: MathJax_Math-italic;">d<span style="display: inline-block; overflow: hidden; height: 1px; width: 0.003em;"></span></span><span class="mi" id="MathJax-Span-20" style="font-family: MathJax_Math-italic;">f<span style="display: inline-block; overflow: hidden; height: 1px; width: 0.059em;"></span></span><span class="mi" id="MathJax-Span-21" style="font-family: MathJax_Math-italic;">b</span><span class="mi" id="MathJax-Span-22" style="font-family: MathJax_Math-italic;">v</span><span class="mi" id="MathJax-Span-23" style="font-family: MathJax_Math-italic;">n</span><span class="mi" id="MathJax-Span-24" style="font-family: MathJax_Math-italic;">m</span><span class="mi" id="MathJax-Span-25" style="font-family: MathJax_Math-italic;">h</span><span class="mi" id="MathJax-Span-26" style="font-family: MathJax_Math-italic;">v</span><span class="mi" id="MathJax-Span-27" style="font-family: MathJax_Math-italic;">c</span><span class="mi" id="MathJax-Span-28" style="font-family: MathJax_Math-italic;">g<span style="display: inline-block; overflow: hidden; height: 1px; width: 0.003em;"></span></span><span class="mi" id="MathJax-Span-29" style="font-family: MathJax_Math-italic;">h</span><span class="mi" id="MathJax-Span-30" style="font-family: MathJax_Math-italic;">g<span style="display: inline-block; overflow: hidden; height: 1px; width: 0.003em;"></span></span><span class="mi" id="MathJax-Span-31" style="font-family: MathJax_Math-italic;">h</span><span class="mi" id="MathJax-Span-32" style="font-family: MathJax_Math-italic;">g<span style="display: inline-block; overflow: hidden; height: 1px; width: 0.003em;"></span></span><span class="mi" id="MathJax-Span-33" style="font-family: MathJax_Math-italic;">c</span><span class="mi" id="MathJax-Span-34" style="font-family: MathJax_Math-italic;">b</span><span class="mi" id="MathJax-Span-35" style="font-family: MathJax_Math-italic;">n</span><span class="mi" id="MathJax-Span-36" style="font-family: MathJax_Math-italic;">g<span style="display: inline-block; overflow: hidden; height: 1px; width: 0.003em;"></span></span><span class="mi" id="MathJax-Span-37" style="font-family: MathJax_Math-italic;">f<span style="display: inline-block; overflow: hidden; height: 1px; width: 0.059em;"></span></span></span><span style="display: inline-block; width: 0px; height: 2.57em;"></span></span></span><span style="border-left-width: 0.003em; border-left-style: solid; display: inline-block; overflow: hidden; width: 0px; height: 1.128em; vertical-align: -0.309em;"></span></span></nobr></span>\n</div>hgjhhjhjhjhgdfgfdfbvnmhvcghghgcbngf'),
	(147, 27, 4, 'code', 3, '<p><a href="cgvjhj" target="_blank">tyyuui</a>\n</p>'),
	(148, 27, 5, 'text', 1, '<p>hgfgfdgdg\n</p>\n<p>jhjgjgfhgfhfh\n</p>\n<p>jkhkjgjgfhfhfh\n</p>'),
	(149, 27, 6, 'instruction', 7, '<p>Профессиональный преподаватель бухгалтерского и налогового учета Национальноготранспортного университета кафедры финансов, учета и аудита со стажем преподавательской работы более 25 лет. Закончила аспирантуру, автор 36 научных работ в области учета и аудита, в т.ч. уникальной обучающей методики написания бухгалтерских проводок: <strong>"Как украсть и не сесть" </strong>и <strong>"Как украсть и посадить другого" </strong>.</p><p>Главный бухгалтер акционерного предприятия, специализирующегося на:</p><ul><li>оказании полезных услуг горизонтального характера;</li><li>торговле, внешнеэкономической и внутреннеэкономической;</li><li>позитивное обучение швейного мастерства;</li></ul>'),
	(151, 83, 1, 'text', 1, '<p>У першу чергу треба мати бажання, як і у будь-якій справі. Ще потрібно мати терпіння, адже програмування - кропітка робота. Для написання програми та досягнення певного результату може знадобитись багато часу. Більша частка якого піде на тестування програми, пошук та виправлення помилок.</p><p>Треба володіти математичними прийомами. Але програмування не потребує глибоких знань математики (окрім реалізації специфічних програм). Знання математики необхідно для логічного мислення, яке є основою розробки програмного забезпечення. </p><p>Дуже велика кількість інформації щодо останніх технологій програмування викладена на англійській мові. Знання останіх тенденцій необхідно для підтримки знань програміста у актуальному стані. Саме тому знання англійської мови життєво важливо для програміста який бажає стати справжнім професіоналом своєї справи. Крім того, важливо знати де і як знайти потрібну інформацію, адже пам’ятати все неможливо.</p><p>Необхідно знати і розуміти принципи функціонування комп’ютера, адже це основний робочий інструмент програміста.</p><p>І звичайно потрібно знати мову програмування. А для того, щоб бути висококласним програмістом потрібно знати не одну мову програмування а певний набір (“стек” - від англійського слова stack - набор, пачка) технологій які використовуються для вирішення завдань, які ставляться перед програмістами. В цей стек технологій входять мови програмування, технології, які застосовуються у програмуванні, технології по роботі з базами даних та інше. Наприклад веб-програміст має знати та орієнтуватись у таких технологіях як - HTML, CSS, JavaScript, PHP.</p><p>На початку 70 років вчений А. П. Єршов сказав “Програміст має володіти здатністю першокласного математика до абстракції та логічного мислення у поєднанні з едісоновським талантом створювати все, що завгодно з нуля та одиниці. Він має поєднувати акуратність бухгалтера з проникливістю розвідника, фантазію автора детективних романів з тверезою практичністю економіста.”</p>'),
	(152, 83, 3, 'final task', 6, '<p><strong>Знання яких мов є життеєво важливим для роботи програміста?</strong></p><ol><li>Української</li><li>Англійської</li><li>Мови машиних кодів</li><li>Мови програмування</li></ol>'),
	(154, 84, 2, 'text', 1, '<p>Мова програмування (англ. Programming language) — це штучна мова, створена для передачі команд машинам, зокрема комп\'ютерам. Мови програмування використовуються для створення програм, котрі контролюють поведінку машин, та запису алгоритмів.</p><p>Мову програмування визначає набір лексичних, синтаксичних і семантичних правил, що задають зовнішній вигляд програми і дії, які виконує комп\'ютер під її управлінням.</p><p>З часу створення перших програмованих машин було створено понад дві з половиною тисячі мов програмування. Щороку їх кількість поповнюється новими. Деякими мовами вміє користуватись тільки невелике число їх власних розробників, інші стають відомі мільйонам людей. Професійні програмісти зазвичай застосовують в своїй роботі декілька мов програмування.</p><p>Мова програмування - це перш за все інструмент діяльності програміста. На мову програмування впливає характер задач, які вирішуються за допомогою цієї мови програмування. Неможна вивчати мову заради вивчення мови програмування. Неможливо вивчати мову програмування без поєднання з програмуванням.</p>'),
	(155, 84, 1, 'image', 9, '/images/lecture/75911748454db02f89f7c0aae6e2a352.jpg"></p'),
	(156, 85, 1, 'text', 1, '<p>При розробці програми програміст має намагатись створити програму яка буде відповідати наступним критеріям.</p><ul><li>Ефективність: програма має виконувати покладені на неї задачі за оптимальну (тоб то мінімально можливу) кількість часу, без використання надмірної кількості ресурсів комп’ютера.</li><li>Надійність: алгоритми програми мають бути розроблені таким чином, що результат роботи програми завжди був вірний.</li><li>Стійкість: при розробці програми мають бути враховані нестандартні ситуації, наприклад отримання помилкових даних (випадково чи у результаті дій зловмисників), недоступність необхідних ресурсів (наприклад пам\'ять, локальна мережа).</li><li>Зручність: програма має бути максимально зручною та доступною для кінцевого користувача.</li><li>Переносимість: програма має працювати на різних комп’ютерах, операційних системах.</li><li>Масштабованість: програма має бути простою для подальшого супроводження та поліпшення.</li></ul>'),
	(157, 85, 3, 'task', 5, '<p><strong>Програма має бути:</strong></p><ol><li>стійкою</li><li>безкоштовною</li><li>ефективною</li><li>гарною</li><li>веселою</li><li>зручною</li></ol>'),
	(158, 86, 1, 'text', 1, '<p>Умовно процес програмування можна поділити на наступні етапи.</p><ol><li><strong>Постановка задачі, створення моделі програми. </strong>На цьому етапі програміст (команда програмістів) має описати задачу, визначитись з форматом вхідних та вихідних даних, створити певну логічну (математичну) модель програми.</li><li><strong>Планування та вибір методу рішення задачі. </strong>На цьому етапі обираються способи та підходи вирішення задачі, в залежності від розміру задачі та кількості розробників, виділяються окремі задачі, які виконуються окремими програмістами.</li><li><strong>Розробка алгоритму.</strong> Після визначення методів вирішення задач та виділення окремих підзадач, визначаються ефективні алгоритми функціонування різних частин програми. Відбувається узгодження взаємодії різних частин програми між собою та обираються оптимальні спосіб зберігання даних програми (як у оперативній пам’яті, так і у постійній).</li><li><strong>Кодування. </strong>Коли проведена попередня робота з розробки загальної схеми (архітектури) програми, визначені основні алгоритми за якими буде працювати програма, обрані найбільш доречні структури даних та способи зберігання інформації відбувається безпосередньо написання коду програми.</li><li><strong>Тестування</strong>. Після написання програми вона перевіряється з метою контролю якості програми: стійкості, надійності, зручності та інше.</li><li><strong>Аналіз результатів роботи програми, складання технічної документації. </strong>З початку процесу розробки програми складається технічна документація, на кожному етапі вона доповнюється, уточнюється. У результаті розробки програми має бути готова повноцінна технічна документація яка б дозволила у подальшому забезпечити розширення функціоналу програми (масштабованість).</li><li><strong>Подальше супроводження.</strong>  Цей етап полягає у підтримці функціонуванні програми, виправлені помилок, які виявляються у процесі експлуатації програми та вдосконалення функціоналу (за необхідності)</li></ol><p><span></span></p><p>Звичайно, в залежності від призначення програми, її масштабу та мети її роботи загальна схема розробки може бути значно простішою.</p>'),
	(159, 86, 3, 'task', 5, '<p>До якого етапу відносится процес процес перетворення алгоритму на зрозумілу комп’ютері мову?</p><ol><li>Постановка задачі, створення моделі програми.</li><li>Планування та вибір методу рішення задачі.</li><li>Розробка алгоритму.</li><li>Кодування.</li><li>Тестування.</li><li>Аналіз результатів роботи програми, складання технічної документації.</li><li>Подальше супроводження.</li></ol>'),
	(160, 87, 1, 'final task', 6, '<p><strong>На Ваш погляд, що таке програмування?</strong></p>'),
	(163, 89, 1, 'text', 1, '<p><strong>Частина 1</strong></p><p><strong>Нескінченний періодичний десятковий дріб</strong></p><p><em> </em><em>Нескінченний періодичний десятковий дріб</em> – десятковий дріб, у якому нескінченно повторюється певна група цифр. Мінімальна група цифр, яка повторюється, називається <em>періодом</em>. Період записується в круглих дужках.</p><p><strong><em> Наприклад</em>: <img src="https://lh4.googleusercontent.com/kcQj22wyvjDtqJCqMFZlL9xye5lDudjIEgycH6Iyx4MKygpaHX6PEGgNA8-DJE4GS2Ykej6NB0c1pC9R4taSRekGJXZxovJ3iI7IF22O2i7AQAsm_PEKoA8thw5mIMYsL-Q28-rgPESmBb6e" alt="\\frac{1}{3} = 0,333... = 0,(3);3,060606... = 3,(06);\\frac{8}{9} = 0,3111... = 0,3(1)">.</strong></p><p><strong><em>Завдання: </em>Записати у вигляді періодичного дробу <strong><em><img src="https://lh3.googleusercontent.com/7rFir9Qap-iehQUpsW5XkiXIYtm9iY5hntQso8eiJzJYuma2B6svKuFIoSCulgg7ApTfFtyYS4BZTnuWRwaIBG5mdux_VvoXGl7ZFMTv9dVo-qnJGk0UblzFl1dFtDPxcLo6wPj0u8wDdtjk" width="100" height="217" style="width: 100px; height: 217px;"></em><strong><em><img src="https://lh3.googleusercontent.com/NTaXnoykImN1pzUu9Z5JtGVsVI66IhtANHxG7eSjlEzDo57yPlmXaW1yzLJTmRX9xPzSAqeWTEubhGHcIH2y5_gTxxAKRYWLium_gZlWUcwbQcwdLJuYhMEXTL0D5dxqUXeDwBrrX537LsWE" width="103" height="213" style="width: 103px; height: 213px;"></em></strong></strong></strong></p><p> Якщо період починається відразу після коми, то дріб називається <em>чисто періодичним</em>. Якщо ж період починається не відразу після коми, то дріб називається <em>змішаним періодичним</em>.</p><p><strong>Перетворення нескінченного десяткового </strong> <strong>періодичного дробу у звичайний</strong></p><p> Чисто періодичний десятковий дріб дорівнює звичайному дробу, чисельник якого є період, а знаменник – цифра 9, що записана стільки разів, скільки цифр у періоді.</p><p><strong><em> Наприклад</em>:<img src="https://lh5.googleusercontent.com/rLJXhPm0aDyI-gxn8xL7fgPldDz6cnQYX3j9xcFjvVCKhUQAOuNOEOBbFDkgatawrg8TD4EZW7EONmCFAhJxlVzIfKRA3MsZEiyHnkb3kWROu48Gs_EEvQYbKmsWWf8VYD171Ffc3ZSKLZpM" width="229" height="50" style="width: 229px; height: 50px;">.</strong></p><p> Для того щоб перетворити змішаний нескінченний періодичний дріб на звичайний, треба від числа, що стоїть до другого періоду, відняти число, що стоїть до першого періоду. Потім записати цю різницю чисельником, а в знаменнику записати цифру 9 стільки разів, скільки цифр у періоді, а після дев’яток дописати стільки нулів, скільки цифр стоїть між комою і першим періодом.</p><p><strong><em> Наприклад</em>:<img src="https://lh4.googleusercontent.com/r7ttIxV0t-AT25UONKfZNPDUFUWOrqftmYZd86TE__tU6eDnjrpaydsHUkGymE5v-P4SDjVqIO48ixWGJD5eJt0Q79FEBA1b7NFjuv2v5QFftHKZTQDZn-9c3DYACOvlIZyQopjzWydNoH6u" width="248" height="50" style="width: 248px; height: 50px;">.</strong></p><p><strong><em>Завдання :</em>Перетворити періодичний дріб у звичайний 0,333</strong></p><p><strong>Частина 2 </strong></p><p><strong>Відношенням </strong>числа <em>а </em>до числа<em> b</em> називається частка чисел <em>а </em>і <em>b</em>, тобто <em>а/b </em>(або <em>а:b</em>). <strong>Пропорцією</strong> називається рівність двох відношень, тобто <img src="https://lh5.googleusercontent.com/fJbeh68iCMcUkFThtZV8HsLpcDeVz2QJFtoUNGh1tVPY-HaWqCfE6N1dlomFLUkwU1jMqNNeMzYbYjPOy-bW4uPqOK-OvW2uq8ylNEXVAUzh3rkeSMlAgkQ1Is7jfNY2hrgGHPRvLcqTurcf">; <em>а </em>і <em>п </em>називають крайніми членами пропорції, <em>b </em>і <em>т </em>– середніми членами пропорції.</p><p>Властивості пропорції</p><p>1) Добуток крайніх членів пропорції дорівнює добутку її середніх членів, тобто якщо <img src="https://lh6.googleusercontent.com/VlK4Oem7g74rJ28617P8EaDfnQ9sXnMRPeQ04bQ4kQHuhcoWTtQ0drZZiPqv47FlOuS-_8CL_p5fhMXMTEqmP9xvP1WEMEHexFcQ9WysSb7EdbIyJJSl36wNBKooYpYj_ac7GTxhDa9WFUgg">, то <img src="https://lh5.googleusercontent.com/lTG7qOqLjSCV_UWB5btD2zYoKONbGQzUhf9A1C8NkEC1adj39KQweRxeAzg5Gt6X07HxL8zz7alFFE8hCrcvACiposHEs9-4h6ipG6kuYk2ZNjMQw6t1Jg0jQ6fdBJ7yffxaN_U5Y-ZxpydR">.</p><p>2) Із пропорції <img src="https://lh6.googleusercontent.com/VlK4Oem7g74rJ28617P8EaDfnQ9sXnMRPeQ04bQ4kQHuhcoWTtQ0drZZiPqv47FlOuS-_8CL_p5fhMXMTEqmP9xvP1WEMEHexFcQ9WysSb7EdbIyJJSl36wNBKooYpYj_ac7GTxhDa9WFUgg">випливають такі пропорції <img src="https://lh6.googleusercontent.com/7Yp2-AjWHJS12PCEQ5gyzTr1_hR_aRo7rRdrtmESsaQ4OTJO9uCIfkStQXNDugGdNRxFBPioQK4ghtJGKlW9POBDweyfLbeCISgL_gBuxOTfr8MrycpWSJrT09sh2DgFOk-knY0TIxgv8ULB"><img src="https://lh5.googleusercontent.com/xd6L4NXMP1jIlqmo_bkXT4UfaXUwfa3YcVtow8zTqR8fNmx2nZhhG0fQejoYeGmJfHCCTpWfOO9dEhPqq_8eW4YH67G2tQwhfXruz4vywGJ7FUTYZuPz9xrxuLQ4fM-iViueTA3-KdhEYOlD">, <img src="https://lh4.googleusercontent.com/1BNIFFJLcOzCMmtS7hhxVsCM_jxRHK0oLI6Q0hYyTBTGC92tdhWFHJ7ltKDv2UND2K0z_GZB16Je1TwEF1ANhQHO6MEDR4t-MqJk_9Vc5mLc7U37dZ8oMuRyL4xYH367nlZRntmAen6ayZi8">, тобто в пропорції можна змінювати місцями крайні і середні члени або ті й інші одночасно.</p><p>3) Щоб знайти невідомий крайній (середній) член пропорції, треба добуток середніх (крайніх) членів поділити на відомий крайній (середній) член пропорції: <img src="https://lh4.googleusercontent.com/EDALzzGM4kbZMf7hP6wKIDbHwqiFdYQ11u7rxWQnXdEUHihBBrxN5O6rgDY5MDHKc6ODkVqUF2uMhcg5f8jsqHbaov_Xoi3CAlqsVFeqsiskvp-TlTsZf0bgnE-VFNiH0vr--KDGsw9XykoD"><img src="https://lh3.googleusercontent.com/yrj6cYrAlUBI8U5JC-BO7ul3Cg90022vycPugfuVoiab5uhRHikvABVWVoca2utw76-47wrSyNvDkbzM8dRcTAB22LXkq2p9pZvqogqOmzwHTm120QRHFfm8dk4E49BFLLSvA98qooDBC1w3"><img src="https://lh6.googleusercontent.com/W1u11Y-6-NZcrCkr8DEErfDTNRVOHBNIos6-EhvjBWyU0Mwwdoa1nirZk9b5d-pxxqSgfZoA_mFuAM-5Xmx5k2sqTavFWHdyaYnuDP1aMdptXrcYaDPkgWbEUgFOi7GYQV2ZMEYh5C5l-Srk"><img src="https://lh4.googleusercontent.com/i3C4dCsH9xHcO9bwQUOseXQUppuFF4nbtZd8_eEihIvw26Uz603rNN3GoasIP9vvVhOktQlQNqjT-c7tjAqkKruc7g453X-htTGXwNNhiZE1IlitqOnnSPdbCv2nyOW-oNEX6miDzXPMOXlF"></p><p>Наприклад: <img src="https://lh3.googleusercontent.com/yW-McUt4BKAa3WWVnEO3DKdutBEkH5byjlsZaxrbTC5aFXo9P-TL5Mr4U4d0cD9Z_7Wv4OQbtjvwXX-nF-1DKE6ivepjy7A4rCXW1C8-nHPZkDVKoxs3MO7DzM422Yr_Q0_UvnsoM8jdsZ4k">=<img src="https://lh3.googleusercontent.com/4d2jBaoM9QdI1TQyDlWE8V4qraFt2GcVYlR4ARl-owdrsVdRNgDipCUxLmQaJdt1vYLvZFlxT5QQ8bcVFlZz1hwu3qWI9JDG3zbU8pSELVhPN3Ztei_wH7j0NK9fXKntciEqO3yxs6P71Ehm">; <img src="https://lh4.googleusercontent.com/WQ_DgHRQk06mxfOkrxsHqziGClCwho_9-Inyg7ztvcG3dgVWVUCsDu4Ho7iPRzIfw1OBWh3yUVbo7elh3W5TlwnGuydTLz2Hli7XLRuE_kDa1KG6ZxRe6PBcRH0GFaCd_blwSNNwVObQg9Dn"></p><p><strong><em>Завдання: </em>Знайти х :<img src="https://lh5.googleusercontent.com/flWDoeFqqmwo2zE_qJwmFR6sKglEWvRw8wIC8NKu24AC2eHBmUUpLBR97UhVBhT51A0F-KmH1Q6wvDCRB2LNE_PyEC-xTLs3q1zZWImk8YWjgk25TT5EQNQ4aQTRAKK7nWS8uGeS-JaEPQvA" width="103" height="104" style="width: 103px; height: 104px;"></strong></p><p><strong>Частина 3 </strong></p><p><strong>Відсотки</strong></p><p>Основні співвідношення </p><p>1%=1/100=0,01 </p>\r\n<p>Соту частину будь-якої величини або числа називають відсотком (процентом). Це слово замінюють знаком %.<br><img src="https://lh5.googleusercontent.com/5DX2-mfVhDibI72SA3E4cz_2dWsVvuiPDq4DJAdio5CXhT2Q_W4aQZdvdhb_PToROU6nd_PTcs1ngxx0WxqsaXMQ9cFDApzo7K27I_xNLmLPIk-JdLEzfidZBlCb6cCNFEdtnpeGRMZT5Aq5"></p><p>Щоб перетворити десятковий дріб на відсотки, його треба помножити на 100.<br>Наприклад, 0,45 = 45%; 0,06 = 6%; 1,5 = 150%.</p><p>Щоб перетворити відсотки на десятковий дріб, треба число відсотків розділити на 100.<br>Наприклад, 40% = 0,4; 5% = 0,05; 120% = 1,2.</p><p>Є три основні задачі на відсотки:</p><ol><li>Знаходження частини <strong>b</strong> за відомим її відсотком <strong>q</strong> від даного числа <strong>a</strong>.<br><img src="https://lh6.googleusercontent.com/sIth9eJfMF91m2Le46_UubHML-jmtT5OUOwQyht6rJ6U28jjMUCDlJGVC1HfVtU_4qWVXSr_UHTgohQjZYkgi6G93f93x80O2QY4PMyPnmQm-aZfliBXC8GNRe-qLX2_D6TOeSdKepk1p2FD"></li></ol><p>Приклад. Знайти 30% від числа 180<br><img src="https://lh6.googleusercontent.com/wbFbQW6l-rA6XsUN1D8GxQoX-QjSl75vgi5meZ9I2eFPL14wjBYUcYiAg60reU1gyZRq9zPKJkHm3pcTPfvV83XuxUfGHg_JPQfWaFfiYT8CYAGd8kysDZ1W3EpaCCgtdwmWfnyJDI8y82pP"></p><p><strong><em>Завдання:</em> Знайти 20% від числа 120.</strong></p>\r\n<ol><li>Знаходження всього числа <strong>а</strong> за відомою частиною <strong>b</strong> і числом відповідних відсотків <strong>q</strong>.<br><img src="https://lh3.googleusercontent.com/N9drKnnTxVs1y9xcQw0_2x379wCiWaDookE8Xa4hEU9PV2imyPZwbobXKOVeN7lDTSfKvdR863FZGJJVpNwMqR1U-hWRD1iYHp1MeWD2IbTY_qHrucdbGZY1Fe3t7D5GMp9GWXXMwtQTWkJZ"></li></ol><p>Приклад. Знайти число, 20% якого складає 24<br><img src="https://lh4.googleusercontent.com/-cp5lbyQpYsjNk7QSYWlPKAA_rJiLhRM1bN1IIlYhrOeMlip313GNQr14vPrltWh7gdnI2xCDhLkHby0Z2zmKeU_Hw__Nygc4c_7djbUPb6TeF5ncIEQYm8JMLu7qv67AZXF8k5M7Nqnnlw1"></p><p><strong><em>Завдання:</em> Знайти число, 12% якого складає 60</strong></p>\r\n<ol><li>Знаходження відсотка числа <strong>b</strong> від числа <strong>а</strong>.<br><img src="https://lh6.googleusercontent.com/wQGYBoUl6CydZa1bu3KTJ52uWXBLu0kNjx3oVGt7ELceD8FgSEC2ZAgz3ftc3YEVIkdN_0aj4Arxub2E-YerT0oQ8GuTRZxKwiE1ehNaf16FWB0Pyo3uFa9SuFxoyYrSWe02ATPXn7wDm3Ie"></li></ol><p>Приклад. Скільки процентів складає число 0,5 від 20?<br><img src="https://lh6.googleusercontent.com/soTTZlV3LhOUjjk6j-_fVQdUMjA3OyfnQU9VKIDDb64dGI7jNfqFx1-2FD67yHWUu3MKBo8QgBrv9eYkEY8JaQvAP6U2_7TSqr3qF_PotFbIbU_RbhPf-_E36TjzvOgNiPU4kTVsQEr5xn5M"></p><p><strong><em>Завдання:</em> Скільки відсотків складає число 0,3 від 20?</strong></p><p><strong><em>Збільшення (зменшення) числа на декілька відсотків. Формула складних відсотків</em></strong></p><p><strong><img src="https://lh4.googleusercontent.com/FeQTqOYm_63Nyt_HTP-K6Fr1j0lCAxrBGUMhZv9nmx5WnuBath9H9bUd4gT55qL8kFdRzDysBl8FNeOOCu_B4mM8jzMNEyyjPj1Eo2JBTK0St3UMRcSKqky3ddYlC39-BjoxDomuWh7u_5Uv"></strong></p><p><strong><em>Завдання: </em>Первісний внесок в ощадбанк дорівнює 500 доларів, за рік нараховується 4%. Знайти суму внеску через 5 років.</strong></p><p><strong>Частина 4</strong></p><p><strong>Модуль і його властивості</strong></p><p>Модулем додатного числа називається саме це число, модулем від’ємного числа називається число, протилежне даному, модуль нуля дорівнює нулю.</p><p>Модуль числа α позначається символом |а| і читається «модуль числа а». Згідно з означенням:</p><p><img src="https://lh6.googleusercontent.com/nhkTPPTjDxYs1ze7RzcKD5hibXMdKayzqscl2wqhtuJjwGmsV0Ei-dIaQKAs4islnvnQaiS43uEQBrk-kxYJq-OipiCacDIgWErXxvF872tTNZRXpQ5PfMubmKkcy92XBYLzIMsaqc9k47cs"></p><p>Геометричним представленням модуля числа на координатній прямій є відстань від початку координат до точки, що зображує дане число.</p><p>Модулем числа +15 є 15. Модулем числа <img src="https://lh4.googleusercontent.com/GCnhCVkF0TKs9zeaI4ziNE4jC2GekIsmlG-V1uCOEIRj2GcLsEBX3v-JLNo19zaJW2QKsqzFG5Xl1bVfMEwrj4mq2ENePNRL9qEvjU7IHDeMqr1lUPfFoq8i6OSEw-2BmR3cKSYCbX6b5i9S" width="103" height="281" style="width: 103px; height: 281px;">є <img src="https://lh4.googleusercontent.com/yCiphlcHIY5wjcBXeFVA9OmI5dQEmQAp_lFds5YzScz5WtKdYPjUO_ypIZgEPRYy82cKNW9aabTUJFquZtdIO0_oEUNpdhcAAbYUVhtIJL5hvRDGmxo4TYtE6NQozaePobBy_W_S1ndoHiLW" width="104" height="278" style="width: 104px; height: 278px;" rel="width: 104px; height: 278px;">. </p><p>Модулем числа -20 є 20. Модулем числа -4,6 є 4,6.</p><p><img src="https://lh4.googleusercontent.com/MJpPTvA95lKBoO1cnAmAC3eDeidvJeXIvBqobp4V71Zj42Kf1S3lMna_MTSoxMwJuHK3F04C8ynp3Ro1thYa__3Ki0Qc2KPsQWBB7vV5GWyRJFcCIKHGHkSdy-Lt_EzR6NZl_qZYYJQBnnjI" width="132" height="50" style="width: 132px; height: 50px;"></p><p>Модуль числа <img src="https://lh5.googleusercontent.com/34ErC-1Hlm5nQkSoKc-G_UBvKCZGH38ycMjataj9Ni71d6xn14L3J71dsozKDltaX0CHC5ZGAyv7STJ0HbhqI5VBJNENl8xX6R0P1-2DwN2lt1MZfc5_YSAqYcsxH8Ucz09if8NuF9aocvyW" width="131" height="54" style="width: 131px; height: 54px;">;<img src="https://lh5.googleusercontent.com/bSaSs8zOVK0D_hM_6fC7FcsRGoEV4qI70hCrfarjEjQ7sMkJCGLqo-fuWqyxiVduPx61RlbYGqjHLCd3M3pWbDncidUQ6jRvMF3bPYN80P1-VXAkHcOytudRYFgf8zA7AxDuVfkcLb6F69HD" width="143" height="51" style="width: 143px; height: 51px;" rel="width: 143px; height: 51px;">;<img src="https://lh6.googleusercontent.com/MvBdTr-0gtnRiaI594PGVvEem5IlQrdT7J4QfQuNxQaNbukogbbViIxrTE_mUEdkt8WBE4TUcQnyTMXO-PIJbn_K09b8ydwZY2XbMaKBNeaTDVpOs4Q5iQEcInRhsdXS6fG3wC0l1hrOhpR7" width="131" height="52" style="width: 131px; height: 52px;">;<img src="https://lh6.googleusercontent.com/Oc6bREL_nhWxQDHkFUNiqa2sNfR9ODhuOgHoVkwtEes-fIFF5rvTch3MnDOPuDLADK7vscfvnO7Lr80u-FZ7x_kfc7Wi7CoY1G3WmrSIkIHReYn3BhzdqbhIdRD8qhPiPZXYG2o3RB68Mk5v" width="172" height="61" style="width: 172px; height: 61px;" rel="width: 172px; height: 61px;"> </p><p><strong>Будь-яке додатне число є модулем двох чисел: самого цього числа і протилежного йому числа.</strong> Наприклад, </p><p><img src="https://lh3.googleusercontent.com/WCqYMIG24W7qT8rJS51SmD2OpxK35RfOWYnHB6UQseu2TjZ48h9M9BeBAPXcPEYumjRHGvDBlOYfTjKR2WMUzbgfKhwM2jdfedIbpXr-1XYjbE4jHHpwXYXpDbWtCt4nSZ3cz12epWWTxrCt" width="104" height="95" style="width: 104px; height: 95px;"></p><p><strong>Властивості модуля</strong></p><p>1. <img src="https://lh6.googleusercontent.com/gKE-xMKc_k40LkYa2vzIezyQcMFADqeNZjm43x3MZ_sG9nePTXIxWPAJyyNz13wDohyIMWc-8vXtJqFHNTIWL1MnSwVM8lEKfJJe1mPM58WN96zMSAspFBgTM1VnOmMv3QgFKIb0ylCFM87b">.<br>2. Якщо <img src="https://lh4.googleusercontent.com/_l1r9DslMx8NCyDwpnGBaTUyrPVvTUSCsUQzZYEAXRntTAKCC_9woFeH_NSWJjvIEMDkVpwefu-iJqEu4S4f9VJQU8XSo71uvNZUWVRYUr03IDSm9YU0zWEUauPne_OJneZMXCO2UWjI296f">, то <img src="https://lh4.googleusercontent.com/3Mnc_in8v2XpXE8rvZWJsAGuqrSfNzqzI1AjjkRWMVr33OFCFlw6ExiNtffzyoghgMZ7rNtzUHEnEP5wssjkuwAhBIehMKrRWT6F-m9Jd-d_JxUF5K3dOnhslc-XX0xDibrjBISUpUanmiTK">.<br>3. Якщо <img src="https://lh6.googleusercontent.com/7DNbLbRDVhBcz4eyym4NgLYlyXf1HkWIIrCiNpYDEaoRV-ZCCLUkoeOtxX2AjzD7uA-SolCM1gXiaKXTULBnF_gR4PpFCLs520J4mm920lw4gqSPudi5lcQUP0aNTmcs9hwNhf4h0VvSsO5L">, то <img src="https://lh5.googleusercontent.com/2rwioeXNZHTXU_JmbefEnettHrrZ1va4S-5FkYIQ6DU8Kby3VhZ7odXwqUzE3otAthECn_u6zuZELKVkRz9DqEWfF8LS67ND03WbW3jRMhMP7o-LbM19ruL_Xtgp03dpiG00W5j3KpPJRAtg"><br>4. Модуль суми скінченного числа дійсних чисел не перевищує суми модулів цих чисел:<br><img src="https://lh4.googleusercontent.com/SvvrZcNwXrc47ye9XCTv_7WPjLNBQiWSWrI6TG2DF2YrsV2gMv7RCgObbJhpPbsIJ0tbZUAmt8dxrwNkToSn4fuAfS_MsZKtQXV7pTvPJXfcUArxApTFI2A-dFL9-PRlfcgepr4sSVYRQBMd">.<br>5. Модуль різниці не менший за різницю модулів цих чисел:<br><img src="https://lh4.googleusercontent.com/a5nrYImsdya1XwC0fwA8aaY12SqigWIfe2jVCDwgG8e8eB7ZJvByTszBcPtMXwcJE7cI-iJxiAnTs6VVFiKDqUVFC9FgftS6IlFzvvBdkFeBOLSCwpA2KaXhkk4d8NKqNvg28yAtCaBCoffw">.<br>6. Модуль добутку скінченного числа співмножників <img src="https://lh3.googleusercontent.com/EF4fLotrnCy80jHJsCQR7sPC48Cg5ZzK-uLpvdHVivDUPZQMkvActT9yhu3Nadj-p3w-PSZomUihfKUTqCbArfTwba1L7o5ZIcGT93gCdAhsj_ayxXayAqFib7S2Ez0aLDqHInOGzlva6iAj">, ..., <img src="https://lh5.googleusercontent.com/pzvkSNUUqUnVA3OftWZM_av1nAmmP3vOlwsh-e95mTFjAm-DF4Elv2PPf_egJr1pPk6rYuZtdK59MLYWMAII_XWER-k8c9_ghmRARyvZ8NGLjYC6ob_ufcLNjiCm0iEXRZbF1NmEswdt4HIT">дорівнює добутку модулів цих співмножників:<br><img src="https://lh3.googleusercontent.com/wmgorx_w6-WN-Uz1O_zOmB-IEGj4vfdnbViXzgWl61GLtRKhshf15mvTepy9QqgLi0Tyr180b9e3QWnEiV5c99kgunRxETqCE0IGdn1FnOb-QtKejFXQRYK0nhxSpSP4ujlrWzeostAQ5Qhm">.<br>7. Модуль частки дорівнює частці від ділення модуля діленого на модуль дільника:<br><img src="https://lh4.googleusercontent.com/isWBfYHvR1Cd-v1tQmeCP2m3P4Zkcz-YkSwlPvMOKo5KckLAfNspvbEbBP4fziKOO-oNL5TaisZpVIN54K7Mv93eSbIzrC7_2M3kVb4TFq8GvPJIu4P7ZxNP55BYAEMV7vo2wmgEJcXq9a4o">, якщо <img src="https://lh5.googleusercontent.com/QcsCmmfQPbv94Tx7Rv73W_e8MElgcGXqus8y9bo6xeip6PXg5FkFgLaGJa-vTq5ymj_skPVMTFBfhHTMDqwtHdTy8FycDwlsF_qKL421zfAhsZH3cSKDrfUQRr1nESAWluTMHXsT4c0SjzRp">.</p><p><strong><em>Завдання:</em> Знайти | <img src="https://lh5.googleusercontent.com/gB0A2U7tu_C1qyNP5aM_Mg15zZKikF7ClsfCHBSUP9SdUmYDvIyCJfFuGMYSz-Lqg12KQz-Yh3x3IjHUx4bAx3PS_m7caUDk0adMqrtmAXIBlr5guo72cDHg3rCknq9aWTKWLvny8WwhZzTW" width="101" height="281" style="width: 101px; height: 281px;"> | ;<img src="https://lh4.googleusercontent.com/zinhhC73Gf9zNZ6c-qUBr6miS70KeZ8xms3ri-6ZWxYsDEy40p_ppJHMrIY4yU4GTFII08-xhRbkH_MqldTJ1l1B2fDedz5yUuGoXaLerG-i69uRNUxcp4LbQojoK4TyKPskB5ZaNS5HYcF4" width="100" height="76" style="width: 100px; height: 76px;" rel="width: 100px; height: 76px;">;| - 0,7 | ;<img src="https://lh4.googleusercontent.com/78KRvha6nb4UlDOy1EwI4jf5hQFjFsNgW1p7pucnOBeyTVDaqxYNtFs57Ej6jJRd9cn1ekdcs12qztEl10x_AaGgNkmqrkrIIRom-EjlozMToOOmXFYXUWE4uPPW4BvNRTzREcWj8PxX5V3Z" width="331" height="213" style="width: 331px; height: 213px;">.</strong></p><p><br><br></p>'),
	(164, 90, 1, 'text', 1, '<p><strong>Вступ</strong></p><p>Мета заняття: розглянути поняття одночлена і многочленна, ознайомитися з основними формулами та діями над ними. Вивичення даної теми дасть можливість краще зрозуміти поняття переміної в програмуванні. </p><p><strong>Частина 1 </strong></p><p><strong>Буквені вирази. Числові значення буквених виразів</strong></p><p><em>Буквеним виразом</em> називають запис, у якому числа і букви з’єднано знаками дій.</p><p><strong><em> Наприклад</em>: <img src="https://lh5.googleusercontent.com/MQX3rzdIlIenNh3KnLywaLpcb__lMxPsg3BkVnClC6DjRvBQ45QWYZbmsfBHV0Syr1Y54SBYaBCyfBmIo4hRSTQr2j57jUn39xQz_-u2TZzDCJ2pTkifBvly6HboiMgzA8bb_2yjDMeUpzKQ" width="178" height="60" style="width: 178px; height: 60px;">– буквені вирази.</strong></p><p>Буквені вирази також називають <em>виразами зі змінними</em>, а букви – <em>змінними</em>. Якщо в буквений вираз замість букв підставити числа, то одержимо числовий вираз, значення якого називається <em>числовим значенням буквеного виразу при даних значеннях букв</em>.</p><p>Якщо вираз не містить ніяких інших дій, крім додавання, віднімання, множення, піднесення до натурального степеня і ділення, його називають <em>раціональним</em>.</p><p><strong><em> Наприклад</em>: <img src="https://lh3.googleusercontent.com/NCT3H4wHcPLN8vRa654msu6Y_B-XRhaQiZoUcAY4NwISke4HjPSXlufLGUoMvyNWaMuZm45iv-AnjWn0l_-b9pKBAItdH33NEM16ccxmaaVjkROmc8YY-pBz7l9ZDrSpp1N4izRTzzZ_SEqI" alt="2xy + x,\\frac{{a + b}}{{a - b}},\\frac{{3xy}}{{x + y}}"> - раціональні вирази.</strong></p><p>Раціональний вираз, який не містить ділення на вираз зі змінною, називають <em>цілим</em>.</p><p><strong><em>Наприклад</em>, x+y, 2xy- цілі вирази.</strong></p><p><strong>Одночлени</strong></p><p><em>Одночленом</em> називається добуток чисел, змінних та їх натуральних степенів, а також самі числа, змінні та їх натуральні числа.</p><p><strong><em>Наприклад</em>: 5a,6<img src="https://lh6.googleusercontent.com/-ZVBSECQYdclx6g1VZ-JrFoSeFWCKET8mMzVgar4BrJzEOFHJJ3EjUMmEphIqQUMIZiMcChJ8FbkFtNQK5XuuCkyJ40kcqljBSuUNSlVA4KysciUxE9KHDPQSMobWFUaR_mhzUsI45gbJRqP" width="101" height="102" style="width: 101px; height: 102px;">b,3x,xyz – одночлени.</strong></p><p><em>Одночлен стандартного вигляду</em> – одночлен, який містить тільки один числовий множник, що стоїть на першому місці, і степені з різними буквеними основами.</p><p><strong><em> Наприклад</em>: <img src="https://lh3.googleusercontent.com/xdw6yrNgfBE_iesSz0Xc76tpC5VBT7bGp5TQrPmAfPsffc_0ZxrAnbndJe4LvLbe1CVQIirfi6lo0nPgeuAu6QiUknUayZGdTIfmkX6FrLVDE-xlZFH3GhbJ0PK58u8RFIUpfHe6VJNfGdAB" width="315" height="59" style="width: 315px; height: 59px;">- одночлени стандартного вигляду.</strong></p><p><em>Коефіцієнтом одночлена</em> називають числовий множник одночлена стандартного вигляду.</p><p><strong><em>Наприклад</em>: коефіцієнтами одночленів <img src="https://lh4.googleusercontent.com/KA-CtiSgQUXq6319BqCc_m4jUybfDChJkBvYJRWpvPhAKA74Wdf94P-Q9P33SEAt7Sjp_qE3eLFiYb0oNOx_DsDp3OeefZRYTKmm_D30KNuiza2pyjXCd7Hv3R-KmZYzIEaHj4aN4hqIJK_u" width="308" height="61" style="width: 308px; height: 61px;"> є відповідно числа 5, -3, -1, 1. Коефіцієнти 1 та -1 в одночленах не записують.</strong></p><p><strong><em>Завдання :</em> Знайдіть коефіцієнт одночлена <img src="https://lh4.googleusercontent.com/tdITxRJOhtt5I3TIpwLbhnCmJvegfFWrQkUEp0BHC9tiO4ofqzz4Mt0ToilO9g1MHHV85-s0NtphJ7uFoBPJOVknVPZygCskszOf9PsVdlhcJfcMmieHYRxsa9iADVKbo_C_VoAZIqj_eZVE" width="152" height="56" style="width: 152px; height: 56px;"></strong></p><p> Щоб записати одночлен у стандартному вигляді, треба перемножити всі його числові множники й одержане число поставити на перше місце, а потім добутки однакових буквених множників записати у вигляді степенів.</p><p><strong><em>Наприклад</em>:<img src="https://lh5.googleusercontent.com/4SLZSkUWIi9Z5Tx-c9ycuEFC1ZUdmZQ0PrzMcp0IJG1OCitnS-NuiThuH_hMAhkfagWFr9tnfrP9milOFjXRGedpw3ENDnqcmluf7e4odqjCfJwT3RRxYbezQBnqKFci0UlCWn0Nn1rzOIQu" width="445" height="57" style="width: 445px; height: 57px;"></strong></p><p><em>Степенем одночлена</em> називають суму показників степенів усіх буквених множників, що входять до одночлена.</p><p><strong><em>Наприклад</em>: степінь одночлена <img src="https://lh3.googleusercontent.com/pJyUdNH_ppClOKqUqNUhosEPRNlc-UL6YYnLJlVoH0z7mow1zGr_Lk5IgkKkKjtNjIz7lYKKr4B8DovbXT0K5TaFu9y1Q_UiELsoRw1ZlT6GQDejfpcNc1dAWulzV5umgsQQceMfZJo7v0DJ" width="100" height="51" style="width: 100px; height: 51px;"> дорівнює 3+1+6=10.</strong></p><p>Якщо одночленом є число, відмінне від нуля, то вважають, що його степінь дорівнює нулю<strong>.</strong></p><p><strong>Частина 2</strong></p><p><strong>Дії над одночленами</strong></p><p>Щоб помножити одночлен на одночлен, треба перемножити їх коефіцієнти і перемножити степені з однаковими основами.</p><p><strong><em>Наприклад</em>:<img src="https://lh6.googleusercontent.com/TJDrQxYCPC039rtH9KDVUK5ka6aVCH2qeCSsrkK921A7Ef2CmCaVmEomypjHG4jFJkQWStr5aYIZoPaeUZKsnUmVmC7e9X3sFfiBYMMzBYvYZ7uQ0n2Hs80mEXYiXTadSalfZiqYK0VVvhfr" width="578" height="73" style="width: 578px; height: 73px;"></strong></p><p><strong><em>Завдання </em>Знайдіть значення виразу <img src="https://lh6.googleusercontent.com/rEkqKJYa7PtmhBVo5nVDsorubQNi5Jsy-UZm8xFJx9VnLyGG0zPmQirKB4Clu54piPu9uYdzP52b9yYr7nUSx2PLTJKQS7xChET7r89pQbNt5X4R4xDsukZJeUh3BzNg6V3iEjXBM_w1ykcr" width="184" height="53" style="width: 184px; height: 53px;"></strong></p><p>Щоб піднести одночлен до степеня, треба піднести його коефіцієнт до цього степеня і помножити показник степеня кожної букви на показник степеня, до якого підноситься одночлен.</p><p><strong><em> Наприклад</em>:<img src="https://lh5.googleusercontent.com/obiF6roMthkQf9APdGX8JjGqw1TpC9KhB87FS75bTydIu9BvENeGf93ZIe5j-w3UQcnHgZLZZSDYz0x1tCHuxhrr5idx4wuIKazXEMKXKJIRnGTdUhvWhd_CsqE1DD62h3noSNTYYsuQ482V" width="331" height="52" style="width: 331px; height: 52px;"></strong></p><p><strong><em>Завдання </em>Знайти значення виразу <img src="https://lh6.googleusercontent.com/sOccAUX-QyYdFmaaEYR4W3SzmMDVmGOLSTXDi1PljFpIbKny4I0zudFifDi1C_tYa0e2fXggJVDNzG9FRrftdhKT7v_lIE0PifIhIX8PE9To07Lywmgv9PQpOnXxrBQNt9v36-nxfwArkzUD" width="278" height="52" style="width: 278px; height: 52px;"></strong></p><p>Щоб поділити одночлен на одночлен, треба поділити коефіцієнт діленого на коефіцієнт дільника, до знайденої частки приписати множниками кожну змінну діленого з показником, що дорівнює різниці показників цієї змінної в діленому і дільнику.</p><p><strong><em>Наприклад</em>: <img src="https://lh5.googleusercontent.com/nLElpG7DbrvNQrnVJF1ej_h8SECiNVT8lQ49n47ypktlAqEuOeTIfhrau6zaUUc4McHsr0brtUYpxW_Xb_cp46zCvErUBYq06WcLdkp00m7XB4IHRrr4RUFKYpIvNW-3LYWzZ-dgrt1ROLeu" width="101" height="207" style="width: 101px; height: 207px;"><img src="https://lh5.googleusercontent.com/vgVaIIvggEmtwsLd-XWN5u2IxA7rPxTwB_3sT45shNj3Do9gzQOMnoEwmUyKC_0dmfzcTMrgyVNSULqHWQ_oZfABsd3KpW8v33xEYYbPhr5jOycaI8LCSo-K_tNiVaYN4Kf0lEFW7We-bChH" width="658" height="53" style="width: 658px; height: 53px;" rel="width: 658px; height: 53px;"></strong></p><p><strong><em>Завдання</em> Виконайте ділення.:<img src="https://lh5.googleusercontent.com/Hc4CCNhCvhNU1Aq4FPwfHF8Dc2rM8McHoAF1eqA8JLgyBgUOwgMKwzKHPQBh4EZx4pYc-RhG10TsmEMV_nZ3r7YRUTL78C00wKVhDV-szwHNMuS2lS9Ye31l4Nl8adiG6dDao7N-Iesm5l5H" width="106" height="58" style="width: 106px; height: 58px;"></strong></p>\r\n<p><strong>Частина 3 </strong></p><p><strong>Многочлени</strong></p><p><em>Многочленом</em> називається алгебраїчна сума кількох одночленів.</p><p><strong><em>Наприклад</em>: <img src="https://lh3.googleusercontent.com/WztRDJTN6t-jtH7_JtFN3f8rZ_H-tUXoN8tRJkUrDVSnRyB-BgGiFfK8-gol2l8sPZI8f7bmdKON0b3zR4tQmMa9sBwH3HQQJavO-lr13S4Cb47bHp4iHYJwY-btZPs9gUMwMW8BqmERMu5q" width="383" height="53" style="width: 383px; height: 53px;">- многочлени.</strong></p><p>Одночлени, з яких складається многочлен, називають його <em>членами</em>. Одночлен – окремий вид многочлена. Многочлен, який містить два або три доданки, називають відповідно <em>двочленом</em> або <em>тричленом</em>.</p><p><strong><em> Наприклад</em>: <img src="https://lh5.googleusercontent.com/zQJzfDNg5Fu-GODtck3Pd8kYkL69SMoXB9zBPnZB-Spt1dFBLadaBA3yHcD1CVjq3nYcrkV-WjNQ8RjTIhtSWNG18byGAEEOmPBvzMQYnHlsbMYr8dS0uNWKNPcK55dw2qWPTYUQDbWaz5Bf" width="189" height="50" style="width: 189px; height: 50px;"> - двочлени; <img src="https://lh5.googleusercontent.com/Q92qPvIwfuxRzYXsECJSxLUE3h1eJnsX_syiGC1ypTn-LJNo3u2YdUoefW87B5mceqAQw9JVKRhpu3ViuZnH-4yoEpWBGk12ufIO7IWpQlvngMR3BjRGn9gWfAZVTx53ZdF8_xuE8CnwR8Rj" width="313" height="55" style="width: 313px; height: 55px;" rel="width: 313px; height: 55px;"> - тричлени.</strong></p><p><em>Подібні члени многочлена</em> – це однакові одночлени, або одночлени, запис яких у стандартному вигляді відрізняється лише коефіцієнтами.</p><p><strong><em>Наприклад</em>: у многочлені <img src="https://lh3.googleusercontent.com/GPbFjbajGKhcQFFu3o1Sm1GRzDJi1BcD09Hqe99Lfh7csDoR2O9tFr7ihbpd4XvHzvz2mFJ4Fy74XTWuCYlFONReQegBgFAxuwts3q6UXxh99YleiyWZ326xqnsA5hRrLOXYktABoUeMGqPf" alt="15{a^2}b + 3a{b^2} - 7{a^2}b + 5a{b^2}"> перший і третій, другий і четвертий члени подібні.</strong></p><p><em>Зведення подібних членів</em> – це спрощення многочлена, коли алгебрагічна сума подібних членів замінюється одним членом. Щоб звести подібні члени, треба додати їх коефіцієнти і результат помножити на їх спільну буквену частину.</p><p><strong><em> Наприклад</em>:<img src="https://lh5.googleusercontent.com/0C755I6ied7U84InOUURDEk1_U4ymhVfH9oQ8P3hRWo34mi12kP0YA0-25sejsInRTFYpxscTXmE4idmiAkyS8SKiDBzhcNnWk87zpshbrIsSSQhpbjC4SOMPRSjygdqbA66xRJhSolttiXl" width="659" height="52" style="width: 659px; height: 52px;"></strong></p><p><strong><em>Завдання</em> Звести подібні члени<em> (</em><em><img src="https://lh3.googleusercontent.com/ucjDlNS93RVnG1JhTNgCRd4-0bKiwp0BDV0cmKhpDEpIBUZCQj3PqUW8biubHbddJqMFYaa1ELIiaakF4okN1sD-FDBbPn6rmR0dVrazD5uosiPpjSBSvuyGvlAmS7wG3S9N_PHuu5NqiFb2" width="426" height="50" style="width: 426px; height: 50px;"></em></strong></p><p><em>Стандартний вигляд многочлена</em> – це запис многочлена, усі члени якого мають стандартний вигляд і серед них немає подібних.</p><p> <img src="https://lh4.googleusercontent.com/mIt7cdytxVCv_wg3TrsPEpZVL6F38eZOYXaSYlGeRxVTQqPJaCk_R-fMVzQEoUIBoowiUi3RQPGkiVX8e6EmawrSTYl-CjOhQnjaP_xsOn-TYpmOnziTOzhejASSu3n5POWBCgwB8ODtaYWR" width="354" height="53" style="width: 354px; height: 53px;">- многочлени стандартного вигляду, </p><p> <img src="https://lh3.googleusercontent.com/iXK8XrXK6YaD2Ma384tQUvox3pR1yQ6XUtmNDcb1CJpX5k97egYHHjfLq87I0TuI0dUERxFSOFOq26ox_cVfVXfaxuWzhODEDH7tNj5bohCyN61bvhqa1IDT3BG9nNwWe9ocr1wCfv6WuQji" width="324" height="52" style="width: 324px; height: 52px;">- многочлен нестандартного вигляду.</p><p><em>Степенем многочлена стандартного вигляду</em> називають найбільший зі степенів одночленів, із яких складається многочлен. <em>Степенем довільного многочлена</em> називають степінь тотожно рівного йому многочлена стандартного вигляду.</p><p><strong><em>Наприклад</em>: степінь многочлена <img src="https://lh6.googleusercontent.com/2AmN81LGRwnk0OCCkW5HQ0ezvv7mlmH3jVWePba5BGqy4BWens2ykz3KJXFYfNkG8VrN66rPmGYngzSirSbQ8ScWeQttMj4NByokEyWhd1YeCUC20nvlsa0qxGTJw8uUNn_P5nKZeZRJe1be" width="359" height="57" style="width: 359px; height: 57px;">дорівнює степеню одночлена <img src="https://lh4.googleusercontent.com/p3PxQ81ks9ch8_pPGZSRCL05ruRrd3uRIEdI6i5kDQ1M9TyXOi4h6BHIorDcUtKfCIqbwg6mNx5X76kMhX8K5khBNxmQFREwg8zch_zjfYIKsjKB_XvdBB054cFfG2vusGqGYIJ1FOa9HCrq" alt="2{a^5}{b^5}">, тобто 5+5=10.</strong></p><p><strong><em>Завдання </em>Звести многочлен до стандартного вигляду<strong>:</strong></strong></p><p><img src="https://lh5.googleusercontent.com/N-36EWiFP3OgeZPxHGHZ6KGDb1J02dxDW8_PerG7SrxFl4H6op70HPJsnUOmVBjwkCEES1lNxuQnCFI1l0_N44HzEFcnhbUDobPoExKly546Kt7185m4mdgHDlTUDQPyVHyj_ihXQAC08bNL" width="415" height="53" style="width: 415px; height: 53px;">;</p><p><strong>Частина 4</strong></p><p><strong>Дії над многочленами</strong></p><p>При <em>додаванні</em> многочленів користуються правилом розкриття дужок: якщо перед дужками стоїть знак «+», то дужки можна опустити, зберігши знаки кожного одночлена.</p><p><strong><em> Наприклад</em>: </strong></p><p><img src="https://lh5.googleusercontent.com/UKIGWQYVbpR8No7qyy9Y6yhefusLyJ_P8FgoRQvEVBRYjD6PAOQ_8Ib0rzyXhvYzPxKVbnnssiGI-Ehq_HiCmFxwRbR-aeZ6h7lUmE7HWOofkIDeXQHYJtFnyoqaOWNr_ZBkp_kKhzSm2dQe"></p><p>.<strong><em>Завдання </em>Виконати дії: (x2+2xy+y2)+(2xy-x2-y2);</strong></p><p>При <em>відніманні</em> многочленів користуються правилом розкриття дужок: якщо перед дужками стоїть знак «-», то дужки можна опустити, змінивши знак кожного одночлена, що містився в дужках, на протилежний.</p><p><strong><em>Наприклад</em></strong></p><p><img src="https://lh3.googleusercontent.com/FvVjpPyVSgYCsint_3Sqxnp1jt-uz0XrtRvdSUu-cYdj7g9N4xMDJQHwNltNgGQncX5kBVBTNJIbZ0biUxA9f1Jmi2wdnP9RlOmts2giwccVGTRy2QDfqISHrX1gSw4Fp6bZkdwuADwyq7ba"></p><p><strong><em>Завдання </em>Виконати дії: : (2x2+4xy+3)-(xy-2x2-y2);</strong></p><p>Щоб <em>помножити одночлен на многочлен</em>, треба кожний член многочлена помножити на цей одночлен й одержані одночлени додати.</p><p><strong><em> Наприклад</em>:.<img src="https://lh3.googleusercontent.com/SwLyaPXrGVRwNTSKHva7LCkQVABU55tlFSE_-mVv_UeAjVkFeTw-RlJb9zG398iK0ck8DdFCGtKJQJIpdP5K0iHEBwtWzMGTqipqL3BVMlTwROA-Kg6H5mriSGl8yjqmvQoANYctbSJppl5e" width="523" height="64" style="width: 523px; height: 64px;"></strong></p><p><strong><em>Завдання</em> Виконати множення (3x+7y)·6a</strong></p><p>Щоб <em>помножити многочлен на многочлен</em>, треба кожний член одного многочлена помножити на кожний член другого многочлена й одержані многочлени додати.</p><p><img src="https://lh4.googleusercontent.com/sZSV8PKegNcwLjfqtcI2HHiSItTw8jfHxxdaAa2ilSvltcLJ0VSdtBWiQdsysVAWW5rHq_7m_VPOdyFHNupbO6OXbEy4t_QYJRU5pWp46lnqoNatN5482bxS651OIdq6ywAMT5CP7mEcKMwz"></p><p><strong><em>Завдання</em> Виконати множення (5a+7b)·(2+4a)</strong></p><p>Щоб <em>розділити многочлен на одночлен</em>, треба кожний член многочлена розділити на цей многочлен й одержані результати додати.</p><p><strong><em> Наприклад</em>: </strong></p><p><img src="https://lh5.googleusercontent.com/6bdWxYptY0TYsljY6NNuaycUqEGDyY2qxztyChV16zAlMdEDTZ5NRzWRU7MSnxNQJ8O8Yiu-nMqVyF16GFGjTseDNPho3_5UyY-cCZgZuvDB0pV8lbouTpir8MZjmn1Wrlx7FU0OXsrXUz6n"></p><p>.<em>Розкладанням многочлена на множники</em> називають запис многочлена у вигляді добутку многочленів.</p><p><strong><em>Наприклад</em>:.<img src="https://lh6.googleusercontent.com/YVNj6HD0IurL-vbr_hYk6szPWVG_-lQT5-1j8A2VAi_8P3OQ397Ntoqmb3_ZR_4f-05KPdn_FufD9i-hHvgQ_2BD9_6k8RD2-fqNFyFAmMajIoj1nOLY20jvEIrYwO_GrmoToBmhC0gAQfgd" width="364" height="53" style="width: 364px; height: 53px;"></strong></p><p>При <em>розкладанні многочлена на множники</em> використовують такі способи.</p><p>1. Винесення спільного множника за дужки.</p><p><strong><em>Наприклад</em>:<img src="https://lh5.googleusercontent.com/xldnR-qWBn_0YVVYxq72gMJJbXA762646zKdaMiT3F7oX0GpmdqPMX9VK8qnlY5hiPBT_Q1pdbdX5l0Ga3FOsER8IScUncfL1zRC-1ZefLi5kQj133pn2MhMhKPwnfHSg2U5FjkdXSTgBhNs" width="321" height="60" style="width: 321px; height: 60px;"></strong></p><p>2. Спосіб групування.</p><p><strong><em>Наприклад</em></strong></p><p><img src="https://lh5.googleusercontent.com/MRlFXF5Nl-wcRsbwzlNRla9UatNrGr8ajPoCeavs0Q9JJD6uALEqhxkbGM46gq4f2TfyV-n0dJqRAlD8KKZGQAngRie0aB-eaDFiiaGvU9rsQnUinGRsO44dRARdeyOY4GRPTKyk-kEJesch" alt="3x - 3y - {x^2} + xy = (3x - 3y) - ({x^2} - xy) = 3(x - y) - x(x - y) = (x - y)(3 - x)">.</p><p>3. Використання формул скороченого множення.</p><p>Формули скороченого множення: <br>a2-b2=(a-b)(a+b); <br>(a+b)2=a2+2ab+b2; <br>(a-b)2=a2-2ab+b2; <br>(a+b)3=a3+3a2b+3ab2+b3 або a3+b3+3ab(a+b); <br>(a-b)3=a3-3a2b+3ab2-b3 або a3-b3-3ab(a-b); <br>a3+b3=(a+b)(a2-ab+b2); <br>a3-b3=(a-b)(a2+ab+b2); <br>ax2+bx2+c=a(x-x1)(x-x2).</p><p><strong><em>Завдання</em> </strong></p><p>Спростити вираз та знайти результат: bc(11c-7b)-((b-2c)·(b2-5bc)+c3), якщо b=-1/2; c=3/2;</p>'),
	(165, 91, 1, 'text', 1, '<p><strong>Частина 1</strong></p><p><strong>Натуральні числа </strong></p><p>Натуральні числа 1,2,3,… - це числа, що використовуються для рахування предметів або для вказування порядкового номера того чи іншого предмета серед однорідних предметів. Будь-яке натуральне число можна записати за допомогою десяти арабських цифр: 0, 1, 2, 3, 4, 5, 6, 7, 8, 9. Число 0 не є натуральним числом. </p><p>Для читання натуральних чисел їх розбивають, починаючи справа, на групи по три цифри в кожній. Три перші цифри праворуч складають клас одиниць, три наступні – клас тисяч, потім йдуть класи мільйонів, мільярдів і т.д. Кожна із цифр класу називається його розрядом. </p><p>Із двох натуральних чисел менше те, яке при підрахунку називають раніше. Наприклад, число 8 менше від 12 (записують так: 8 &lt; 12). Коли одне число більше другого, це записують так: 386 &gt; 99. </p><p>Найменше натуральне число – 1. <br>Найбільшого натурального числа не існує. <br>Множину натуральних чисел позначають символом N.</p><p><br><br></p><p><strong>Числові вирази і числові рівності </strong></p><p>Запис, у якому числа з`єднані знаками дій, називають числовим виразом.<br>Наприклад, 10∙3+4; (60-2∙5):10.<br>Записи, у яких знаком рівності поєднано два числових вирази, називають числовими рівностями. Рівність має ліву і праву частини.</p><p>. </p>\r\n<p><strong>Порядок виконання арифметичних дій </strong></p><p>Додавання і віднімання чисел називають діями першого ступеня, а множення і ділення чисел – діями другого ступеня. <br>Якщо числовий вираз містить дії тільки одного ступеня, то їх виконують по порядку зліва направо. <br>Якщо ці вирази містять дії тільки першого і другого ступенів, то спочатку виконують дії другого ступеня, а потім – дії першого ступеня. <br>Якщо у виразі є дужки, то спочатку виконують дії в дужках. </p><p><br><strong><em>Наприклад</em>, 36: (10-4)+3∙5= 36:6+15 = 6+15 = 21. </strong></p><p><strong><em>Завдання</em><strong>: </strong>25: (10-5)+5∙7</strong></p>\r\n<p><strong>Додатні і від’ємні числа , цілі числа </strong></p><p>Числа бувають <strong>додатні і від’ємні, </strong>натуральні, цілі, раціональні, ірраціональні.</p><p>+5; +7; +0,23; +4, 59;<img src="https://lh5.googleusercontent.com/EzB_F_B52LyeuUF7Pt8uexLH6Xx8cug-MZ8ml7U5IW5KZm4Zfmqyc6IO6wYpacO06_2I6Zrvd468O2DYqmTnZfwqh3vg8KuvFjmQm5NGctKMCR-5Yh8GiFQA1UqmArPg4WxzQ1LOjNTsLMmc" width="101" height="160" style="width: 101px; height: 160px;">- додатні числа.</p><p>Додатні числа можна записати без знака, тобто замість +5; + 7; +0, 23 можна писати 5;7; 0, 23.</p><p>-1;-37;-0,2;<img src="https://lh4.googleusercontent.com/e6yWT3U16VR4ydrtm4iYJiATaph_l1Iq8VDImBEtwrDctzejUhsh0-ZEWI7VxpxB0A_LUdWlSivbv440lwGc9M6a7q8d1SvYD26WVLuouRxHOaQYcvEdUkEsVq9FCp5XxJAL0hlbHnj-O7e1" width="102" height="162" style="width: 102px; height: 162px;">- від’ємні числа.</p><p>Від’ємні числа не можна писати без знака.</p><p>Числа 1 і (-1), 5 і (-5), <img src="https://lh5.googleusercontent.com/GFnt15SNZEMOxYfHQ450ZaiAJPIkp7j5p07SZLyeD2YGG3-qzcsDR-3WnthR-1TQSsirWaDtUbeBh75mpAhweRVPI5m5dWMPNY7quBNnUqLE0-gVteMYoP4CTOEoXH-Dra1vbctiOj4LplzR" width="100" height="181" style="width: 100px; height: 181px;">і (<img src="https://lh6.googleusercontent.com/JSUDtYmewhENBtcBEJe6CYlUWbgsXYcLE0pztO4bvdt8ppXrYBMejObiz8OfwkL-d3ER6MixQsbVdMnln-LXErca7eoL9lX62FInL0SfRVnooBqnbr-VsLDXoWhF9vUn5HnKvidrRQJdGS0A" width="107" height="117" style="width: 107px; height: 117px;">) називаються <em>протилежними</em>. Загалом (+а) і (-а)-протилежні числа. Сума протилежних чисел дорівнює нулю, тобто (+a) + (-а)=0.</p><p>Цілі числа –це натуральні числа, протилежні їм числа і число 0.</p><p>0;<img src="https://lh4.googleusercontent.com/r83K_N1HF-JTLuB7nSAln-c_g0cMiRKyDCCgaVLLospMnd6BUdO3VhSHtrLT71c1rTZujhJWctffFoTA9iQCfbJoQEZYS1eIsTmSfyEF_ftOoMw6F6Yl52HuANxUiHP6jYgZbHmCGKurrRsW" width="102" height="79" style="width: 102px; height: 79px;">;<img src="https://lh6.googleusercontent.com/lnXcXFSj4IyWSRTPtlwrxxQU74f-b9ib43uWWBk4lFGa7MwS-QxfGhdP4etQ1HNiT-vgUiig5UMhBAH04dbmbiYWVU_mHvPmXEdp6sywT0Oi7eZH3cqf8hygHrkYWgjLvSXqUTEpL7Pt6M1U" width="104" height="76" style="width: 104px; height: 76px;">…-цілі числа.</p><p>Число 0 відокремлює додатні числа від від’ємних.</p><p><strong><em>Завдання </em>((451-17*3)*3-200):500+46*60</strong></p>\r\n<p><strong>Частина 2</strong></p><p><em>Раціональні числа</em> – числа, які можна подати у вигляді p/q, де p і q –будь-які цілі числа, причому q<img src="https://lh6.googleusercontent.com/YS03XElMJv0_kBLlbAUeMAEwmmt9OMhJV6RS4ZzaMUVmItQEla7qNJlpfQvgD0XXWA-FkiufY2DGVkvV-Y5aBdKVSBqtMnidm0Ofgtkpk2OWnwSxXDHjCWPDG2yLQMaHMEj5QuNtD8LaElC8" width="100" height="100" style="width: 100px; height: 100px;">0. Множину раціональних чисел позначають символом Q. Цілі числа і дроби і є раціональними числами.</p><p><strong><em>Наприклад</em>: -1, <img src="https://lh4.googleusercontent.com/eNZ0rEGC2M5vdknttGRxO_RBkr07VdqReMhLXcer12W0yxZg6ZU5z5W32W5CbnPlByCoeKubOVYuXz4kykeBeAN76mTzS3iVqU30kawltQ9VAAMoNCP01f4_9ldv1zdsnDs97LceTpa8rO59" width="101" height="71" style="width: 101px; height: 71px;"> - раціональні числа.</strong></p><p> Будь-яке раціональне число – нескінченний періодичний десятковий дріб.</p><p><em>Ірраціональні числа</em>- це числа, які не можна зобразити у вигляді відношення p/q (q<img src="https://lh6.googleusercontent.com/YS03XElMJv0_kBLlbAUeMAEwmmt9OMhJV6RS4ZzaMUVmItQEla7qNJlpfQvgD0XXWA-FkiufY2DGVkvV-Y5aBdKVSBqtMnidm0Ofgtkpk2OWnwSxXDHjCWPDG2yLQMaHMEj5QuNtD8LaElC8" width="100" height="104" style="width: 100px; height: 104px;">0) двох цілих чисел. Ірраціональні числа зображаються нескінченними, але неперіодичними десятковими дробами. Приклад ірраціональних чисел: <img src="https://lh3.googleusercontent.com/u-tBYSwUVTF4M0-YaAONDXU8zwkPDgd7hKgexP-sROiDHwc2dYxJcpjaMmEZhI-DoEqIsJM7BuvnQodiNWKGOz0yiFhLCgbuYRAyZJ5slnSCqkae5eVhIv49CoxaUq6SQWkB3TU_h1XcDBBX" width="102" height="95" style="width: 102px; height: 95px;">;<img src="https://lh6.googleusercontent.com/9JLAT4zHRcOXzPJHtMA5JNx-GZRuwsehg-FKNKckOgCFVnZojcLhxosdB5aFeBTwBQcQytX_3udu3h68UthS_VWd7Abuu-aBUCJHYazw1Edma62Q7h-GPrNhKjGFM67nQD7UooF-07hpWM-J" width="110" height="113" style="width: 110px; height: 113px;">;<img src="https://lh6.googleusercontent.com/8rGpmyHoubQBGQk1pglIkeigrxCrmCGBxr23xsQyDkN78qtRwLUEVW02bEHTwpTt8UQohF6f6dzWdRrgv7L95TADg2pZ7AvO62c5QGFJhM5lO4LYc3wf-b5ZbmBANkUiso7CvfL37jIfMiV0" width="101" height="101" style="width: 101px; height: 101px;">;<img src="https://lh4.googleusercontent.com/MiX7QJRzuesPOdRPDkDOIkLubg3KabmcyVb5siOMjVekI8lNJE9h10Fj21Ge04GQOkWV0ac6OfuOefGfmPCc6Ztj79YHjUee9Q3gnzcsAZGd-0dzBE2OiHgsFYF2uokmD_cIFicNrYmfyGA5" width="105" height="107" style="width: 105px; height: 107px;">-<img src="https://lh3.googleusercontent.com/J4d2R24FGdOLcbWuAVIyff9pJaeNzJ05LUftjul2OXqm1tVdlo8HlPueVKIEidaDyt8A-qsm2zYV-HxoeCl_IX6jviuiv2s5GwTxT-iWw9d-5AdoFcJrMKctO39EJeRTnvn1D9umgVplHbSm" width="100" height="94" style="width: 100px; height: 94px;"></p><p><strong><em>Завдання: </em>Серед чисел <img src="https://lh4.googleusercontent.com/9L3ZE2xNwIN_a0VeU7Yy7djpY6GTN4aSX6eRWnzRhJPh7Adz9hZqEqwBewDL1meCfFKlUtDaDYnkGRFKQs0PyKqRx5iT91w51nuQ2Q8RvUUI7qeX5XizXVwDimHxMQU1n75fsJ-G5fkmB_d4">; 0; 0,25; -2,(3); 0,818118111... (кількість одиниць, яка ділить вісімки, кожний раз збільшується на 1); 4,2(51); 217; n укажіть раціональні та ірраціональні.</strong></p>\r\n<p>Раціональні числа та ірраціональні числа утворюють множину <strong>дійсних чисел</strong>. Кожному дійсному числу відповідає єдина точка координатної прямої. яку називають <strong>числовою прямою</strong>.</p><p> Для числових множин використовуються позначення:</p><p>N - множина натуральних чисел;<br>Z - множина цілих чисел;<br>Q - множина раціональних чисел;<br>R - множина дійсних чисел.</p><p>ПОРІВНЯННЯ ДІЙСНИХ ЧИСЕЛ<strong>.</strong> </p><p>Якщо потрібно порівняти два дійсних числа а і b, то можна розглянути різницю а - b.</p><p>При цьому:</p><p>якщо а - b &gt; 0 , то а &gt; b;</p><p>якщо а - b = 0 , то а = b;</p><p>якщо а - b &lt; 0 , то а &lt; b.</p><p><strong><em>Приклад.</em> Порівняти: 1)<img src="https://lh3.googleusercontent.com/xwauSB6TLWgfYbyI6-PN8_to4knhylD9l-yusXsRD4FxJA_tBZvaYt4jMQ4r5makXlZ-jTxZvFYjYSNv-wfHp1BGzulOd8NOjED1d3GacETUdaBvZvAqyBxY-UaLIN0Cu8_m6MCtwvpjCe5y" width="100" height="269" style="width: 100px; height: 269px;"> і 0,67 2) <img src="https://lh3.googleusercontent.com/TV6j6RcZSgGUXVfb3ia94sSxant3i0BJLOr2_DfOHJEeJ5mJUiS5PHY5rYbYvzJ7NvNfFjtiP-NWY6Ez3XhV59suM8E34CyWhsIhpFCJeROAfZg2PcbLEjTsaJ6PP7w9l4FV8eOUXbmfi-0-" width="101" height="62" style="width: 101px; height: 62px;"> і <img src="https://lh3.googleusercontent.com/rFatEghhMEJq1U24i9_mYFK-lRi0_1bZjuIQ6j2PTC379jYZvG0Rw64sFsA4cHeBvP2BOAIVa5eVhwD1NiMdHC3Auf4sP-DneBuGJfhG5pySIEEIz7wQsQNyFow3kdA8nGDq2nSLM3CkQoLF" width="100" height="86" style="width: 100px; height: 86px;"></strong></p><p>Розв’язання:</p><p><img src="https://lh3.googleusercontent.com/T8WG5qSX6Ai2Paes-rcvwByetmVq-lLRyorsQBaluUVqIAwkudoRigsk_is4TQLldbqYWuGQDNkU1t2m_qN6QnPwboxHPseEaL-5KWK6O7OlNvUPDHvwX0yKqI5zcT5FJG4InSxS5Ab6EVnL"></p><p>тому <img src="https://lh6.googleusercontent.com/uD1433rrnCLYF-eXeJOW4VsZAjQ8vWcPf9Cr2S7ekFvKqLRbdnCj7Vke2-2uDS0KUyQT735YibEdWP6WoWiX-dwbA25w0Os_clXMCOsKRZlv1BwhtlV27gncprfCWL-H8fIl8GVWwzmcQV5z" width="127" height="54" style="width: 127px; height: 54px;"></p><p><strong><em>Завдання </em>Порівняти числа: а) 4/5 і 0,93;<strong> </strong>б) 1/2 і 0,5000.</strong></p>\r\n<p><strong> Означення, зображення та позначення числового проміжку.</strong></p><p>Дано таблицю, в якій відображено відповідність між умовою, зображенням на малюнку та позначенням.</p><table><colgroup><col><col><col><col></colgroup><tbody><tr><td><p>№</p></td><td><p>Умова</p></td><td><p>Зображення на малюнку</p></td><td><p>Позначення</p></td></tr><tr><td><p>1</p></td><td><p>х &lt; а</p></td><td><p><img src="https://lh3.googleusercontent.com/X77dWcFy7QG74mb_P1vUP9uBY1eY5QFzH8Jjyp3YRnIwpdX-cr8NFp9CrWMGXM-oFAoCVVJkZToQrQjrVLEC8JYHozhqjH9F7GSGqaUgUVBWqBwXBtwSYeT1zxaFMzXJXA3k5PXguuKSx953"></p></td><td><p>(-∞ ; а)</p></td></tr><tr><td><p>2</p></td><td><p>х ≤ а</p></td><td><p><img src="https://lh5.googleusercontent.com/u41p0WoSV3hwL4qyU18j9mYjpMFPvQw6OohYtrKOE_Reo4qUa5iPvvtKNQ6ccNyC4sz4DxL49ofrsb5mfExFcHby6VyKUQFFEHS_jiuBfJahQRK_raYh8b8i6ALjuHOEXZeHS_W9DQeCgLQp"></p></td><td><p>(-∞ ; а]</p></td></tr><tr><td><p>3</p></td><td><p>х &gt; а</p></td><td><p><img src="https://lh6.googleusercontent.com/OQC79Qrj3ZC5_ftB8b7QqHizkVWkTF5Z0Gcsn9Dhjgv6acBerTaXHL90PnlEkFrs4HAJoDfoxeOFMGJjJmgrqVXrUakG0CCCpzdsz_4B0_3eOkweahBIlbcAZLyPIW_p0tOBdGOVQABAsnuK"></p></td><td><p>(а; +∞)</p></td></tr><tr><td><p>4</p></td><td><p>х ≥ а</p></td><td><p><img src="https://lh3.googleusercontent.com/gKuMedn3IUnB39a0rbSjVvSnV5yP3RtQzcRW_udoUl0IkRKJXc0e-q6aUsTkUF2xekMHvRCC7FjhnMyM0Wp5XEovJYIlZs9Ur3t1-klkWZnRSN_tNNIZUMWPZ3Toqtf2vYWU8emMy_Zq1K1V"></p></td><td><p>[а;+∞)</p></td></tr><tr><td><p>5</p></td><td><p>а &lt; х &lt; b</p></td><td><p><img src="https://lh3.googleusercontent.com/uKCqBIzp2DvsCCHi164c0Wk3B9rwxve0taJKJFkH7o2WX9GYxKwi0Eg80EIaa8uh0YAHzvdbt00x1m-oyLb0xiWBPH5-tYw-Y-oBUObFZ09HNIrFEwQFMDjuQyibyY7AS4B_3pEnWjlULz1I"></p></td><td><p>(а; b)</p></td></tr><tr><td><p>6</p></td><td><p>а ≤ х &lt; b</p></td><td><p><img src="https://lh6.googleusercontent.com/D9avWKsIvJGbBruGU_YvQxfMxxop692ZLAx5rNClEIWxbJOGQOOpexFyPu-HvPhnlsLzmVZJesyRZTkmZKhyN68AAOe16t_MYj9XnQGOMf-JdRNicqzrdqutCHcyTuLqTAKPNEmwhkF0CO0l"></p></td><td><p>[а; b)</p></td></tr><tr><td><p>7</p></td><td><p>а &lt; х ≤ b</p></td><td><p><img src="https://lh4.googleusercontent.com/RsoUb6g0OGI2vqu5A8XecikGVt2PXW16d_1k_1HoMT-0yfoIjHBkhGun56JIA-hQXlbZPt2o9bJwxGxd5fyqeXUKp2cotOMkz3L6BzubGnlNdVMWraayS6-JAdNpu8jdDSAMTx6WWx7SgzpJ"></p></td><td><p>(а; b]</p></td></tr><tr><td><p>8</p></td><td><p>а ≤ х ≤ b</p></td><td><p><img src="https://lh5.googleusercontent.com/-UBJIH0dA3k8n9W9ctEmr8xHE-mXB7BL_eOEHI7wsvkqpPIPY_pzcz9cHW_tehkd490824fVw_p_x10RcladXv-HQ7bi-Etjrc4HWBkKbmeHin7pbYSv96RkNA_1OvlVdj21IGHrp40IkmaX"></p></td><td><p>[а; b]</p></td></tr></tbody></table><p><strong> Ознака подільності на 2</strong></p><p><strong>Число ділиться на 2</strong> тоді і тільки тоді, коли його остання цифра ділиться на 2, тобто є парною.</p><p>Нариклад:</p><p> 2, 8, 16, 24, 66, 150 — діляться на <strong>2</strong>, так як остання цифра цих чисел парна;<br>3, 7, 19, 35, 77, 453 — не діляться на <strong>2</strong>, так яка остання цифра цих чисел непарна. </p><p><strong>Ознака подільності на 3</strong></p><p><strong>Число ділиться на 3</strong> тоді і тільки тоді, коли сума його цифр ділиться на 3.</p><p>Нариклад:<br>471 — ділиться на <strong>3</strong>, так як 4+7+1=12, я число 12 ділиться на 3;<br>532 — не ділиться на <strong>3</strong>, так як 5+3+2=10, а число 10 не ділиться на 3. </p><p><strong>Ознака подільності на 4</strong></p><p><strong>Число ділиться на 4</strong> тоді и тільки тоді, коли дві його останні цифри складають число, яке ділиться на 4. <strong>Двозначне число ділиться на 4</strong> тоді і тільки тоді, коли подвоєне число десятків, складене з числом одиниць ділиться на 4.</p><p>Нариклад:<br>4576 — ділиться на <strong>4</strong>, так як число 76 (7·2+6=20) ділиться на 4;<br>9634 — не ділиться на <strong>4</strong>, так як число 34 (3·2+4=10) не ділиться на 4. </p><p><strong>Ознака подільності на 5</strong></p><p><strong>Число ділиться на 5</strong> тоді, коли його остання цифра дорівнює 0 або 5.</p><p>Нариклад:<br>375, 5680, 233575 — діляться на <strong>5</strong>, так як їх останні цифри дорівнюють 0 або 5;<br>9634, 452, 389753 — не діляться на <strong>5</strong>, так як їх останні цифри не дорівнюють 0 або 5. </p><p><strong>Ознака подільності на 6</strong></p><p><strong>Число ділиться на 6</strong> тоді і тільки тоді, коли воно ділиться і на 2, і на 3, тобто якщо воно парне і сума його цифр ділиться на 3.</p><p>Нариклад:<br>462, 3456, 24642 — діляться на <strong>6</strong>, так як вони діляться одночасно і на 2, і на 3;<br>861, 3458, 34681 — не діляться на <strong>6</strong>, так як 861 не ділиться на 2, 3458 не ділиться на 3, 34681 не ділиться на 2. </p><p><strong>Ознака подільності на 9</strong></p><p><strong>Число ділиться на 9</strong> тоді і тільки тоді, коли сума його цифр ділиться на 9.</p><p>Нариклад:<br>468, 4788, 69759 — діляться на <strong>9</strong>, так як сума їх цифр ділиться на 9 (4+6+8=18, 4+7+8+8=27, 6+9+7+5+9=36);<br>861, 3458, 34681 — не діляться на <strong>9</strong>, так як сума їх цифр не ділиться на 9 (8+6+1=15, 3+4+5+8=20, 3+4+6+8+1=22). </p><p><strong>Ознака подільності на 10</strong></p><p><strong>Число ділиться на 10</strong> тоді і тільки тоді, коли воно закінчується на нуль.</p><p>Нариклад:<br>460, 24000, 1245464570 — діляться на <strong>10</strong>, так як остання цифра цих чисел дорівнює нулю;<br>234, 25048, 1230000003 — не діляться на <strong>10</strong>, так як остання цифра цих чисел не дорівнює нулю.</p><p>натуральне число ділиться на <strong>25,</strong> якщо число, утворене двома його останніми цифрами, ділиться на 25.</p><p>натуральне число не ділиться на 25, якщо число, утворене двома його останніми цифрами, не ділиться на 25.</p><p>Наприклад:</p><p>57 375 ділиться на 25, оскільки 75 ділиться на 25;</p><p>438 635 не ділиться на 25, оскільки 35 не ділиться на 25.</p>\r\n<p><strong><em>Завдання </em><strong>:</strong>Виконати зазначенні дії: <img src="https://lh3.googleusercontent.com/jno_K98lmuaRUSeQkeSYiQgSqZXe1OWpPMeHjRY1u7YJhSXbTO9F8iOcPOEHYMHBTHtqKfHYbeAI-qbUhSVvKcpycIgfqq4CCZBs8lATBTgtngKiyh2y4m3LrznYUduvOUatsjZo36z1aTyU" width="222" height="51" style="width: 222px; height: 51px;">;</strong></p>\r\n<p><strong>Ділення натуральних чисел з остачею</strong></p><p> Якщо <em>a</em> ― ділене, <em>b</em> ― дільник і <em>a = bс + r</em>, де <em>b &gt; r</em>, то говорять, що при діленні числа <em>a</em> на число <em>b</em> маємо неповну частку <em>с</em> та остачу <em>r</em>:</p><p><img src="https://lh4.googleusercontent.com/LQWDYmBuaY2qlPk9p5eMLJRm4vcXLvruzaehzNzNMhHHEYEH1hO8zngPo25-0o9XkXrxqCBAT-xjrIZ0tD2DNo1DJ8AUmE7Myg0S1eX5c1igWVPz4OIu36vHKaDZhYFw6cxGikKFiL3mrnv9" alt="a:b = c(ostacha\\;r)">.</p><p><strong><em> Наприклад</em>: 10 : 4 = 2 (остача 2), 10 = 4 · 2 + 2.</strong></p><p> Ділення багатоцифрових чисел виконується «кутом».</p><p><strong><em> Наприклад</em>:</strong></p><p>113 сотень: 28 = 4 сотні (остача 1 сотня);</p><p>19 десятків: 28 = 0 десятків (остача 19 десятків);</p><p>196 : 28 = 7.</p><p><img src="https://lh4.googleusercontent.com/zIR1kDSWE85p2Omj1WPAZYA5Jyhng-WXSgVxbkPCOaC5ZtPW9oSjfhso5RJvllbPu3htdWV2MH5IW0IT6cKThLD2Qh1-L-vQqoFfPNz2sJmCOdK1YCSM5jukdEkM4S_v7ZOyvUAmZsikrwlH" width="111" height="95" style="width: 111px; height: 95px;"></p><p><strong><em>Завдання </em>Виконати дії та зробити перевірку:  </strong></p><p>а) 266:13; </p><p>б) 148:12; </p>'),
	(166, 1, 28, 'text', 1, '\\[\\prod \\zeta \\mu \\rho \\sigma\\]\r\n'),
	(167, 1, 29, 'code', 3, '<p>yh46j4j7ij</p><p>ujkj</p><p>6</p>'),
	(168, 14, 3, 'example', 4, '<p> \'mode\' =&gt; \'popup\', //mode: \'popup\' or \'inline\'</p><pre>\'defaults\' =&gt; array( //default settings for all editable elements<br>\'emptytext\' =&gt; \'Натисніть для редагування\'<br>)<br> ),<br>),<br><br>// application-level parameters that can be accessed<br>// using Yii::app()-&gt;params[\'paramName\']<br>\'params\'=&gt;array(<br> // this is used in teacher profile page<br>\'adminEmail\'=&gt;\'Wizlightdragon@gmail.com\',<br>\'languages\'=&gt;array(\'en\'=&gt;\'English\', \'ua\'=&gt;\'Ukrainian\', \'ru\'=&gt;\'Russian\'),<br>//\'imagesPath\'=&gt;\'http://localhost/IntITA/images\',<br>\'imagesPath\'=&gt;\'http://intita.itatests.com/images\',<br>\'avatarsPath\'=&gt;\'http://intita.itatests.com/avatars\',<br>\'commonPath\' </pre>'),
	(169, 14, 4, 'code', 3, '<p> \'mode\' =&gt; \'popup\', //mode: \'popup\' or \'inline\'</p><pre>\'defaults\' =&gt; array( //default settings for all editable elements<br>\'emptytext\' =&gt; \'Натисніть для редагування\'<br>)<br> ),<br>),<br><br>// application-level parameters that can be accessed<br>// using Yii::app()-&gt;params[\'paramName\']<br>\'params\'=&gt;array(<br> // this is used in teacher profile page<br>\'adminEmail\'=&gt;\'Wizlightdragon@gmail.com\',<br>\'languages\'=&gt;array(\'en\'=&gt;\'English\', \'ua\'=&gt;\'Ukrainian\', \'ru\'=&gt;\'Russian\'),<br>//\'imagesPath\'=&gt;\'http://localhost/IntITA/images\',<br>\'imagesPath\'=&gt;\'http://intita.itatests.com/images\',<br>\'avatarsPath\'=&gt;\'http://intita.itatests.com/avatars\',<br>\'commonPath\' </pre>'),
	(170, 93, 1, 'example', 4, '<p>gjhgjhgjgjgjffgfhf</p>'),
	(171, 93, 2, 'instruction', 7, '<p>yuyukuiuiujhjhjhjyhuhjhjh</p>'),
	(172, 94, 1, 'text', 1, '<p>cgjhgjghkh</p>'),
	(173, 94, 2, 'example', 4, '<p>hkhkvhklklhkhjkhjkkvhjkhj</p>'),
	(174, 16, 1, 'text', 1, 'test'),
	(180, 60, 1, 'text', 1, '<p>hghghghgfhghgfhg</p>'),
	(181, 60, 2, 'final task', 6, '<p>ghfghfhfhdfhgfhfhfhdghfh</p>'),
	(182, 59, 1, 'formula', 10, '\\[\\frac{t}{b}\\]\r'),
	(183, 59, 3, 'label', 8, '<p>hhghhjjghhjghjyyhy</p>'),
	(185, 100, 1, 'label', 8, '<p>Вступ.</p>'),
	(187, 100, 3, 'text', 1, '<p>Ми з вами розпочинаємо новий курс із мови програмування С (<a href="http://uk.wikipedia.org/wiki/%D0%90%D0%BD%D0%B3%D0%BB%D1%96%D0%B9%D1%81%D1%8C%D0%BA%D0%B0_%D0%BC%D0%BE%D0%B2%D0%B0">англ.</a> літера “сі”). Заняття присвячене основним поняттям та знайомству з основами мови.\n</p>\n<p>Знання основ мови С допоможе вам:\n</p>\n<p>- краще зрозумти процеси, що відбуваються всередині комп’ютера (код, створений на С, найбільш зрозумілий для комп’ютера);\n</p>\n<p>-легше освоїти інші мови програмування (в т.ч. й РНР), оскільки С працює на більш низькому рівні, ніж більшість інших мов, і за допомогою С можна створювати компактні і швидкі програми.\n</p>\n<p>В рамках даного заняття ми освоїмо:\n</p>\n<ol>\n	<li>загальні правила написання тексту програми на мові С;</li>\n	<li>елементи синтаксису мови С, що дозволяють реалізовувати <strong><em>основні “три кити”</em>, на яких базується мистецтво програмування: <strong>присвоювання, повторювання (оператори циклів) та розгалуження (оператори умов)</strong>.</strong></li>\n</ol>'),
	(188, 100, 6, 'text', 1, '<p>C — універсальна, <a href="http://uk.wikipedia.org/wiki/%D0%9F%D1%80%D0%BE%D1%86%D0%B5%D0%B4%D1%83%D1%80%D0%BD%D0%B5_%D0%BF%D1%80%D0%BE%D0%B3%D1%80%D0%B0%D0%BC%D1%83%D0%B2%D0%B0%D0%BD%D0%BD%D1%8F">процедурна</a> <a href="http://uk.wikipedia.org/wiki/%D0%9C%D0%BE%D0%B2%D0%B0_%D0%BF%D1%80%D0%BE%D0%B3%D1%80%D0%B0%D0%BC%D1%83%D0%B2%D0%B0%D0%BD%D0%BD%D1%8F">мова програмування</a> загального призначення, розроблена у <a href="http://uk.wikipedia.org/wiki/1972">1972</a> році <a href="http://uk.wikipedia.org/wiki/%D0%94%D0%B5%D0%BD%D1%96%D1%81_%D0%A0%D1%96%D1%82%D1%87%D1%96">Денісом Рітчі</a> у <a href="http://uk.wikipedia.org/wiki/Bell_Labs">Bell Telephone Laboratories</a> з метою написання нею <a href="http://uk.wikipedia.org/wiki/%D0%9E%D0%BF%D0%B5%D1%80%D0%B0%D1%86%D1%96%D0%B9%D0%BD%D0%B0_%D1%81%D0%B8%D1%81%D1%82%D0%B5%D0%BC%D0%B0">операційної системи</a> <a href="http://uk.wikipedia.org/wiki/UNIX">UNIX</a>.\n</p>\n<p>Та хоча С і було розроблено для написання <a href="http://uk.wikipedia.org/wiki/%D0%A1%D0%B8%D1%81%D1%82%D0%B5%D0%BC%D0%BD%D0%B5_%D0%BF%D1%80%D0%BE%D0%B3%D1%80%D0%B0%D0%BC%D0%BD%D0%B5_%D0%B7%D0%B0%D0%B1%D0%B5%D0%B7%D0%BF%D0%B5%D1%87%D0%B5%D0%BD%D0%BD%D1%8F">системного програмного забезпечення</a>, наразі вона досить широко використовується для написання <a href="http://uk.wikipedia.org/wiki/%D0%9F%D1%80%D0%B8%D0%BA%D0%BB%D0%B0%D0%B4%D0%BD%D0%B5_%D0%BF%D1%80%D0%BE%D0%B3%D1%80%D0%B0%D0%BC%D0%BD%D0%B5_%D0%B7%D0%B0%D0%B1%D0%B5%D0%B7%D0%BF%D0%B5%D1%87%D0%B5%D0%BD%D0%BD%D1%8F">прикладного програмного забезпечення</a>.\n</p>Мова С імовірно, є найпопулярнішою у світі мовою програмування за кількістю вже написаного нею програмного забезпечення, доступного під <a href="http://uk.wikipedia.org/wiki/%D0%92%D1%96%D0%BB%D1%8C%D0%BD%D0%B5_%D0%BF%D1%80%D0%BE%D0%B3%D1%80%D0%B0%D0%BC%D0%BD%D0%B5_%D0%B7%D0%B0%D0%B1%D0%B5%D0%B7%D0%BF%D0%B5%D1%87%D0%B5%D0%BD%D0%BD%D1%8F">вільними ліцензіями</a> коду та кількості програмістів, котрі її знають. Версії компіляторів для мови С існують для багатьох <a href="http://uk.wikipedia.org/wiki/%D0%9E%D0%BF%D0%B5%D1%80%D0%B0%D1%86%D1%96%D0%B9%D0%BD%D0%B0_%D1%81%D0%B8%D1%81%D1%82%D0%B5%D0%BC%D0%B0">операційних систем</a> та <a href="http://uk.wikipedia.org/wiki/%D0%90%D1%80%D1%85%D1%96%D1%82%D0%B5%D0%BA%D1%82%D1%83%D1%80%D0%B0_%D0%95%D0%9E%D0%9C">апаратних архітектур</a>. C здійснила великий вплив на інші мови програмування, особливо на <a href="http://uk.wikipedia.org/wiki/C%2B%2B">C++</a>, яка спочатку проектувалася, як розширення для С, а також на <a href="http://uk.wikipedia.org/wiki/Java">Java</a> та <a href="http://uk.wikipedia.org/wiki/C_Sharp">C#</a>, які запозичили у <a href="http://uk.wikipedia.org/wiki/%D0%9E%D0%BF%D0%B5%D1%80%D0%B0%D1%82%D0%BE%D1%80%D0%B8_%D0%B2_C_%D1%82%D0%B0_C%2B%2B">С основний синтаксис</a>.'),
	(190, 100, 8, 'text', 1, '<ul>\n	<li>що потрібно для написання програми на мові С?</li>\n</ul>\n<p>а) звичайний текстовий редактор (наприклад, Notepad++);</p>\n<p>б) спеціалізоване програмне середовище (IDE - integrated development environment) - інтегроване середовище розробки, що поєднує в собі текстовий редактор і <em>компілятор</em> (програма, що переводить текст програми в код низького рівня або <em>машинний код</em>).</p>\n<ul>\n	<li>чи достатньо для того, щоб програма могла працювати, написати лише її текст?</li>\n</ul>\n<p>Ні, оскільки будь-яка операційна система “розуміє” лише машинний код. Тому для створення машинного коду, який відповідає тексту програми (і навіть для перевірки тексту на наявність синтаксичних чи логічних помилок), рано чи пізно знадобиться IDE.</p>\n<p><a href="http://codedchaos.blogspot.com/2011/04/c-ide.html"><strong>Поширені IDE для розробки С-програм</strong></a><u>:</u> <strong>Dev-C++, MinGW Developer Studio, Code::Blocks, Eclipse C/C++ Development Tools, NetBeans IDE, Microsoft Visual Studio Express, Qt Creator</strong> тощо.</p>\n<ul>\n	<li>в якому вигляді зберігаються тексти програм на С у файловій системі?</li>\n</ul>\n<p>Файли, в яких зберігаються тексти програм на С, мають звичайний текстовий формат, однак відрізняються від інших своїми розширеннями:</p>\n<p><strong>*.c</strong> - файл з текстом програми на класичній мові С;</p>\n<p><strong>*.cpp</strong> - файл з текстом програми, в якій використовуються можливості мови С++.</p>\n<p>Деякі файли спеціального призначення можуть мати розширення <strong>*.h, *.hpp</strong> (їх особливості будуть розглянуті згодом).</p>\n<ul>\n	<li>який загальний вигляд має текстовий варіант програми на С?</li>\n</ul>\n<p>Загальну структуру програми на мові С можна представити у наступному вигляді:</p>\n<p><strong><em><span style="color: rgb(31, 73, 125);">директиви_передпроцесора</span> </em><strong><em><span style="color: rgb(155, 187, 89);">// сукупність зовнішніх файлів, що містять додаткові об’єкти (стандартні типи даних, функції тощо), необхідні для роботи програми</span></em></strong></strong></p>\n<p><strong><em><span style="color: rgb(31, 73, 125);">визначення об”єктів;</span> </em><strong><em><span style="color: rgb(155, 187, 89);">// описання (оголошення) змінних, типів, процедур та функцій</span></em></strong></strong></p>\n<p><strong><span style="color: rgb(31, 73, 125);">void main ()</span></strong> <strong><span style="color: rgb(155, 187, 89);">// головна процедура (функція), що реалізує загальний алгоритм роботи програми</span></strong></p>\n<p><strong><span style="color: rgb(31, 73, 125);">{</span> </strong><strong><span style="color: rgb(155, 187, 89);">// початок головної програми</span></strong></p>\n<p><strong><em><span style="color: rgb(31, 73, 125);">визначення об”єктів;</span></em><strong><em><span style="color: rgb(31, 73, 125);"> </span><span style="color: rgb(155, 187, 89);">// змінні, процедури та функції можна оголошувати також в середині головної програми</span></em></strong></strong></p>\n<p><strong><em><span style="color: rgb(31, 73, 125);">виконувані_оператори;</span><span style="color: rgb(31, 73, 125);"> </span></em><strong><span style="color: rgb(155, 187, 89);">// послідовність дій, які виконує програма</span></strong></strong></p>\n<p><strong><span style="color: rgb(31, 73, 125);">}</span> </strong><strong><span style="color: rgb(155, 187, 89);">// кінець програми</span></strong></p>\n<p><u>Примітки:</u> 1) <strong><em>передпроцесор</em> - програма (складова IDE), яка здійснює попередню обробку тексту програми на С (перед тим, як “передати” її компілятору); <strong><span style="color: rgb(192, 80, 77);"><em>директиви_передпроцесора</em> </span>зазвичай вказують, які додаткові зовнішні об’єкти необхідно включити в кінцевий код програми;</strong></strong></p>\n<p>2) символ “<strong><span style="color: rgb(192, 80, 77);">//</span></strong>” означає <em>коментар</em> (відділяє допоміжний пояснюючий текст, який ігнорується компілятором); для багаторядкових коментарів використовується також конструкція <strong><span style="color: rgb(192, 80, 77);">/*...текст коментаря…*/</span></strong>;</p>\n<p>3) символи “<strong><span style="color: rgb(192, 80, 77);">{}</span></strong>” означають початок і кінець певного уособленого фрагмента програми (або головної програми в цілому); носять назву <em>операторні дужки</em>.</p>'),
	(192, 100, 11, 'text', 1, '<p>Будь-яка мова (в т.ч. й мова програмування) характеризується власним особливим <em>синтаксисом</em> - сукупності правил для побудови коректних мовних конструкцій. Мова С - не виняток.</p><p>Синтаксис мови С ми будемо в основному розглядати на конкретних прикладах. Однак іноді також будемо використовувати певні умовні позначення (тобто - елементи формального опису). Ці умовні позначення відповідають загальноприйнятим правилам т.з. <em>розширеної форми Бекуса-Наура (БНФ):</em></p><ol><li>Символи в лапках <strong>“”</strong> відповідають елементам мови, які використовуються в текстах програм “<em>так, як пишуться</em>” (але - без лапок). Наприклад, <strong>“return”</strong> означає - в конструкції мови присутня команда <strong>return</strong>.</li><li>Терміни з кількох слів, записаних без пробілу, означають назви стандартних конструкцій мови. Наприклад, в загальному вигляді тексту програми (див. вище) - <strong><em>директиви_передпроцесора</em>.</strong></li><li>Квадратні дужки <strong>[ ] </strong>охоплюють т.з. <em>необов’язкові </em>елементи, які можуть бути відсутні або повторюватися лише 1 раз. Наприклад, <strong>“АВ”[“C”] </strong>означає, що може використовуватись елемент мови АВ або АВС.</li><li>Фігурні дужки <strong>{ }</strong> (<u>не плутати з операторними дужками!</u>) означають те саме, з тією різницею, що елемент мови <em>може повторюваися більше 1 разу</em>. Наприклад, <strong>“АВ”{“C”} </strong>означає, що може використовуватись елемент мови АВ або АВС, ABCC, ABCCC і т.д.</li><li>Символ <strong>“|”</strong> відповідає логічній операції АБО - тобто, розділяє певні можливі альтернативні значення елементів мови. Наприклад, <strong>“АВ”|“C”|”DEF”</strong> означає можливість використання як АВ, так і С або DEF.</li><li>Круглі дужки <strong>( )</strong> служать для групування елементів мови. Наприклад, <strong>“А”(“В”|“C”)”D”</strong> означає, що може використовуватись ABD або ACD.</li><li>Три крапки <strong>…</strong> означають деякі пропущені величини при перерахунку однотипних елементів.</li><li>Символ <strong>= </strong>означає “є, являється” тощо. Наприклад, <strong>літера = “А”|“В”|“C”</strong>.</li></ol><strong>Важливо!</strong> Слід мати на увазі що наведені умовні позначення <em>не є елементами синтаксису мови</em>, а лише використовуються <u>для його пояснення</u> <em>за межами прикладів текстів програм</em>.'),
	(194, 100, 13, 'text', 1, '<p>А тепер розглянемо найпростіший приклад робочої програми на мові С. Одночасно почнемо знайомитися з елементами синтаксису мови С.</p>'),
	(195, 100, 14, 'example', 4, '<p><span style="color: rgb(155, 187, 89);"></span><strong><span style="color: rgb(155, 187, 89);">// Підключити описання функцій стандартного вводу-виводу</span></strong></p><p><strong><span style="color: rgb(31, 73, 125);">#include &lt;stdio.h&gt;</span> </strong></p><p><strong><span style="color: rgb(155, 187, 89);">// Підключити описання математичних функцій</span> </strong></p><p><strong><span style="color: rgb(31, 73, 125);">#include &lt;math.h&gt;</span> </strong> </p><p><strong><span style="color: rgb(155, 187, 89);">// За необхідності підключаємо інші файли</span></strong><strong> </strong></p><p><strong><span style="color: rgb(31, 73, 125);">…</span> </strong></p><p><strong><span style="color: rgb(155, 187, 89);">// Текст головної програми</span></strong><strong> </strong></p><p><span style="color: rgb(31, 73, 125);"><strong>void main( ) </strong><strong> </strong></span></p><p><strong><span style="color: rgb(31, 73, 125);">{ </span></strong></p><p><strong><span style="color: rgb(31, 73, 125);"> float num; </span></strong><strong> </strong><strong><span style="color: rgb(155, 187, 89);">// описання змінних</span></strong></p><p> <strong><span style="color: rgb(155, 187, 89);">// Виконувані оператори</span></strong><strong><span style="color: rgb(155, 187, 89);"> та функції</span></strong></p><p><strong> </strong><strong><span style="color: rgb(31, 73, 125);">num = 2.345;</span> </strong><strong> </strong><span style="color: rgb(155, 187, 89);"><strong>/* Присвоїти змінній </strong><strong>num</strong><strong> </strong> </span></p><p><strong><span style="color: rgb(155, 187, 89);"> значення 2.345 */</span></strong><strong> </strong></p><p><strong> </strong><strong><span style="color: rgb(31, 73, 125);">printf( " sin(%f) = %f\\n", num, sin(num) );</span></strong><strong><span style="color: rgb(31, 73, 125);"> </span></strong><span style="color: rgb(155, 187, 89);"><strong>/* Вивести на екран значення синуса величини, присвоєної змінній </strong><strong>num</strong></span><strong><span style="color: rgb(155, 187, 89);"> */</span></strong></p><strong><span style="color: rgb(31, 73, 125);">} </span></strong>'),
	(197, 100, 15, 'task', 5, '<p><br>\n</p>\n<p>1. Відкрийте обрану Вами IDE і в її вбудованому текстовому редакторі<strong><em> наберіть</em> (не скопіюйте, а саме наберіть!) текст наведеної вище програми (без коментарів).</strong>\n</p>\n<p>2. Збережіть набраний текст у файлі з деякою назвою.\n</p>\n<p>3. Скомпілюйте збережений файл (функція Compile або Build у вашій IDE).\n</p>\n<p>4. Допишіть в кінці (перед дужкою “<strong><span style="color: rgb(192, 80, 77);">}</span></strong>”) функцію <strong><span style="color: rgb(192, 80, 77);">getchar()</span></strong> (реагує на натискання клавіші Enter).\n</p>\n<p>5. Збережіть, скомпілюйте і запустіть програму на виконання (функція Run); проаналізуйте результат виконання у вікні консолі, яке відкриється. Щоб вийти з режиму консолі - натисніть Enter.\n</p>\n<p>6. Змініть в тексті програми число, яке присвоюється змінній <strong><span style="color: rgb(192, 80, 77);">num</span></strong>; знову скомпілюйте і запустіть, зробіть висновки з отриманого результату.\n</p>\n<p>7. Закоментуйте (поставте на початку “<strong><span style="color: rgb(192, 80, 77);">//</span></strong>”) другий рядок програми; збережіть і спробуйте скомпілювати; якщо компілятор видає помилку - приберіть внесений коментар і знову збережіть файл; зробіть висновки.\n</p>\n<p><u>Примітки: </u>а) пункти 1-3 при виконанні наступних завдань повинні виконуватись «по замовчуванню»;\n</p>\n<p>б) набирати вручну тексти програм рекомендується на початковому етапі освоєння мови програмування (в подальшому з метою економії часу фрагменти коду можна копіювати з існуючих файлів чи інших джерел);\n</p>\n<p>в) для перевірки роботи програми після внесених змін <u>обов’язково</u> потрібно <em>зберегти зміни</em> і <em>заново відкомпілювати </em>програму;\n</p>г) <em>коментування</em> фрагментів коду (за допомогою “<strong><span style="color: rgb(192, 80, 77);">//</span></strong>” або “<strong><span style="color: rgb(192, 80, 77);">/* */</span></strong>”) замість їх видалення може бути зручним з метою їх можливого швидкого відновлення.'),
	(199, 100, 17, 'text', 1, '<p><strong><em>Ідентифікатор - </em>це послідовність букв, цифр і символів підкреслювання “_”, яка <em>починається із букви або символа підкреслювання</em>.</strong></p><p><u>Призначення ідентифікатора</u>: однозначне іменування змінних, констант, процедур, функцій та інших атрибутів, що вводяться в програму розробником.</p><p>Приклади ідентифікаторів: <strong><span style="color: rgb(192, 80, 77);">MAX_10, size30, _MIN, Time, time</span></strong><strong>.</strong></p><p><strong>Важливо: </strong>1) великі та малі літери сприймаються компілятором <em>по-різному</em> (тобто, в наведеному переліку два останні ідентифікатори вважаються <em>різними</em> в рамках фрагмента програми, виділеного операторними дужками “<strong><span style="color: rgb(192, 80, 77);">{ }</span></strong>” (т.з. <em>область видимості</em>);</p><p>2) довжина ідентифікатора <em>може бути довільною</em>, але компілятор сприймає <em>не більше 31 символу від початку ідентифікатора </em>(деякі старі версії - не більше 8 символів).</p><p><strong>Запитання</strong>: чи будуть розрізнятись в програмі ідентифікатори <strong><span style="color: rgb(192, 80, 77);">NUMBER_OF_ROOM</span></strong> та <strong><span style="color: rgb(192, 80, 77);">NUMBER_OF_TEST</span></strong>?</p>'),
	(201, 100, 19, 'text', 1, '<p>Це один з найпростіших, і разом з тим - один з найбільш важливих і вживаних операторів.</p><p>Позначається символом “<strong><span style="color: rgb(192, 80, 77);">=</span></strong>” і означає <em>бінарну операцію</em> - за участю двох операндів: лівий (перед знаком “<strong><span style="color: rgb(192, 80, 77);">=</span></strong>”, зазвичай змінна) і правий (після знаку “<strong><span style="color: rgb(192, 80, 77);">=</span></strong>”, зазвичай значення або вираз).</p>'),
	(202, 100, 20, 'example', 4, '<p>Нехай “<strong><span style="color: rgb(192, 80, 77);">w</span></strong>” - змінна, а “<strong><span style="color: rgb(192, 80, 77);">2,3+1</span></strong>”- арифметичний вираз. Запис <strong><span style="color: rgb(192, 80, 77);">w=2,3+1;</span></strong> означає операцію присвоювання змінній<span style="color: rgb(192, 80, 77);"> </span><strong><span style="color: rgb(192, 80, 77);">w</span></strong> значення виразу <strong><span style="color: rgb(192, 80, 77);">2,3+1</span></strong>.</p><p>Дана операція виконується в такій послідовності:</p><ul><li>якщо правий операнд є виразом, спочатку рахується його значення (результатом виразу виразу <strong><span style="color: rgb(192, 80, 77);">2,3+1</span></strong> буде число <strong><span style="color: rgb(192, 80, 77);">3,3</span></strong>);</li><li>в комірку пам’яті, виділену для змінної <strong><span style="color: rgb(192, 80, 77);">w</span></strong>, записується число <strong><span style="color: rgb(192, 80, 77);">3,3</span>.</strong></li></ul>'),
	(203, 100, 21, 'text', 1, '<p><strong>Важливо: </strong> тип значення правого операнда<em> може не співпадати </em>з типом лівого операнда! В такому випадку при реальне значення, яке присвоюється змінній, модифікується шляхом <em>автоматичного перетворення (приведення) типу</em> значення виразу справа до типу змінної (докладніше буде розглянуто згодом).</p><br>Цілком припустимою є ситуація, коли вираз правого операнду <em>також містить операцію присвоювання</em>. Завдяки цьому <em>одним оператором присвоювання можна присвоїти значення декільком змінним</em> - <u>виконати т.з. “множинне” присвоювання.</u>'),
	(204, 100, 22, 'example', 4, '<p>Запис <strong><span style="color: rgb(192, 80, 77);">v = j = k = 4 + 6.2;</span></strong> передбачає виконання наступних дій:</p><ul><li>розраховується вираз <strong><span style="color: rgb(192, 80, 77);">4 + 6.2</span> </strong>(одержуємо число <strong><span style="color: rgb(192, 80, 77);">10,2</span></strong><strong>);</strong></li><li>значення <strong><span style="color: rgb(192, 80, 77);">10,2</span></strong> присвоюється змінній <span style="color: rgb(192, 80, 77);"><strong>k</strong> </span>;</li><li>значення змінної <strong><span style="color: rgb(192, 80, 77);">k</span></strong> присвоюється змінній <strong><span style="color: rgb(192, 80, 77);">j</span></strong> ;</li><li>значення змінної <strong><span style="color: rgb(192, 80, 77);">j</span></strong> присвоюється змінній <strong><span style="color: rgb(192, 80, 77);">v</span></strong>.</li></ul>Таким чином, всі три змінні <strong><span style="color: rgb(192, 80, 77);">v, j</span> </strong>і<strong> <span style="color: rgb(192, 80, 77);">k</span> </strong>будуть дорівнювати числу <strong><span style="color: rgb(192, 80, 77);">10,2</span></strong>.'),
	(205, 100, 24, 'text', 1, '<p>В мові С існує цілий набір “складових операцій присвоювання”,кожна з яких об”єднує певну бінарну логічну чи арифметичну операцію і власне присвоювання. Загальний вигляд оператора складового присвоювання можна представити так:</p><p><span style="color: rgb(192, 80, 77);"><strong>ім”я_змінної</strong> <strong><span style="color: rgb(0, 0, 0);">op</span> </strong></span><strong><span style="color: rgb(192, 80, 77);">= вираз;</span></strong></p><p>де <strong>op </strong> - одна з бінарних операцій. Для початку розглянемо найпростіші арифметичні операції: “<strong><span style="color: rgb(192, 80, 77);">*</span></strong>” - множення, “<strong><span style="color: rgb(192, 80, 77);">/</span></strong>” - ділення, “<strong><span style="color: rgb(192, 80, 77);">%</span></strong>” - остача від ділення цілих чисел, “<strong><span style="color: rgb(192, 80, 77);">+</span></strong>” - додавання, “<strong><span style="color: rgb(192, 80, 77);">-</span></strong>” - віднімання.</p><p>Фактично, оператор складового присвоювання <strong>реалізує дві операції</strong> :</p><ul><li>спочатку виконується <strong>op </strong>між величинами <strong><span style="color: rgb(192, 80, 77);">ім”я_змінної</span></strong> та<strong> <span style="color: rgb(192, 80, 77);">вираз</span></strong> <strong>;</strong></li><li>результат присвоюється змінній <strong><span style="color: rgb(192, 80, 77);">ім”я_змінної</span></strong>.</li></ul><strong>Важливо:</strong> змінна <strong><span style="color: rgb(192, 80, 77);">ім”я_змінної</span></strong> попередньо <u>має бути ініціалізована</u>!'),
	(206, 100, 25, 'example', 4, '<p>Маємо рядок в програмі: <strong><span style="color: rgb(192, 80, 77);">x * = 2; z + = 4; i / = x + 4 * z;</span></strong></p><p>При виконанні кожного з цих операторів операндами для операції <strong>ор</strong> служать змінна з лівої частини і вираз з правої. Результат присвоюється змінній з лівої частини.</p><p>Таким чином, перший оператор рівнозначний запису: <strong><span style="color: rgb(192, 80, 77);">x=х*2</span></strong>; другий оператор - те саме, що<strong> <span style="color: rgb(192, 80, 77);">z=z+4</span></strong>.</p><p>Третій оператор - дещо складніший і передбачає наступну послідовність дій:</p><ul><li>розрахувати величину <strong><span style="color: rgb(192, 80, 77);">4 * z</span></strong>, результат додати до значення змінної <strong><span style="color: rgb(192, 80, 77);">x</span></strong> (згідно пріоритету виконання арифметичних операцій);</li><li>значення змінної <strong><span style="color: rgb(192, 80, 77);">i</span> </strong>поділити на число, одержане на попередньому кроці;</li><li>одержаний результат присвоїти змінній <strong><span style="color: rgb(192, 80, 77);">i</span></strong>.</li></ul><p>Таким чином, даний оператор складового присвоювання рівнозначний наступному оператору простого присвоювання:<span style="color: rgb(192, 80, 77);"> </span><strong><span style="color: rgb(192, 80, 77);"> i = i / ( x + 4 * z);</span></strong></p>В цьому записі дужки вводяться для забезпечення необхідної послідовності виконання елементарних операцій.'),
	(207, 100, 26, 'text', 1, '<p><u>Примітка:</u> перейти від простого оператора присвоювання до складового можна лише у тих випадках, коли <em>лівий операнд</em> (змінна):</p><p>а) є складовим <em>правого операнда </em>в присвоюванні;</p><p>б) в рамках правого операнда - так само <em>залишається лівим операндом</em>.</p>Наприклад, не вдасться замінити складовими наступні прості оператори присвоювання: <strong><span style="color: rgb(192, 80, 77);">a = b / a; x = z % x;</span></strong>'),
	(208, 100, 23, 'task', 5, '<p>1. Збережіть програму з попереднього завдання у файлі з іншою назвою.<br>\n</p>\n<p>2. Внесіть в текст програми зміни – після ініціалізації змінної num реалізуйте з нею складові операції присвоювання самої себе (щоб виконувались операції num = num + num; num = num * num та інші найпростіші арифметичні операції).<br>\n</p>\n<p>3 Функція printf( … ); (виведення синуса num) повинна виконуватись після кожної операції складового присвоюваня.<br>\n</p>'),
	(209, 100, 32, 'task', 5, 'Модифікуйте наведений приклад таким чином, щоб оператор <strong><span style="color: rgb(192, 80, 77);">if-else</span></strong> був використаний <em>в скороченому вигляді</em> (без блоку “інакше”).'),
	(211, 100, 4, 'label', 8, '<p><strong>Частина 1. Історія мови С</strong></p>'),
	(212, 100, 7, 'label', 8, '<p><strong>Частина 2. Структура програми на С</strong></p>'),
	(213, 100, 28, 'text', 1, '<p>В найпростішому варіанті програма реалізує т.з. <em>лінійний алгоритм</em>, тобто забезпечує послідовне виконання операторів. Однак в багатьох випадках виникає необхідність вибору деякого варіанту продовження роботи програми (в залежності від істинності чи хибності певних умов). Таким чином, постає задача реалізації <em>розгалуження</em> в програмі. Для цього широко застосовуються <strong><em>оператори умов</em> (або <strong><em>умовні оператори</em>).</strong></strong></p><p>В мові С існує два типи умовних оператоів:</p><ul><li>оператор <strong><span style="color: rgb(192, 80, 77);">if-else</span></strong> для вибору одного з двох варіантів;</li><li>оператор <strong><span style="color: rgb(192, 80, 77);">switch</span></strong> для вибору з кількох варіантів.</li></ul>\r\n<ol><li><u>Реалізація оператора </u><strong><span style="color: rgb(192, 80, 77);">if-else</span></strong><u>.</u></li></ol>Загальна структура оператора <strong><span style="color: rgb(192, 80, 77);">if-else</span></strong> має вигляд:'),
	(214, 100, 29, 'code', 3, '<p><span style="color: rgb(79, 129, 189);"></span><strong><span style="color: rgb(79, 129, 189);">if ( умова )</span> </strong><strong><span style="color: rgb(155, 187, 89);">// заголовок з умовою</span></strong></p><p><strong><span style="color: rgb(79, 129, 189);">{</span></strong></p><p><strong><span style="color: rgb(79, 129, 189);">... </span></strong> <strong><span style="color: rgb(155, 187, 89);">// блок «якщо» — оператори, які виконуются,</span></strong></p><p><strong><span style="color: rgb(155, 187, 89);">// якщо умова в заголовку є істинною (виконується)</span></strong></p><p><strong><span style="color: rgb(79, 129, 189);">}</span></strong></p><p><strong><span style="color: rgb(79, 129, 189);">else</span></strong></p><p><strong><span style="color: rgb(79, 129, 189);">{</span></strong></p><p><strong><span style="color: rgb(79, 129, 189);">...</span> </strong> <strong><span style="color: rgb(155, 187, 89);">// блок «інакше» — оператори, які виконуються,</span></strong></p><p><strong><span style="color: rgb(155, 187, 89);">// якщо умова в заголовку є хибною (не виконується)</span></strong></p><strong><span style="color: rgb(79, 129, 189);">}</span></strong>'),
	(215, 100, 30, 'text', 1, '<p>При описанні умови широко застосовуються знаки логічних відношень:</p><p><strong><span style="color: rgb(192, 80, 77);">&gt;, &lt;</span></strong> - більше, менше;</p><p><span style="color: rgb(192, 80, 77);"><strong>&gt;=, &lt;=</strong> </span>- більше або дорівнює, менше або дорівнює;</p><p><strong><span style="color: rgb(192, 80, 77);">==</span></strong> - дорівнює;</p><p><strong><span style="color: rgb(192, 80, 77);">!=</span></strong> - не дорівнює.</p>\r\n<p><u>Примітки: </u>1) якщо в разі <em>не виконання умови</em> <u>не потрібно</u> здійснювати якісь спеціальні дії - <u>блок “інакше” можна опустити</u>;</p>2) в мові С <u>будь-яке число, відмінне від 0,</u> означає “істину” (виконання умови), а 0 - “хибність” (не виконання).'),
	(216, 100, 31, 'example', 4, '<p><strong><span style="color: rgb(155, 187, 89);">// визначення більшого з двох чисел</span></strong></p><p><strong><span style="color: rgb(79, 129, 189);">#include &lt;stdio.h&gt;</span></strong></p>\r\n<p><strong><span style="color: rgb(79, 129, 189);">main()</span></strong></p><p><strong><span style="color: rgb(79, 129, 189);">{</span></strong></p><p style="margin-left: 20px;"><strong><span style="color: rgb(79, 129, 189);">float A, B, Max; </span></strong><span style="color: rgb(155, 187, 89);"><strong>// </strong><strong>A</strong> <strong>і</strong> <strong>B</strong><strong> - числа, що порівнюються, </strong><strong>Max</strong></span><strong><span style="color: rgb(155, 187, 89);"> - допоміжна змінна</span></strong></p>\r\n<p style="margin-left: 20px;"><strong><span style="color: rgb(79, 129, 189);">printf("Input A and B : "); </span></strong> <strong><span style="color: rgb(155, 187, 89);">// підказка</span></strong></p><p style="margin-left: 20px;"><span style="color: rgb(79, 129, 189);"><strong>scanf ( "%f%f", &amp;A, &amp;B );</strong> </span><strong><span style="color: rgb(155, 187, 89);">// введення чисел з клавіатури</span></strong></p><p style="margin-left: 20px;"><strong><span style="color: rgb(79, 129, 189);">if ( A &gt; B )</span> </strong> <strong><span style="color: rgb(155, 187, 89);">// умова</span></strong></p><p style="margin-left: 40px;"><strong><span style="color: rgb(79, 129, 189);">Max = A; </span></strong></p><p style="margin-left: 20px;"><strong><span style="color: rgb(79, 129, 189);">else</span></strong></p><p style="margin-left: 40px;"><strong><span style="color: rgb(79, 129, 189);">Max = B; </span></strong></p><p style="margin-left: 20px;"><strong><span style="color: rgb(79, 129, 189);">printf ( "Max value is %f", Max ); </span></strong><span style="color: rgb(155, 187, 89);"><strong>// вивести на екран змінну </strong><strong>Max</strong></span><strong><span style="color: rgb(155, 187, 89);">, яка дорівнює більшому з 2-х введених чисел</span></strong><br></p><p style="margin-left: 20px;"><strong><span style="color: rgb(79, 129, 189);">getchar();</span></strong></p><p><strong><span style="color: rgb(79, 129, 189);">}</span></strong></p><p><strong><br></strong></p>'),
	(217, 100, 33, 'text', 1, '<p>В операторі <strong><span style="color: rgb(192, 80, 77);">if-else</span></strong> в блоки “якщо” та “інакше” можуть входити, зокрема, інші “вкладені” оператори <span style="color: rgb(192, 80, 77);"><strong>if-else</strong> </span>. В такому разі слід пам’ятати: <em>кожен оператор </em><strong><span style="color: rgb(192, 80, 77);">else</span></strong><em> відноситься до того оператора </em><span style="color: rgb(192, 80, 77);"><strong>if</strong></span><em><strong>, </strong>з яким у нього спільна умова</em><strong>. Для уникнення плутанини відповідний текст програми слід писати у стилі “сходинки”, зсуваючи внутрішні “вкладені” оператори вправо за допомогою табуляції (клавіша Tab).</strong></p>'),
	(218, 100, 34, 'example', 4, '<p><span style="color: rgb(79, 129, 189);"><strong>...</strong></span></p><p><strong><span style="color: rgb(79, 129, 189);">if ( score &gt; 65 )</span></strong></p><p style="margin-left: 20px;"><strong><span style="color: rgb(79, 129, 189);">if ( score &gt; 90 )</span></strong></p><p style="margin-left: 40px;"><strong><span style="color: rgb(79, 129, 189);">printf ( "Ви отримали залік автоматично" );</span></strong></p><p style="margin-left: 20px;"><strong><span style="color: rgb(79, 129, 189);">else</span></strong></p><p style="margin-left: 40px;"><strong><span style="color: rgb(79, 129, 189);">printf ( "Вам слід пройти складання заліку" );</span></strong></p><p><strong><span style="color: rgb(79, 129, 189);">else</span></strong></p><p style="margin-left: 20px;"><strong><span style="color: rgb(79, 129, 189);">printf ( "Ви не допущені до заліку" );</span></strong></p><strong><span style="color: rgb(79, 129, 189);">…</span></strong>'),
	(219, 100, 35, 'text', 1, '<p><u>Примітка:</u> якщо між операторними дужками “<strong><span style="color: rgb(192, 80, 77);">{ }</span></strong>” передбачається <em>лише один оператор</em> - їх можна опустити (див. останній зразок).</p>'),
	(220, 100, 36, 'task', 5, '<p>1. Зробіть наведений фрагмент коду частиною програми з усіма необхідними атрибутами (директивами <strong><span style="color: rgb(192, 80, 77);">#include</span></strong>, головною функцією <strong><span style="color: rgb(192, 80, 77);">main()</span></strong>, оголошенням змінних, їх введенням з клавіатури тощо).</p><p>2. Відредагуйте програму до робочого стану (щоб при введенні певних значень видавала коректні результати).</p>3. Модифікуйте <u>всі</u> оператори умови до скороченого вигляду.'),
	(221, 100, 37, 'text', 1, '<p>Особливий випадок застосування умовного оператора - наявність <em>складної умови. </em>В таких умовах <u>два і більше логічних відношень</u> поєднуються за допомогою <em>логічних операцій</em>:</p><p><span style="color: rgb(79, 129, 189);"><strong>( умова1 </strong><strong>&amp;&amp;</strong><strong> умова2 )</strong> </span>- <em><strong>операція “І” </strong></em><strong>(істинна</strong> <u><span>лише</span> при виконанні </u><em><u>одночасно обох умов</u></em><strong>);</strong></p><p><span style="color: rgb(79, 129, 189);"><strong>( умова1 </strong><strong>||</strong></span><strong><span style="color: rgb(79, 129, 189);"> умова2 )</span></strong> - <em><strong>операція “АБО”</strong> </em><strong>(істинна</strong> при виконанні <em>хоча б однієї умови</em><strong>);</strong></p><span style="color: rgb(79, 129, 189);"><strong>( </strong><strong>!</strong></span><strong><span style="color: rgb(79, 129, 189);"> умова )</span></strong> - <em><strong>операція “НЕ” (заперечення умови)</strong> </em>(“істину” змінює на “хибність” і навпаки).'),
	(222, 100, 38, 'example', 4, '<p><span style="color: rgb(79, 129, 189);"><strong>#include &lt;stdio.h&gt;</strong></span></p><p><strong><span style="color: rgb(79, 129, 189);">main()</span></strong><br></p><p><strong><span style="color: rgb(79, 129, 189);">{</span></strong></p><p style="margin-left: 20px;"><strong><span style="color: rgb(79, 129, 189);">int age;</span><span style="color: rgb(155, 187, 89);"> </span></strong><strong><span style="color: rgb(155, 187, 89);">// ціле число - вік людини</span></strong></p><p style="margin-left: 20px;"><strong><span style="color: rgb(79, 129, 189);">printf ( "\\nВкажіть ваш вік: " ); </span></strong><strong><span style="color: rgb(155, 187, 89);">// підказка</span></strong></p><p style="margin-left: 20px;"><strong><span style="color: rgb(79, 129, 189);">scanf ( "%d", &amp;age );</span></strong><span style="color: rgb(155, 187, 89);"> </span><strong><span style="color: rgb(155, 187, 89);">// введення з клавіатури</span></strong></p><p style="margin-left: 20px;"><strong><span style="color: rgb(79, 129, 189);">if ( 25 &lt;= age &amp;&amp; age &lt;= 40 )</span><span style="color: rgb(155, 187, 89);"> </span></strong><strong><span style="color: rgb(155, 187, 89);">// складна умова</span></strong></p><p style="margin-left: 40px;"><strong><span style="color: rgb(79, 129, 189);">printf ( "Вітаємо! Вас запрошено на співбесіду" );</span></strong></p><p style="margin-left: 20px;"><strong><span style="color: rgb(79, 129, 189);">else</span></strong></p><p style="margin-left: 40px;"><strong><span style="color: rgb(79, 129, 189);">printf ( "Прикро, але Ви перевищили віковий ценз" );</span></strong></p><p style="margin-left: 20px;"><strong><span style="color: rgb(79, 129, 189);">getchar();</span></strong></p><strong><span style="color: rgb(79, 129, 189);">}</span></strong>'),
	(223, 100, 39, 'text', 1, '<p><u></u><strong><u>Важливо</u>:</strong> при визначенні результату складної умови (“істина” чи “хибність”) слід суворо притримуватись наступного пріоритету логічних операцій і відношень:</p><ol><li>операції в дужках;</li><li>операція “НЕ”;</li><li>логічні відношення (більше, менше, дорівнює, не дорівнює тощо);</li><li>операція “І”;</li><li>операція “АБО”.</li></ol><em>Для зміни </em>порядку дій використовують дужки “<strong><span style="color: rgb(192, 80, 77);">()</span></strong>” (за аналогією арифметичних операцій).'),
	(224, 100, 40, 'task', 5, '<p>В останньому прикладі замініть оператор <strong><span style="color: rgb(192, 80, 77);">else</span></strong> <u>коректною</u> умовою, альтернативною до попередньої.</p>'),
	(225, 100, 10, 'label', 8, '<p><strong>Частина 3. </strong><strong>Правила формального опису мови програмування</strong></p>'),
	(226, 48, 2, 'task', 5, '<p>jhgf</p>'),
	(227, 73, 1, 'text', 1, '<p><a class="in-cell-link" href="https://ru.wikipedia.org/wiki/%D0%94%D0%B8%D1%84%D1%84%D0%B5%D1%80%D0%B5%D0%BD%D1%86%D0%B8%D0%B0%D0%BB%D1%8C%D0%BD%D0%BE%D0%B5_%D1%83%D1%80%D0%B0%D0%B2%D0%BD%D0%B5%D0%BD%D0%B8%D0%B5" target="_blank">https://ru.wikipedia.org/wiki/%D0%94%D0%B8%D1%84%D1%84%D0%B5%D1%80%D0%B5%D0%BD%D1%86%D0%B8%D0%B0%D0%BB%D1%8C%D0%BD%D0%BE%D0%B5_%D1%83%D1%80%D0%B0%D0%B2%D0%BD%D0%B5%D0%BD%D0%B8%D0%B5</a></p><p><a class="in-cell-link" href="https://ru.wikipedia.org/wiki/%D0%94%D0%B8%D1%84%D1%84%D0%B5%D1%80%D0%B5%D0%BD%D1%86%D0%B8%D0%B0%D0%BB%D1%8C%D0%BD%D0%BE%D0%B5_%D1%83%D1%80%D0%B0%D0%B2%D0%BD%D0%B5%D0%BD%D0%B8%D0%B5" target="_blank">https://ru.wikipedia.org/wiki/%D0%94%D0%B8%D1%84%D1%84%D0%B5%D1%80%D0%B5%D0%BD%D1%86%D0%B8%D0%B0%D0%BB%D1%8C%D0%BD%D0%BE%D0%B5_%D1%83%D1%80%D0%B0%D0%B2%D0%BD%D0%B5%D0%BD%D0%B8%D0%B5</a><span class="redactor-invisible-space"><br></span></p><p><span class="redactor-invisible-space"><a class="in-cell-link" href="https://ru.wikipedia.org/wiki/%D0%94%D0%B8%D1%84%D1%84%D0%B5%D1%80%D0%B5%D0%BD%D1%86%D0%B8%D0%B0%D0%BB%D1%8C%D0%BD%D0%BE%D0%B5_%D1%83%D1%80%D0%B0%D0%B2%D0%BD%D0%B5%D0%BD%D0%B8%D0%B5" target="_blank">https://ru.wikipedia.org/wiki/%D0%94%D0%B8%D1%84%D1%84%D0%B5%D1%80%D0%B5%D0%BD%D1%86%D0%B8%D0%B0%D0%BB%D1%8C%D0%BD%D0%BE%D0%B5_%D1%83%D1%80%D0%B0%D0%B2%D0%BD%D0%B5%D0%BD%D0%B8%D0%B5</a><span class="redactor-invisible-space"><br></span></span></p><p><span class="redactor-invisible-space"><span class="redactor-invisible-space"><a class="in-cell-link" href="https://ru.wikipedia.org/wiki/%D0%94%D0%B8%D1%84%D1%84%D0%B5%D1%80%D0%B5%D0%BD%D1%86%D0%B8%D0%B0%D0%BB%D1%8C%D0%BD%D0%BE%D0%B5_%D1%83%D1%80%D0%B0%D0%B2%D0%BD%D0%B5%D0%BD%D0%B8%D0%B5" target="_blank">https://ru.wikipedia.org/wiki/%D0%94%D0%B8%D1%84%D1%84%D0%B5%D1%80%D0%B5%D0%BD%D1%86%D0%B8%D0%B0%D0%BB%D1%8C%D0%BD%D0%BE%D0%B5_%D1%83%D1%80%D0%B0%D0%B2%D0%BD%D0%B5%D0%BD%D0%B8%D0%B5</a><span class="redactor-invisible-space"><br></span></span></span></p>'),
	(228, 73, 2, 'text', 1, '<p><b>Дифференциа́льное уравне́ние</b> — <a href="https://ru.wikipedia.org/wiki/%D0%A3%D1%80%D0%B0%D0%B2%D0%BD%D0%B5%D0%BD%D0%B8%D0%B5" title="Уравнение">уравнение</a>, связывающее значение <a href="https://ru.wikipedia.org/wiki/%D0%9F%D1%80%D0%BE%D0%B8%D0%B7%D0%B2%D0%BE%D0%B4%D0%BD%D0%B0%D1%8F_%D1%84%D1%83%D0%BD%D0%BA%D1%86%D0%B8%D0%B8" title="Производная функции">производной</a> <a href="https://ru.wikipedia.org/wiki/%D0%A4%D1%83%D0%BD%D0%BA%D1%86%D0%B8%D1%8F_(%D0%BC%D0%B0%D1%82%D0%B5%D0%BC%D0%B0%D1%82%D0%B8%D0%BA%D0%B0)" title="Функция (математика)">функции</a> с самой функцией, значениями независимой переменной, числами (параметрами). Порядок входящих в уравнение производных может быть различен (формально он ничем не ограничен). Производные, функции, независимые переменные и параметры могут входить в уравнение в различных комбинациях или все, кроме хотя бы одной производной, отсутствовать вовсе. Не любое уравнение, содержащее производные неизвестной функции, является дифференциальным уравнением. Например, <img alt="\\ f\'(x)=f(f(x))" src="https://upload.wikimedia.org/math/8/7/f/87f42703aac484c88d1841e8f584619b.png"> не является дифференциальным уравнением.<sup><a href="https://ru.wikipedia.org/wiki/%D0%92%D0%B8%D0%BA%D0%B8%D0%BF%D0%B5%D0%B4%D0%B8%D1%8F:%D0%A1%D1%81%D1%8B%D0%BB%D0%BA%D0%B8_%D0%BD%D0%B0_%D0%B8%D1%81%D1%82%D0%BE%D1%87%D0%BD%D0%B8%D0%BA%D0%B8" title="Википедия:Ссылки на источники">[<i>источник не указан 230 дней</i>]</a></sup>\n</p>\n<p>Дифференциальное уравнение порядка выше первого можно преобразовать в систему уравнений первого порядка, в которой число уравнений равно порядку исходного уравнения.\n</p>\n<p>Современные быстродействующие ЭВМ эффективно дают численное решение обыкновенных дифференциальных уравнений, не требуя получения его решения в аналитическом виде. Это позволило некоторым исследователям утверждать, что решение задачи получено, если её удалось свести к решению <a href="https://ru.wikipedia.org/wiki/%D0%9E%D0%B1%D1%8B%D0%BA%D0%BD%D0%BE%D0%B2%D0%B5%D0%BD%D0%BD%D0%BE%D0%B5_%D0%B4%D0%B8%D1%84%D1%84%D0%B5%D1%80%D0%B5%D0%BD%D1%86%D0%B8%D0%B0%D0%BB%D1%8C%D0%BD%D0%BE%D0%B5_%D1%83%D1%80%D0%B0%D0%B2%D0%BD%D0%B5%D0%BD%D0%B8%D0%B5" title="Обыкновенное дифференциальное уравнение">обыкновенного дифференциального уравнения</a>.\n</p>'),
	(229, 73, 3, 'final task', 6, '<p><b>Дифференциа́льное уравне́ние</b> — <a href="https://ru.wikipedia.org/wiki/%D0%A3%D1%80%D0%B0%D0%B2%D0%BD%D0%B5%D0%BD%D0%B8%D0%B5" title="Уравнение">уравнение</a>, связывающее значение <a href="https://ru.wikipedia.org/wiki/%D0%9F%D1%80%D0%BE%D0%B8%D0%B7%D0%B2%D0%BE%D0%B4%D0%BD%D0%B0%D1%8F_%D1%84%D1%83%D0%BD%D0%BA%D1%86%D0%B8%D0%B8" title="Производная функции">производной</a> <a href="https://ru.wikipedia.org/wiki/%D0%A4%D1%83%D0%BD%D0%BA%D1%86%D0%B8%D1%8F_(%D0%BC%D0%B0%D1%82%D0%B5%D0%BC%D0%B0%D1%82%D0%B8%D0%BA%D0%B0)" title="Функция (математика)">функции</a> с самой функцией, значениями независимой переменной, числами (параметрами). Порядок входящих в уравнение производных может быть различен (формально он ничем не ограничен). Производные, функции, независимые переменные и параметры могут входить в уравнение в различных комбинациях или все, кроме хотя бы одной производной, отсутствовать вовсе. Не любое уравнение, содержащее производные неизвестной функции, является дифференциальным уравнением. Например, <img alt="\\ f\'(x)=f(f(x))" src="https://upload.wikimedia.org/math/8/7/f/87f42703aac484c88d1841e8f584619b.png"> не является дифференциальным уравнением.<sup><a href="https://ru.wikipedia.org/wiki/%D0%92%D0%B8%D0%BA%D0%B8%D0%BF%D0%B5%D0%B4%D0%B8%D1%8F:%D0%A1%D1%81%D1%8B%D0%BB%D0%BA%D0%B8_%D0%BD%D0%B0_%D0%B8%D1%81%D1%82%D0%BE%D1%87%D0%BD%D0%B8%D0%BA%D0%B8" title="Википедия:Ссылки на источники">[<i>источник не указан 230 дней</i>]</a></sup></p><p>Дифференциальное уравнение порядка выше первого можно преобразовать в систему уравнений первого порядка, в которой число уравнений равно порядку исходного уравнения.</p><p>Современные быстродействующие ЭВМ эффективно дают численное решение обыкновенных дифференциальных уравнений, не требуя получения его решения в аналитическом виде. Это позволило некоторым исследователям утверждать, что решение задачи получено, если её удалось свести к решению<a href="https://ru.wikipedia.org/wiki/%D0%9E%D0%B1%D1%8B%D0%BA%D0%BD%D0%BE%D0%B2%D0%B5%D0%BD%D0%BD%D0%BE%D0%B5_%D0%B4%D0%B8%D1%84%D1%84%D0%B5%D1%80%D0%B5%D0%BD%D1%86%D0%B8%D0%B0%D0%BB%D1%8C%D0%BD%D0%BE%D0%B5_%D1%83%D1%80%D0%B0%D0%B2%D0%BD%D0%B5%D0%BD%D0%B8%D0%B5" title="Обыкновенное дифференциальное уравнение">обыкновенного дифференциального уравнения</a>.</p>'),
	(230, 73, 4, 'final task', 6, '<p><b>Дифференциа́льное уравне́ние</b> — <a href="https://ru.wikipedia.org/wiki/%D0%A3%D1%80%D0%B0%D0%B2%D0%BD%D0%B5%D0%BD%D0%B8%D0%B5" title="Уравнение">уравнение</a>, связывающее значение <a href="https://ru.wikipedia.org/wiki/%D0%9F%D1%80%D0%BE%D0%B8%D0%B7%D0%B2%D0%BE%D0%B4%D0%BD%D0%B0%D1%8F_%D1%84%D1%83%D0%BD%D0%BA%D1%86%D0%B8%D0%B8" title="Производная функции">производной</a> <a href="https://ru.wikipedia.org/wiki/%D0%A4%D1%83%D0%BD%D0%BA%D1%86%D0%B8%D1%8F_(%D0%BC%D0%B0%D1%82%D0%B5%D0%BC%D0%B0%D1%82%D0%B8%D0%BA%D0%B0)" title="Функция (математика)">функции</a> с самой функцией, значениями независимой переменной, числами (параметрами). Порядок входящих в уравнение производных может быть различен (формально он ничем не ограничен). Производные, функции, независимые переменные и параметры могут входить в уравнение в различных комбинациях или все, кроме хотя бы одной производной, отсутствовать вовсе. Не любое уравнение, содержащее производные неизвестной функции, является дифференциальным уравнением. Например, <img alt="\\ f\'(x)=f(f(x))" src="https://upload.wikimedia.org/math/8/7/f/87f42703aac484c88d1841e8f584619b.png"> не является дифференциальным уравнением.<sup><a href="https://ru.wikipedia.org/wiki/%D0%92%D0%B8%D0%BA%D0%B8%D0%BF%D0%B5%D0%B4%D0%B8%D1%8F:%D0%A1%D1%81%D1%8B%D0%BB%D0%BA%D0%B8_%D0%BD%D0%B0_%D0%B8%D1%81%D1%82%D0%BE%D1%87%D0%BD%D0%B8%D0%BA%D0%B8" title="Википедия:Ссылки на источники">[<i>источник не указан 230 дней</i>]</a></sup>\r\n</p>\r\n<p>Дифференциальное уравнение порядка выше первого можно преобразовать в систему уравнений первого порядка, в которой число уравнений равно порядку исходного уравнения.\r\n</p>\r\n<p>Современные быстродействующие ЭВМ эффективно дают численное решение обыкновенных дифференциальных уравнений, не требуя получения его решения в аналитическом виде. Это позволило некоторым исследователям утверждать, что решение задачи получено, если её удалось свести к решению<a href="https://ru.wikipedia.org/wiki/%D0%9E%D0%B1%D1%8B%D0%BA%D0%BD%D0%BE%D0%B2%D0%B5%D0%BD%D0%BD%D0%BE%D0%B5_%D0%B4%D0%B8%D1%84%D1%84%D0%B5%D1%80%D0%B5%D0%BD%D1%86%D0%B8%D0%B0%D0%BB%D1%8C%D0%BD%D0%BE%D0%B5_%D1%83%D1%80%D0%B0%D0%B2%D0%BD%D0%B5%D0%BD%D0%B8%D0%B5" title="Обыкновенное дифференциальное уравнение">обыкновенного дифференциального уравнения</a>.\r\n</p>'),
	(231, 73, 6, 'text', 1, '<p>vdvdfgdfgdf</p>'),
	(232, 112, 1, 'text', 1, '<p>fffffffffffffssssssssssssss\n</p>'),
	(233, 113, 1, 'task', 5, '<p>Задача 1</p>'),
	(236, 112, 2, 'final task', 6, '<p><span style="color: rgb(204, 193, 217);">11111111111111</span>\n</p>\n<p><span style="color: rgb(204, 193, 217);"><a href="http://www.yiiframework.com/doc/guide/1.1/ru/topics.auth">http://www.yiiframework.com/doc/guide/1.1/ru/topic...</a><br></span>\n</p>\n<p><span style="color: rgb(204, 193, 217);"><a href="http://www.yiiframework.com/doc/guide/1.1/ru/topics.auth">http://www.yiiframework.com/doc/guide/1.1/ru/topic...</a><span class="redactor-invisible-space"><br></span></span>\n</p>'),
	(237, 112, 3, 'text', 1, '<p>аропропропр</p>'),
	(238, 101, 1, 'label', 8, '<p>Вступ</p>'),
	(239, 101, 2, 'text', 1, '<p>Тепер, ознайомившись із загальною структурою програми і основними принципами процесу програмування (присвоювання, розгалудження та повторювання), настав час заглибитись в інші тонкощі синтаксису мови С.</p><p>В рамках даного заняття ми освоїмо:</p><ol><li>основні типи даних, які підлягають обробці під час виконання програми;</li><li>правила оголошення і використання змінних;</li><li>основні операції над даними; суть поняття “оператор”;</li><li>правила запису виразів, що містять змінні, константи та операції над ними;</li><li>розберемося з пріоритетами виконання в програмі різних операцій;</li><li>вивчимо основні оператори, призначені для введення даних в змінні і їх виведення на екран;</li><li>і насамкінець - познайомимося з правилами оголошення і виконання типових дій над даними, що містяться в спеціальних структурах (“сховищах”) однотипних даних під назвою “масиви” (одно- і двовимірних).</li></ol>'),
	(240, 101, 3, 'label', 8, '<p><strong>Частина 1. Типи даних</strong></p>'),
	(241, 101, 4, 'text', 1, '<p>Будь-яка програма працює з <em>даними.</em> Дані, в свою чергу, зберігаються у пам’яті в двійковому коді (набір нулів і одиниць). Однак в залежності від того, працюємо ми з числами чи з текстом (а числа, в свою чергу, бувають цілі й дійсні), обробка цих даних буде відбуватись по-різному. Тому для програми важливо розрізняти <em>типи даних</em>, щоб застосовувати коректні і допустимі методи їх обробки.</p><p>Основними типами даних в програмуванні на мові С є наступні.</p><ul><li><strong>цілі числа</strong> :</li></ul><ul><li>призначені для виконання операцій з певною дискретною кількістю об’єктів;</li><li>можуть бути додатні й від’ємні: 3, 20000, -25 тощо;</li><li>в більшості випадків оголошуються як <strong><span style="color: rgb(192, 80, 77);">int</span></strong> : займають в пам’яті комірку розміром 4 байти, діапазон значень [-2147483648; 2147483647] (для 32-розрядної операційної системи);</li><li>дещо рідше застосовуються <strong><span style="color: rgb(192, 80, 77);">long (long int)</span></strong> (4 байти пам’яті) і <strong><span style="color: rgb(192, 80, 77);">short</span></strong> (2 байти пам’яті, діапазон значень [-32768; 32767]).</li></ul><p><u>Примітки: </u>а) тип <strong><span style="color: rgb(192, 80, 77);">int</span></strong> є <em>апаратно залежним</em> (його розмірність відповідає розрядності системи), в той час як <strong><span style="color: rgb(192, 80, 77);">long</span> </strong>і <strong><span style="color: rgb(192, 80, 77);">short</span></strong> - завжди фіксовані;</p><p>б) обробка даних типу <strong><span style="color: rgb(192, 80, 77);">int</span></strong> завжди здійснюється <em>швидше</em> в порівнянні з <strong><span style="color: rgb(192, 80, 77);">long</span> </strong>і <strong><span style="color: rgb(192, 80, 77);">short</span></strong>.</p><ul><li><strong>символи</strong> :</li></ul><ul><li>призначені для зберігання ASCII-кодів символів, дещо рідше - для представлення <em>цілих чисел</em> в діапазоні [-128; 127];</li><li>оголошуються як <strong><span style="color: rgb(192, 80, 77);">char</span></strong>; займають в пам’яті комірку розміром 1 байт.</li></ul>\r\n<ul><li><strong>дійсні числа</strong> :</li></ul><ul><li>призначені для виконання операцій з числами, якими вимірюються деякі <em>неперервні величини</em> (температура, відстань, швидкість тощо);</li><li>мають як цілу, так і дробову частину, можуть бути додатні й від’ємні: 354.3647537, 0.0048376, -10.7;</li><li>поділяються на три типи: <span style="color: rgb(192, 80, 77);"><strong>float</strong>, </span><strong><span style="color: rgb(192, 80, 77);">double</span></strong> і <strong><span style="color: rgb(192, 80, 77);">long double</span></strong>;</li><li>тип <strong><span style="color: rgb(192, 80, 77);">float</span> </strong>: зберігає числа в інтервалі [-3.4*10^38; 3.4*10^38], з точністю до 7 знаків після коми; займає в пам’яті комірку розміром 4 байти;</li><li>тип <strong><span style="color: rgb(192, 80, 77);">double</span></strong>: зберігає числа в інтервалі [-1.7*10^308; 1.7*10^308], з точністю до 15 знаків після коми; займає в пам’яті комірку розміром 8 байтів;</li><li>тип <strong><span style="color: rgb(192, 80, 77);">long double</span></strong>: як правило, має характеристики, аналогічні <strong><span style="color: rgb(192, 80, 77);">double</span></strong>, однак в різних компіляторах вони можуть відрізнятись.</li></ul>\r\n<ul><li><strong>логічні (булеві) величини</strong> :</li></ul><ul><li>використовуються для зберігання результатів різних логічних операцій типу “І”, “АБО”, “НЕ” і їх співвідношень;</li><li>характеризується <em>лише двома значеннями:</em> <strong><span style="color: rgb(192, 80, 77);">true</span> </strong>(істина) і <strong><span style="color: rgb(192, 80, 77);">false</span> </strong>(хибність);</li><li>оголошуються як <strong><span style="color: rgb(192, 80, 77);">bool</span></strong>; займають в пам’яті комірку розміром 1 байт.</li></ul><p><u>Примітка</u>: 1) теоретично розмір комірки із значенням типу <strong><span style="color: rgb(192, 80, 77);">bool</span></strong> має бути <strong>1 біт </strong>(1 або 0, що відповідає <strong><span style="color: rgb(192, 80, 77);">true</span> </strong>і <strong><span style="color: rgb(192, 80, 77);">false</span></strong>). Однак більшість компіляторів виділяють під величини <strong><span style="color: rgb(192, 80, 77);">bool</span></strong> реально <strong>1 байт</strong> з метою пришвидшення доступу;</p><p>2) зважаючи на 1), компілятор прирівнює до <strong><span style="color: rgb(192, 80, 77);">false</span> </strong>значення булевої комірки 0, а всі інші (ненульові) - до <strong><span style="color: rgb(192, 80, 77);">true</span></strong>.</p><strong>Важливо</strong>: допустимі діапазони цілочисельних типів можуть бути <em>змінені</em> за рахунок “примусового” виключення з них <em>від’ємних значень</em>. Такі типи оголошуються за допомогою ключового слова <strong><span style="color: rgb(192, 80, 77);">unsigned</span></strong>, а саме: <strong><span style="color: rgb(192, 80, 77);">unsigned char, unsigned int, unsigned short, unsigned long</span></strong>. Для величин цих типів <em>ліва границя</em> - <u>переміщується в 0</u>, а <em>права</em> - <u>збільшується вдвічі.</u>'),
	(242, 101, 5, 'label', 8, '<p><strong>Частина 2. Змінні</strong>\n</p>'),
	(243, 101, 6, 'text', 1, '<p>Щоб здійснювати обробку даних, які зберігаються в пам’яті - до них потрібно звертатись. В програмуванні це здійснюється шляхом “звертання по імені”. Кожній комірці пам’яті, що зберігає потрібну величину, присвоюється своє ім’я - така комірка стає <em>змінною</em>.</p><p><strong><em>Змінна</em> - це комірка в пам’яті, яка має своє ім’я і зберігає деяке значення. Значення змінної під час роботи програми може <u>змінюватись</u> (звідси й назва - “змінна”). Запис в комірку нового значення <u>стирає старе значення.</u></strong></p><p><u>Основні правила використання змінних в програмі на С:</u></p><p>а) кожна змінна перед використанням має бути <em>оголошена</em> (на початку програми або безпосередньо перед першим оператором з її участю);</p><p>б) оголошення змінної передбачає:</p><ul><li>вказати її тип;</li><li>за типом - ім’я змінної (одне або декілька через кому);</li></ul><p>в) при оголошенні змінну можна <em>ініціалізувати</em> - одразу присвоїти їй початкове значення;</p><p>г) якщо змінна <em>не ініціалізована</em> - в ній зберігається “сміття” (попереднє значення комірки).</p><u>Примітка</u>: імена змінних формуються за правилами створення <u>ідентифікаторів.</u>'),
	(244, 101, 7, 'example', 4, '<p><strong>Приклад</strong> оголошення змінних:</p><p><strong><span style="color: rgb(79, 129, 189);">…</span> </strong></p><p><strong><span style="color: rgb(79, 129, 189);">int a;</span> </strong> <strong><span style="color: rgb(155, 187, 89);">// виділено комірку пам’яті під цілу змінну </span></strong><strong><span style="color: rgb(155, 187, 89);">a</span></strong></p><p><strong><span style="color: rgb(79, 129, 189);">float b, c;</span> </strong> <span style="color: rgb(155, 187, 89);"><strong>// аналогічно - для двох дійсних змінних </strong><strong>b</strong><strong> і </strong></span><strong><span style="color: rgb(155, 187, 89);">c</span></strong></p><p><strong><span style="color: rgb(79, 129, 189);">int Tu104, Il86=23, Yak42;</span> </strong> <strong><span style="color: rgb(155, 187, 89);">// три цілих змінних,</span></strong></p><p style="margin-left: 180px;"><span style="color: rgb(155, 187, 89);"><strong></strong><strong>// </strong><strong>Il86 </strong><strong>одразу ініціалізується числом </strong></span><strong><span style="color: rgb(155, 187, 89);">23</span></strong></p><p><strong><span style="color: rgb(79, 129, 189);">float x=4.56, y, z;</span> </strong> <strong><span style="color: rgb(155, 187, 89);">// три дійсних змінних,</span></strong></p><p style="margin-left: 120px;"><span style="color: rgb(155, 187, 89);"><strong>// </strong><strong>x</strong><strong> ініціалізується числом </strong></span><strong><span style="color: rgb(155, 187, 89);">4.56</span></strong></p><p><strong><span style="color: rgb(79, 129, 189);">char c, c2=\'A\', m;</span></strong> <strong><span style="color: rgb(155, 187, 89);">// три символьних змінних, </span></strong></p><p style="margin-left: 120px;"><span style="color: rgb(155, 187, 89);"><strong>// </strong><strong>c2</strong><strong> ініціалізується символом </strong></span><strong><span style="color: rgb(155, 187, 89);">\'A\'</span></strong></p><p><strong><span style="color: rgb(79, 129, 189);">…</span> </strong></p><p><strong><br></strong></p>'),
	(245, 101, 8, 'label', 8, '<p><strong>Частина 3. Операції і вирази</strong></p>'),
	(246, 101, 9, 'text', 1, '<p>Після того, як змінні оголошені і проініціалізовані (виділені комірки в пам’яті з даними), над ними можна виконувати необхідні дії, які носять назву <em>операцій</em>.</p><p><strong><em>Операція</em> - окрема дія над даними, в результаті якої дані зазнають змін або утворюються нові дані.</strong></p><p>Кожній операції в мові програмування відповідає певний <em>знак операції</em> - символ або група символів, за якими компілятор визначає необхідні дії над даними.</p><p>Складовою будь-якої операції є <em>операнди</em> - змінні або величини в явному вигляді, поєднані відповідними значками операції.</p><p>За кількістю операндів розрізняють <em>унарні</em> (з одним операндом) і <em>бінарні</em> (з двома операндами) операції.</p><p>За <em>типом</em> виконуваних дій над операндами операції також класифікують на <em>арифметичні, логічні, операції відношення, бітові операції </em>тощо.</p><p><u>Примітка:</u> в рамках заняття 1 нами було розглянуто <em>операцію присвоювання</em>, а також основні арифметичні, логічні операції та операції відношення.</p>\r\n<p>Як бачимо, в рамках однієї операції можуть опрацьовуватись максимум дві змінні.</p><p>З метою більш комплексного опрацювання змінних в мовах програмування застосовуються <em>вирази.</em></p><strong><em>Вираз</em> - це будь-яка осмислена комбінація змінних, чисельних значень і операцій, яка призводить до розрахунку деякого нового значення.</strong>'),
	(247, 101, 10, 'example', 4, '<p><strong>Приклади</strong> виразів в програмі на мові С:</p><p><strong><span style="color: rgb(79, 129, 189);">…</span></strong></p><p><strong><span style="color: rgb(79, 129, 189);">main()</span></strong></p><p><strong><span style="color: rgb(79, 129, 189);">{</span></strong></p><p><strong><span style="color: rgb(79, 129, 189);">…</span></strong></p><p style="margin-left: 20px;"><strong><span style="color: rgb(79, 129, 189);"></span></strong><strong><span style="color: rgb(79, 129, 189);">b=a+15;</span>                </strong><span></span><strong><span style="color: rgb(155, 187, 89);">// простий вираз</span></strong></p><p style="margin-left: 40px;"><strong></strong></p><p><strong><span style="color: rgb(79, 129, 189);">…</span></strong></p><p style="margin-left: 20px;"><strong><span style="color: rgb(79, 129, 189);"></span></strong><span style="font-size: 16px; line-height: 1.6em; color: rgb(79, 129, 189); background-color: initial;"><strong>c=(a-57)*b/3;</strong>     </span><strong><span style="color: rgb(155, 187, 89);">// складний вираз</span></strong></p><p style="margin-left: 40px;"><strong></strong></p><p><strong><span style="color: rgb(79, 129, 189);">… </span></strong></p><strong><span style="color: rgb(79, 129, 189);">}</span></strong>'),
	(248, 101, 11, 'text', 1, '<p>В наведеному прикладі вирази <em>є правими операндами </em>операції присвоювання, а їх значення присвоюється змінним <strong><span style="color: rgb(192, 80, 77);">b</span></strong> і <strong><span style="color: rgb(192, 80, 77);">c</span></strong>.\n</p>\n<p><em>Простий вираз</em> містить лише деяку одну операцію (унарну чи бінарну), якщо таких операцій більше - маємо <em>складний вираз.</em>\n</p>'),
	(249, 101, 12, 'text', 1, '<p><strong>Запитання: </strong>скільки операцій містить другий вираз у наведеному вище прикладі?</p>'),
	(250, 101, 13, 'task', 5, '<p>1) оформіть наведений вище приклад як робочу програму (з виведенням на екран результату розрахунку складного виразу);</p><p>2) розбийте складний вираз на декілька простих;</p>3) запрограмуйте послідовно всі одержані прості вирази з виведенням кінцевого результату, порівняйте його з початковим результатом розрахунку складного виразу (змінна <strong><span style="color: rgb(192, 80, 77);">с</span></strong>).'),
	(252, 81, 1, 'label', 8, '<p>chapter 1</p>'),
	(254, 111, 1, 'text', 1, '\\[\\alpha \\zeta\\]\r\n'),
	(256, 53, 3, 'task', 5, 'condition'),
	(257, 115, 1, 'text', 1, '<p><span style="color: inherit;" class="MathJax_Preview"></span>\n</p>\n<div style="text-align: center;" class="MathJax_Display"><span style="" mathjax-element-1-frame"="" class="MathJax"><nobr><span style="width: 7.016em; display: inline-block;" role="math" id="MathJax-Span-1" class="math"><span style="background-color: rgb(128, 100, 162);"><span style="display: inline-block; position: relative; width: 6.25em; height: 0px; font-size: 112%;"><span style="position: absolute; clip: rect(1.823em, 1000em, 3.158em, -1000em); top: -2.79em; left: 0em;" rel="position: absolute; clip: rect(1.823em, 1000em, 3.158em, -1000em); top: -2.79em; left: 0em;"><span id="MathJax-Span-2" class="mrow"><span style="font-family: MathJax_Main;" id="MathJax-Span-3" class="mn">2</span><span style="font-family: MathJax_Main; padding-left: 0.222em;" id="MathJax-Span-4" class="mo">+</span><span style="font-family: MathJax_Main; padding-left: 0.222em;" id="MathJax-Span-5" class="mn">6</span><span style="font-family: MathJax_Main; padding-left: 0.222em;" id="MathJax-Span-6" class="mo">+</span><span style="padding-left: 0.222em;" id="MathJax-Span-7" class="texatom"><span id="MathJax-Span-8" class="mrow"><span id="MathJax-Span-9" class="mo"><span style="font-family: STIXGeneral,&quot;Arial Unicode MS&quot;,serif; font-size: 89%; font-style: normal; font-weight: normal;">а</span></span></span></span><span style="font-family: MathJax_Main; padding-left: 0.278em;" id="MathJax-Span-10" class="mo">=</span><span style="font-family: MathJax_Main; padding-left: 0.278em;" id="MathJax-Span-11" class="mn">12</span></span><span style="display: inline-block; width: 0px; height: 2.79em;"></span></span></span></span><span style="border-left: 0em solid; display: inline-block; overflow: hidden; width: 0px; height: 1.245em; vertical-align: -0.287em;"></span></span></nobr></span>\n</div>2+6+а=12\n<p><span style="color: inherit;" class="MathJax_Preview"><br></span>\n</p>2+6+а=12'),
	(258, 115, 2, 'text', 1, '<p><span style="color: inherit;" class="MathJax_Preview"></span>\n</p>\n<div class="MathJax_Display MathJax_Processing"><span style="" ""="" "" class="MathJax"><nobr><span role="math" id="MathJax-Span-1" class="math"><span style="display: inline-block; position: relative; width: 0em; height: 0px; font-size: 112%;"><span style="position: absolute;"><span id="MathJax-Span-2" class="mrow"><span id="MathJax-Span-3" class="mstyle"><span id="MathJax-Span-4" class="mrow"><span style="font-size: 173%; font-family: MathJax_Math; font-style: italic;" id="MathJax-Span-5" class="mi">f<span style="display: inline-block; overflow: hidden; height: 1px; width: 0.06em;"></span></span><span style="font-size: 173%; font-family: MathJax_Math; font-style: italic;" id="MathJax-Span-6" class="mi">k</span><span style="font-size: 173%; font-family: MathJax_Math; font-style: italic;" id="MathJax-Span-7" class="mi">j</span><span style="font-size: 173%; font-family: MathJax_Math; font-style: italic;" id="MathJax-Span-8" class="mi">f<span style="display: inline-block; overflow: hidden; height: 1px; width: 0.06em;"></span></span><span style="font-size: 173%; font-family: MathJax_Math; font-style: italic;" id="MathJax-Span-9" class="mi">g<span style="display: inline-block; overflow: hidden; height: 1px; width: 0.003em;"></span></span><span style="font-size: 173%; font-family: MathJax_Math; font-style: italic;" id="MathJax-Span-10" class="mi">g<span style="display: inline-block; overflow: hidden; height: 1px; width: 0.003em;"></span></span><span style="font-size: 173%; font-family: MathJax_Math; font-style: italic;" id="MathJax-Span-11" class="mi">h</span><span style="font-size: 173%; font-family: MathJax_Math; font-style: italic;" id="MathJax-Span-12" class="mi">g<span style="display: inline-block; overflow: hidden; height: 1px; width: 0.003em;"></span></span><span style="font-size: 173%; font-family: MathJax_Math; font-style: italic;" id="MathJax-Span-13" class="mi">j</span><span style="font-size: 173%; font-family: MathJax_Math; font-style: italic;" id="MathJax-Span-14" class="mi">f<span style="display: inline-block; overflow: hidden; height: 1px; width: 0.06em;"></span></span><span style="font-size: 173%; font-family: MathJax_Math; font-style: italic;" id="MathJax-Span-15" class="mi">h</span><span style="font-size: 173%; font-family: MathJax_Math; font-style: italic;" id="MathJax-Span-16" class="mi">j</span><span style="font-size: 173%; font-family: MathJax_Math; font-style: italic;" id="MathJax-Span-17" class="mi">h</span></span></span></span></span></span></span></nobr></span>\n</div><span class="MathJax_Error">[Math Processing Error]</span>\\LARGE fkjfgghgjfhjh'),
	(259, 115, 3, 'text', 1, '$\\LARGE 5+5=10$ '),
	(278, 115, 4, 'example', 4, '<p>арспоо\n</p>'),
	(279, 115, 5, 'final task', 6, '<p>врпорпао\n</p>'),
	(280, 115, 6, 'label', 8, 'прапор'),
	(281, 115, 7, 'label', 8, '<p>рплолололол</p>'),
	(282, 115, 8, 'label', 8, 'мт<p> иьтбтб</p>'),
	(283, 115, 9, 'label', 8, '<p>тест</p><p>тест<br></p>'),
	(284, 115, 10, 'image', 9, '/images/lecture/14a5df0eeabe83abff9b90c0af24813e.jpg"'),
	(289, 80, 3, 'video', 2, '//www.youtube.com/embed/hVdq7P_MeY4"'),
	(290, 80, 4, 'task', 5, '<p><strong>Частина 1. Тестове завдання.</strong></p><p>Що потрібно, щоб стати кваліфікованим програмістом</p><ol><li>Отримати освіту</li><li>Знати і розуміти основи математики.</li><li>Натхнення.</li><li>Працювати та отримувати фаховий досвід.</li><li>Постійно вдосконалюватись.</li></ol>'),
	(293, 61, 1, 'text', 1, '$\\displaystyle \\prod$ '),
	(294, 61, 2, 'text', 1, '\\[\\prod\\]\r\n'),
	(295, 83, 2, 'video', 2, '//www.youtube.com/embed/fOW1aGjCumU"'),
	(296, 84, 3, 'video', 2, '//www.youtube.com/embed/aRo5QkEQ7RE"'),
	(298, 61, 3, 'text', 1, '\\[\\mathbb{P}\\prod \\bigcap\\]\r\n'),
	(300, 85, 2, 'video', 2, '//www.youtube.com/embed/erknN5gvCjE"'),
	(301, 86, 2, 'video', 2, '//www.youtube.com/embed/biMUfP8gL6E"'),
	(302, 61, 4, 'task', 5, 'fnekwfn'),
	(305, 117, 1, 'label', 8, '<p><strong>Що таке програмування?</strong></p>'),
	(306, 117, 4, 'text', 1, '<p>Якщо підходити формально, то програмування - це діяльність людини спрямована на розробку, реалізацію, тестування та підтримку комп’ютерних програм.</p><p>У широкому розумінні програмування - це процес розробки та реалізації будь-якого програмного продукту (операційної системи, програми для побутової техніки, програм та ігор для комп’ютерів, телефонів, планшетів, веб-сайтів та інше).</p><p>У вузькому розумінні - це процес кодування певного, попередньо розробленого, алгоритму. </p><p>Можливо програмування це наука? Адже щоб бути програмістом потрібно володіти математичними прийомами, знати математичні формули. Вирішення певного кола задач вимагає від програміста знання фізики, уміння користуватись фізичними формулами.</p><p>Але програмування не має власної системи знань. Немає чітко визначеної закономірності створення програм.</p><p>Отже неможливо сказати, що програмування це наука.</p><p>Тоді можливо програмування це мистецтво?</p><p>Адже щоб бути програмістом треба мати натхнення. Без натхнення у програмуванні не обійтись. Чим складніше завдання, тим складніше витягти натхнення з підсвідомості. Іноді для цього потрібні часи, іноді - тижні. Програмісти, як і митці, застосовують при написанні програм певні техніки та технології.</p><p>Але художники, музиканти, поети, письменники та інші митці, коли пишуть свої твори, намагаються відобразити своє сприйняття світу, виразити свої почуття…</p><p>Погодьтесь, що важко уявити програміста, який через написання програми намагається показати людям своє світосприйняття, або свої почуття.</p><p>Програмування поєднує у собі як і науку, так і мистецтво. Програміста можна порівняти зі столяром. Наприклад столяр отримав замовлення на виробництво дверей. Щоб двері були якісні, необхідно зробити їх креслення, врахувати особливості їх використання, зробити все “по науці”. Проте в замовник забажав, щоб столяр прикрасив двері, адже це будуть вхідні двері у будинок. Тут майстер застосовує своє вміння митця, щоб зробити на дверях певний візерунок.</p><p>Отже можна зробити висновок, що програмування - не мистецтво та не наука - це ремесло. Щоб стати майстром своєї справи столяр вчився, переймав науку у вчителів, вдосконалювався самостійно та отримував досвід. Так само і програміст - якщо програміст бажає стати професіоналом своєї справи він має вчитись постійно, працювати та отримувати досвід.</p>'),
	(309, 117, 6, 'label', 8, '<p><strong>Що потрібно щоб стати програмістом?</strong></p>'),
	(310, 117, 7, 'text', 1, '<p>У першу чергу треба мати бажання, як і у будь-якій справі. Ще потрібно мати терпіння, адже програмування - кропітка робота. Для написання програми та досягнення певного результату може знадобитись багато часу. Більша частка якого піде на тестування програми, пошук та виправлення помилок.\n</p>\n<p>Треба володіти математичними прийомами. Але програмування не потребує глибоких знань математики (окрім реалізації специфічних програм). Знання математики необхідно для логічного мислення, яке є основою розробки програмного забезпечення.\n</p>\n<p>Дуже велика кількість інформації щодо останніх технологій програмування викладена на англійській мові. Знання останніх тенденцій необхідно для підтримки знань програміста у актуальному стані. Саме тому знання англійської мови життєво важливо для програміста який бажає стати справжнім професіоналом своєї справи. Крім того, важливо знати де і як знайти потрібну інформацію, адже пам’ятати все неможливо.\n</p>\n<p>Необхідно знати і розуміти принципи функціонування комп’ютера, адже це основний робочий інструмент програміста.\n</p>\n<p>І звичайно потрібно знати мову програмування. А для того, щоб бути висококласним програмістом потрібно знати не одну мову програмування а певний набір (“стек” - від англійського слова stack - набор, пачка) технологій які використовуються для вирішення завдань, які ставляться перед програмістами. В цей стек технологій входять мови програмування, технології, які застосовуються у програмуванні, технології по роботі з базами даних та інше. Наприклад веб-програміст має знати та орієнтуватись у таких технологіях як - HTML, CSS, JavaScript, PHP.\n</p>\n<p>На початку 70 років вчений А. П. Єршов сказав\n</p>\n<blockquote>“Програміст має володіти здатністю першокласного математика до абстракції та логічного мислення у поєднанні з едісоновським талантом створювати все, що завгодно з нуля та одиниці. Він має поєднувати акуратність бухгалтера з проникливістю розвідника, фантазію автора детективних романів з тверезою практичністю економіста.”<br>\n</blockquote>'),
	(311, 117, 10, 'label', 8, '<p><strong>Що таке мова програмування.</strong></p>'),
	(312, 117, 11, 'text', 1, '<p>Мова програмування (англ. Programming language) — це штучна мова, створена для передачі команд машинам, зокрема комп\'ютерам. Мови програмування використовуються для створення<a href="https://uk.wikipedia.org/wiki/%D0%9A%D0%BE%D0%BC%D0%BF%E2%80%99%D1%8E%D1%82%D0%B5%D1%80%D0%BD%D0%B0_%D0%BF%D1%80%D0%BE%D0%B3%D1%80%D0%B0%D0%BC%D0%B0"> програм</a>, котрі контролюють поведінку машин, та запису алгоритмів.\n</p>\n<p>Мову програмування визначає набір лексичних, синтаксичних і семантичних правил, що задають зовнішній вигляд програми і дії, які виконує комп\'ютер під її управлінням.\n</p>\n<p>З часу створення перших програмованих машин було створено понад дві з половиною тисячі мов програмування. Щороку їх кількість поповнюється новими. Деякими мовами вміє користуватись тільки невелике число їх власних розробників, інші стають відомі мільйонам людей. Професійні програмісти зазвичай застосовують в своїй роботі декілька мов програмування.\n</p>\n<p>Мова програмування - це перш за все інструмент діяльності програміста. На мову програмування впливає характер задач, які вирішуються за допомогою цієї мови програмування. Неможна вивчати мову заради вивчення мови програмування. Неможливо вивчати мову програмування без поєднання з програмуванням.<br>\n</p>'),
	(313, 117, 13, 'label', 8, '<p><strong>Якою має бути програма?</strong></p>'),
	(314, 117, 14, 'text', 1, '<p style="text-align: justify;">При розробці програми програміст має намагатись створити програму яка буде відповідати наступним критеріям.</p><p><strong><del></del>Ефективність</strong>: програма має виконувати покладені на неї задачі за оптимальну (тобто мінімально можливу) кількість часу, без використання надмірної кількості ресурсів комп’ютера.</p><p style="text-align: justify;"><strong>Надійність</strong>: алгоритми програми мають бути розроблені таким чином, що результат роботи програми завжди був вірний.</p><p style="text-align: justify;"><strong>Стійкість</strong>: при розробці програми мають бути враховані нестандартні ситуації, наприклад отримання помилкових даних (випадково чи у результаті дій зловмисників), недоступність необхідних ресурсів (наприклад пам\'ять, локальна мережа).</p><p style="text-align: justify;"><strong>Зручність</strong>: програма має бути максимально зручною та доступною для кінцевого користувача.</p><p style="text-align: justify;"><strong>Переносимість</strong>: програма має працювати на різних комп’ютерах, операційних системах.</p><p style="text-align: justify;"><strong>Масштабованість</strong>: програма має бути простою для подальшого супроводження та поліпшення.</p>'),
	(315, 117, 17, 'label', 8, '<p><strong>Етапи програмування</strong></p>'),
	(316, 117, 18, 'text', 1, '<p>Умовно процес програмування можна поділити на наступні етапи</p><p><strong>Постановка задачі, створення моделі програми.</strong></p><p style="margin-left: 20px;"> На цьому етапі програміст (команда програмістів) має описати задачу, визначитись з форматом вхідних та вихідних даних, створити певну логічну (математичну) модель програми.</p><p><strong>Планування та вибір методу рішення задачі.</strong></p><p style="margin-left: 20px;"> На цьому етапі обираються способи та підходи вирішення задачі, в залежності від розміру задачі та кількості розробників, виділяються окремі задачі, які виконуються окремими програмістами.</p><p><strong>Розробка алгоритму.</strong></p><p style="margin-left: 20px;"> Після визначення методів вирішення задач та виділення окремих підзадач, визначаються ефективні алгоритми функціонування різних частин програми. Відбувається узгодження взаємодії різних частин програми між собою та обираються оптимальні спосіб зберігання даних програми (як у оперативній пам’яті, так і у постійній).</p><p><strong>Кодування.</strong></p><p style="margin-left: 20px;"> Коли проведена попередня робота з розробки загальної схеми (архітектури) програми, визначені основні алгоритми за якими буде працювати програма, обрані найбільш доречні структури даних та способи зберігання інформації відбувається безпосередньо написання коду програми.</p><p><strong>Тестування.</strong></p><p style="margin-left: 20px;"> Після написання програми вона перевіряється з метою контролю якості програми: стійкості, надійності, зручності та інше.</p><p><strong>Аналіз результатів роботи програми, складання технічної документації.</strong></p><p style="margin-left: 20px;"> З початку процесу розробки програми складається технічна документація, на кожному етапі вона доповнюється, уточнюється. У результаті розробки програми має бути готова повноцінна технічна документація яка б дозволила у подальшому забезпечити розширення функціоналу програми (масштабованість).</p><p><strong>Подальше супроводження.</strong></p><p style="margin-left: 20px;"> Цей етап полягає у підтримці функціонуванні програми, виправлені помилок, які виявляються у процесі експлуатації програми та вдосконалення функціоналу (за необхідності)\r\n</p><p>Звичайно, в залежності від призначення програми, її масштабу та мети її роботи загальна схема розробки може бути значно простішою.\r\n</p>'),
	(317, 117, 3, 'image', 9, '/images/lecture/89d4ad1124d0010139dd8e5d47700f52.jpg"></p'),
	(318, 118, 1, 'label', 8, '<p><strong>Функціонування комп’ютера.</strong></p>'),
	(319, 118, 2, 'text', 1, '<p>Головне завдання комп’ютера - це обчислення. Інші операції і скільки-небудь значимі з точки зору потреб людини дії, виконувані на ньому - похідні. Структура обчислень, про яких йде мова, багаторівнева.</p><p>На самому низькому рівні мікросхеми комп’ютери "обробляють" біти - двійкові сигнали, що складаються з нулів і одиниць. Ніяких інших цифр на цьому рівні немає, і на ньому комп\'ютер, швидше, не обчислює щось, а правильно розставляє послідовність нулів і одиниць. Для чого? Справа в тому, що 8 бітів утворять байт. Який, у свою чергу, стає основою наступного рівня обчислень. Нескладно підрахувати, що можлива кількість комбінацій бітів в одному байті - 256 тобто 2 в 8-й ступеня. Чому 2? Бо цифр в біті, як ми вже сказали вище, тільки дві - 0 і 1. На практиці об\'єднання бітів в байти дозволяє "закодувати" в останніх якусь інформацію. Наприклад, букву, цифру або, скажімо, знак пунктуації. Як працює комп\'ютер на цьому рівні? Він перетворює байти в практично значущі для людини об\'єкти на екрані - текст, пікселі, складові зображення, звуки і т. д. </p><p>Наступний рівень - це обчислення, пов\'язані з операціями з тією інформацією, що складена з байтів. Тобто якщо це текст, то це може бути його редагування, форматування, друк. Якщо музика або відео - відтворення, запис і т. п. Такі основні принципи того, як працює комп\'ютер. Разом з тим, кожен з рівнів, зазначених вище, не існує окремо від іншого. </p>'),
	(320, 118, 5, 'label', 8, '<p><strong>Історія створення комп’ютера. Нульове покоління обчислювальних машин.</strong></p>'),
	(322, 118, 7, 'text', 1, '<p><img src="https://lh6.googleusercontent.com/_5jxHCSmJ0tPdAPpRAwNYtywd77qwkYzp7CR0qH7fv9O2YLJyiOMSf4Bn5yHHOcPkNIjZZqmKBaeTwDqXQkqygngpQATvyVXw7HgfmjvQtfMOICLYd-I2IaWQfEmD9gOA-KEICs"></p>'),
	(323, 118, 6, 'text', 1, '<p>Передумови до появи комп’ютера формувались, напевно з давніх часів. Зазвичай огляд історіх створення комп’юторів починають з обчислювальної машини Блеза Паскаля, яку він сконстроював у 1642 році. Ця машина могла виконувати лише операції додавання та віднімання. У 70 роках тогож століття Готфрід Вільгельм Лейбніц побудував машину, яка могла виконувати не тільки операції додавання та віднімання, а й множення та діленя.</p><p>У ХІХ столітті велики внесок у майбутнє обчислювальної техніки зробив Чарльз Беббідж. Його машина вміла тільки додавати та віднімати. Проте результат підрахунків видавлювався на мідній пластині - аналог сучасних засобів виводу інформації. За задумом машина була здатна ще робити операції множення та діленя, а також виконувати певні алгоритми, які були попередньо записані на перфокарті. Програми для цієї машини писала Ада Ловлейс (перший відомий програміст). Проте через технічні та фінансові складнощі задум так і не був реалізований.</p><p>У ХХ столітті автоматичні обчислювальні машини конструювали Конрад Зус, Джорж Стібіс, Джон Атанасов. Машина останнього включала прототип ОЗУ, та використовувала двійкову арифметику. Релейні комп’ютери Говарда Айкена “Марк І” та “Марк ІІ” були схожі за архітектурою аналітичної машини Беббіджа.</p>'),
	(324, 118, 10, 'label', 8, '<p><strong>Історія створення комп’ютера. Перше покоління обчислювальних машин</strong></p>'),
	(325, 118, 12, 'text', 1, '<p><img src="https://lh4.googleusercontent.com/VEldPfHmcvDRRWEtAxt1K_1gNICUYP-cvcTjc2nlFYswMdLBzt5fLnvLmBRdg5vewG3FoTtTEiUV9rYROYvwOB_T0i0SYeIGU3ylWbTUzHR2_1EJMkR3DbG_VWAOLaC2GqBqIzY">\n</p>'),
	(326, 118, 11, 'text', 1, '<p>Комп\'ютери на основі електронних ламп з\'явилися в 40-х роках XX століття. Перша електронна лампа - вакуумний діод - була побудована Флемінгом лише в 1904 році, хоча ефект проходження електричного струму через вакуум був відкритий Едісоном у 1883 році.\n</p>\n<p>Незабаром Лі де Форрест винаходить вакуумний тріод - лампу з трьома електродами, потім з\'являється газо електронна лампа. До 30-х років електронні вакуумні й газонаповнені лампи використовувалися головним чином в радіотехніці. Але в 1931 році англієць Вінні-Вільямс побудував (для потреб експериментальної фізики) лічильник електричних імпульсів, відкривши тим самим нову область застосування електронних ламп. Електронний лічильник складається з ряду тригерів. Тригер, винайдений М. А. Бонч-Бруєвич (1918) і - незалежно - американцями У. Ікклзом і Ф. Джорданом (1919), містить 2 лампи і в кожний момент може перебувати в одному з двох стійких станів; він представляє собою електронне реле . Подібно електромеханічного, воно може бути використано для зберігання однієї двійкової цифри.\n</p>\n<p>Використання електронної лампи в якості основного елемента ЕОМ створювало безліч проблем. Через те, що висота скляній лампи - 7 см, машини були величезних розмірів. Кожні 7-8 хв. одна з ламп виходила з ладу, а так як в комп\'ютері їх було 15 - 20 тисяч, то для пошуку і заміни пошкодженої лампи було потрібно дуже багато часу. Крім того, вони виділяли величезну кількість тепла, і для експлуатації "сучасного" комп\'ютера того часу були потрібні спеціальні системи охолодження.\n</p>\n<p>Щоб розібратися в заплутаних схемах величезного комп\'ютера, потрібні були цілі бригади інженерів. Пристроїв введення в цих комп\'ютерах не був, тому дані вносилися в пам\'ять за допомоги з\'єднання потрібного штеккер з потрібним гніздом.\n</p>\n<p>Прикладами машин I-го покоління можуть служити Mark 1, ENIAC, EDSAC (Electronic Delay Storage Automatic Calculator), - перша машина з збереженої програмою. UNIVAC (Universal Automatic Computer). Перший примірник Юнівака був переданий в Бюро перепису населення США. Пізніше було створено багато різних моделей Юнівака, які знайшли застосування в різних сферах діяльності. Таким чином, Юнівак став першим серійним комп\'ютером. Крім того, це був перший комп\'ютер, де замість перфокарт використовувалася магнітна стрічка.<br>\n</p>'),
	(327, 118, 15, 'label', 8, '<p><strong>Історія створення комп’ютера. Друге покоління обчислювальних машин.</strong></p>'),
	(328, 118, 17, 'text', 1, '<p><img src="https://lh4.googleusercontent.com/fq0lLoK3RWGhrceqGRzO7rG-MrSj7PhK1p2Kk152-ryPm7QvbmUGpjTL78kESWmRhp65wpBzWDHAcs31EJhnmqmK_eECuLjRaVCDHDQTUb9cxtIgcqbu9_7s3ANalXz71DGvgH8"></p>'),
	(329, 118, 16, 'text', 1, '<p>1 липня 1948 на одній зі сторінок "Нью-Йорк Таймс", присвяченій радіо і телебаченню, було вміщено скромне повідомлення про те, що фірма "Белл телефон Лабораторіз" розробила електронний прилад, здатний замінити електронну лампу. Фізик-теоретик Джон Бардін і ведучий експериментатор фірми Уолтер Брайттен створили перший діючий транзистор. Це був точково-контактний прилад, в якому три металевих "вусики" контактували з бруском з напівпровідника - полікристалічного германію.</p><p>Перші комп\'ютери на основі транзисторів з\'явилися у кінці 50-х років, а до середини 60-х років були створені більш компактні зовнішні пристрої, що дозволило фірмі Digital Equipment випустити в 1965 р. перший міні-комп\'ютер PDP-8 розміром з холодильник і вартістю всього 20 тис. доларів.</p><p>Створенню транзистора передувала наполеглива, майже 10-річна робота, яку ще в 1938 році почав фізик теоретик Вільям Шоклі. Застосування транзисторів в якості основного елемента в ЕОМ призвело до зменшення розмірів комп\'ютерів у сотні разів і до підвищення їх надійності.</p><p>І все-таки самою дивовижною здатністю транзистора є те, що він один здатний трудитися за 40 електронних ламп і при цьому працювати з більшою швидкістю, виділяти дуже мало тепла і майже не споживати електроенергію. Одночасно з процесом заміни електронних ламп транзисторами вдосконалювалися методи зберігання інформації. Збільшився обсяг пам\'яті, а магнітну стрічку, вперше застосовану в ЕОМ Юнівак, почали використовувати як для введення, так і для виводу інформації. А в середині 60-х років набуло поширення зберігання інформації на дисках. Великі досягнення в архітектурі комп\'ютерів дозволило досягти швидкодії в мільйон операцій за секунду!</p><p>Прикладами транзисторних комп\'ютерів можуть послужити "Стретч" (Англія), "Атлас" (США). У той час СРСР йшов у ногу з часом і випускав ЕОМ світового рівня (наприклад "БЕСМ-6").</p>'),
	(330, 118, 20, 'label', 8, '<p><strong> Історія створення комп’ютера. Третє покоління обчислювальних машин.</strong></p>'),
	(331, 118, 22, 'text', 1, '<p><img src="https://lh3.googleusercontent.com/WEKDNYBXLvwWyCuOHCDcMke3OABRjFFoKNCGwD3mxoUycr5_D7Eri-azhHPwuguHv9M_HxSAzK74yGa2NhbfuCWXtaKCBCS1jc5b6wuXtUip1QWY3rITPpjSWzPtF6D1QX8SOgk"></p>'),
	(332, 118, 21, 'text', 1, '<p>Подібно до того, як поява транзисторів призвело до створення другого покоління комп\'ютерів, поява інтегральних схем ознаменувало собою новий етап у розвитку обчислювальної техніки - народження машин третього покоління. Інтегральна схема, яку також називають кристалом, являє собою мініатюрну електронну схему, витравлених на поверхні кремнієвого кристала площею близько 10 мм2. Детальніше про інтегральних схемах тут.</p><p>Перші інтегральні схеми з\'явилися в 1964 році. Спочатку вони використовувалися тільки в космічній і військовій техніці. Зараз же їх можна виявити де завгодно, включаючи автомобілі і побутові прилади. Що ж стосується комп\'ютерів, то без інтегральних схем вони просто немислимі!</p><p>Поява інтегральних схем означало справжню революцію в обчислювальній техніці. Адже вона одна здатна замінити тисячі транзисторів, кожний з яких у свою чергу вже замінив 40 електронних ламп. Іншими словами, один крихітний кристал має такі ж обчислювальними можливостями, як і 30-тонний ЕНІАК. Швидкодія ЕОМ третього покоління зросло в 100 разів, а габарити значно зменшилися.</p><p>До всіх достоїнств ЕОМ третього покоління додалося ще й те, що їх виробництво виявилося дешевше, ніж виробництво машин другого покоління. Завдяки цьому, багато організацій змогли придбати і освоїти такі машини. А це, у свою чергу, призвело до зростання попиту на універсальні ЕОМ, призначені для вирішення різних завдань. Більшість створених до цього ЕОМ були спеціалізованими машинами, на яких можна було вирішувати завдання якогось одного типу.<br></p>'),
	(333, 118, 25, 'label', 8, '<p><strong>Історія створення комп’ютера. Четверте покоління обчислювальних машин.</strong></p>'),
	(334, 118, 27, 'text', 1, '<p><img src="https://lh5.googleusercontent.com/Kpa-gX19LFS0-4CxCFloXP1gSjeawlwKVspjYnH-eaS-yF226VLzwPIpJ9A3o0ZYGrBLLQH_ePjWkZmqokthl3xgk08O_mBnpjyfLbSsHqkwKZD3tMciE2h_rudAgLHPE-NYl1Y"></p>'),
	(335, 118, 26, 'text', 1, '<p>Ви вже знаєте, що електромеханічні деталі рахункових машин поступилися місцем електронним лампам, які в свою чергу поступилися місцем транзисторам, а останні - інтегральних схем. Могло створиться враження, що технічні можливості ЕОМ вичерпані. Справді, що ж можна ще придумати?\n</p>\n<p>Щоб отримати відповідь на це питання, давайте повернемося до початку 70-х років. Саме в цей час була зроблена спроба з\'ясувати, чи можна на одному кристалі розмістити більше однієї інтегральної схеми. Виявилося, можна! Розвиток мікроелектроніки призвело до створення можливості розміщувати на одному-єдиному кристалі тисячі інтегральних схем. Так, вже в 1980 році, центральний процесор невеликого комп\'ютера виявився можливим розмістити на кристалі, площею всього в чверть квадратного дюйма (1,61 см2). Почалася епоха мікрокомп\'ютерів.\n</p>\n<p>Яке ж швидкодію сучасної мікро-ЕОМ? Воно в 10 разів перевищує швидкодію ЕОМ третього покоління на інтегральних схемах, в 1 000 разів - швидкодію ЕОМ другого покоління на транзисторах та в 100 000 разів - швидкодія ЕОМ першого покоління на електронних лампах.\n</p>\n<p>Далі, майже 40 років тому комп\'ютери типу Юнівак коштували близько 2,5 млн. доларів. Сьогодні ж ЕОМ зі значно більшою швидкодією, більш широкими можливостями, більш високою надійністю, істотно меншими габаритами і простіша в експлуатації коштує приблизно 1 000 доларів. Кожні 2 роки вартість ЕОМ знижується приблизно в 2 рази.\n</p>\n<p>Дуже велику роль у розвитку комп\'ютерів зіграли дві нині гігантські фірми: Microsoft і Intel . Перша з них дуже сильно вплинула на розвиток програмного забезпечення для комп\'ютерів, друга ж стала відома завдяки випускається їй кращим мікропроцесорах.<br>\n</p>'),
	(336, 118, 30, 'label', 8, '<p><strong>Будова сучасного комп’ютера.</strong></p>'),
	(337, 118, 32, 'text', 1, '<p><img src="https://lh4.googleusercontent.com/LV24Br4f9HdsfhTbJsE847xuNEhAp79UWcagWpgeX8_LTwb_yV50ZQ_S3aI0alD_QX1pCJCvSL7dqkjNXM9L010gec-fjWZCz5xxuA2O8LLwnA8rpbtBwi4XGGTDyv6efD-Rd9A"></p><p><img src="https://lh4.googleusercontent.com/VzfnnJ-ruOpXsoGAUA0K1nqv0KXAvi7RRoNZDJHOipwKo10LPuUy69Qj5ExB--41z2AKgT1X1IejkXI1l4l4CJaGcq33lgtkqTFB2HhmXbW5n9MACNKblOQmq1XeLitzpXR7L9I"></p>'),
	(338, 118, 31, 'text', 1, '<p>Сучасний комп’ютер складається з наступних частин.</p><p>1. Материнська плата - це велика друкована плата, до якої під’єднуються всі інші компоненти комп’ютера. Вона поєднує між собою різні компоненти комп’ютера та узгоджує їх роботу. </p><p>2. Процесор (чи вірніше - мікропроцесор) - головна мікросхема комп\'ютера, його "мозок". Це мікросхема, призначена для безпосереднього виконання дій з інформацією: арифметичних обчислень та логічної обробки.</p><p>3. Оперативна пам’ять - це пам’ять швидкого доступу, у яку завантажуються програми, які запущені зараз для швидкого доступу до даних цих програм. Вона є енергозалежною - тобто при виключені комп’ютера вона очищається.</p><p>4. Відеокарта - це пристрій який відповідає за виведення зображення на екран. Існують як зовнішні (дискретні) відеокарти так і внутрішні (інтегровані у материнську плату). </p><p>5. Жорсткий диск - це постійна пам’ять комп’ютера, на якій зберігаються користувацькі дані, не запущені у поточний момент програми. При виключенні комп’ютера всі дані на жорсткому диску залишаються.</p><p>Ці компоненти є обов’язковими та без них сучасні комп’ютери функціонувати не можуть.</p><p>Окрім того є інші компоненти які можна підключати до комп’ютера (або можуть бути реалізовані в складі материнської плати).</p><p>1. Мережева карта. За її допомогою комп’ютер можна під’єднати до мережі (як локальної так і мережі Інтернет).</p><p>2. Аудіокарта. Відповідає за виведення звуку на колонки/навушники або інший відповідний пристрій.</p><p>3. Монітор. Відображає поточку інформацію, яку отримує від відеокарти.</p><p>4. Клавіатура та миша. Звичні для нас пристрої введення інформації у комп’ютер. </p><p>5. Принтер. Пристрій якій здатен роздрукувати інформацію.</p><p>6. Сканер. За допомогою нього є можливість відсканувати зображення та зберегти його у електроному вигляді.</p><p>\r\n\r\n7. Інші пристрої. Існує величезна кількість пристроїв, які можна підєднати до комп’ютера. Для їх функціонування потрібне спеціальне програмне забезпечення - драйвера, які надають користувачу можливість працювати з пристроєм.<br></p>'),
	(340, 117, 2, 'video', 2, '//www.youtube.com/embed/V3x2cHHEaKY"'),
	(341, 117, 8, 'video', 2, '//www.youtube.com/embed/yUtpOcX74ow"'),
	(343, 134, 1, 'formula', 10, '\\[\\AA\\]\r'),
	(344, 134, 2, 'formula', 10, '$\\sum \\bigcap \\sum \\sum$'),
	(345, 134, 3, 'text', 1, '\\[\\inline \\left ( \\prod \\right )\\]\r\n'),
	(347, 134, 4, 'formula', 10, '\\[\\huge 5+5=10\\] '),
	(350, 134, 5, 'test', 12, 'Скільки ніг у корови?'),
	(351, 134, 6, 'task', 5, '<p>вапвапвап</p>'),
	(353, 73, 5, 'test', 12, 'fhkjgkgjkgjkgjk'),
	(359, 137, 1, 'text', 1, '\\[\\prod \\beta \\varpi\\]\r\n'),
	(361, 139, 1, 'text', 1, '\\[!@#$%%^&&*(()__+++__**&^%$#%#@#!))\\]\r\n'),
	(363, 137, 2, 'formula', 10, '\\[\\sum \\beta \\vartheta \\varpi\\]\r\n'),
	(364, 139, 2, 'text', 1, '<p><span class="MathJax_Preview" style="color: inherit;"></span>\n</p>\n<div class="MathJax_Display"><span class="MathJax" id="MathJax-Element-4-Frame" style="" ""="" ""><span class="math" id="MathJax-Span-30" style="" ""="" ""><span class="noError" id="MathJax-Span-31" style="display: inline-block;">!@#@#$%^&amp;*()_+_)(*&amp;^%$#$@@!!))</span></span></span>\n</div>!@#@#$%^&amp;amp;*()_+_)(*&amp;amp;^%$#$@@!!))'),
	(365, 139, 3, 'text', 1, '\\[!@#$#$%^&^*^*&(*&)(*_*_(_++(*)&(^*%$#$!#!#)))))\\]\r\n'),
	(366, 139, 4, 'text', 1, '\\[!@#@#$%^&*()_+_)(*&^%$#$@@!!))\\]\r\n'),
	(368, 100, 12, 'label', 8, '<p><strong>Частина 4. Правила запису програми на мові С</strong></p>'),
	(369, 100, 16, 'label', 8, '<p><strong>Частина 5. Ідентифікатори мови С</strong></p>'),
	(370, 100, 18, 'label', 8, '<p><strong>Частина 6. Оператор присвоювання</strong></p>'),
	(371, 100, 27, 'label', 8, '<p><strong>Частина 7. Оператори умов</strong></p>'),
	(372, 100, 41, 'text', 1, '<p>2. <u>Реалізація оператора </u><strong><span style="color: rgb(192, 80, 77);">switch</span></strong><u>.</u>\n</p>\n<p>Використовується в ситуаціях, коли:\n</p>\n<ul>\n	<li>необхідно зробити вибір з 2-х і більше варіантів;</li>\n	<li>критерій вибору - певне значення деякої цілої (тип <strong><span style="color: rgb(192, 80, 77);">int</span></strong>) чи символьної змінної (тип <strong><span style="color: rgb(192, 80, 77);">char</span></strong>).</li>\n</ul>'),
	(373, 100, 42, 'example', 4, '<p><span style="color: rgb(79, 129, 189);"><strong>#include &lt;stdio.h&gt;</strong></span></p><p><strong><span style="color: rgb(79, 129, 189);">main()</span></strong><br></p><p><strong><span style="color: rgb(79, 129, 189);">{</span></strong></p><p style="margin-left: 20px;"><strong><span style="color: rgb(79, 129, 189);">char c; </span></strong><strong><span style="color: rgb(155, 187, 89);">// символьна змінна - критерій вибору</span></strong></p><p style="margin-left: 20px;"><strong><span style="color: rgb(155, 187, 89);"><br></span></strong></p>\r\n<p style="margin-left: 20px;"><span style="color: rgb(79, 129, 189);"><strong>printf("\\nВведіть першу літеру:");</strong> </span><strong><span style="color: rgb(155, 187, 89);">// підказка</span></strong></p><p style="margin-left: 20px;"><strong><span style="color: rgb(79, 129, 189);">scanf("%c", &amp;c);</span> </strong><strong><span style="color: rgb(155, 187, 89);">// ввод літери з клавіатури</span></strong></p><p style="margin-left: 20px;"><strong><span style="color: rgb(79, 129, 189);">switch ( c )</span> </strong><strong><span style="color: rgb(155, 187, 89);">// заголовок оператора вибору</span></strong></p><p style="margin-left: 20px;"><strong><span style="color: rgb(79, 129, 189);">{</span> </strong> <strong><span style="color: rgb(155, 187, 89);">// тіло оператора вибору</span></strong></p><p style="margin-left: 40px;"><strong><span style="color: rgb(79, 129, 189);">case \'а\': printf("\\nАвстралія"); break;</span> </strong><strong><span style="color: rgb(155, 187, 89);">// при введенні літери “а”</span></strong></p><p style="margin-left: 40px;"><strong><span style="color: rgb(79, 129, 189);">case \'б\': printf("\\nБолгарія"); break;</span> </strong><strong><span style="color: rgb(155, 187, 89);">// при введенні літери “б”</span></strong></p><p style="margin-left: 40px;"><strong><span style="color: rgb(79, 129, 189);">case \'в\': printf("\\nВенесуела"); break; </span></strong><strong><span style="color: rgb(155, 187, 89);">// при введенні літери “в”</span></strong></p><p style="margin-left: 40px;"><strong><span style="color: rgb(79, 129, 189);">default: printf("\\nВаріанти відсутні");</span> </strong><strong><span style="color: rgb(155, 187, 89);">// в інших випадках</span></strong></p><p style="margin-left: 20px;"><strong><span style="color: rgb(79, 129, 189);">}</span></strong></p><p style="margin-left: 20px;"><strong><span style="color: rgb(79, 129, 189);">getchar();</span></strong></p><p><strong><span style="color: rgb(79, 129, 189);">}</span></strong></p>'),
	(374, 100, 43, 'text', 1, '<p><strong><u>Важливо</u>:</strong> 1. Оператор <strong><span style="color: rgb(192, 80, 77);">break</span></strong> зазвичай <em>є обов’язковим</em> для виходу зі <strong><span style="color: rgb(192, 80, 77);">switch</span></strong> ; в разі його відсутності - при введенні, наприклад, літери ‘<strong><span style="color: rgb(192, 80, 77);">б</span></strong>’ на екран буде виведено:</p><p><strong><span style="color: rgb(192, 80, 77);">Болгарія</span></strong></p><p><strong><span style="color: rgb(192, 80, 77);">Венесуела</span></strong></p><p><strong><span style="color: rgb(192, 80, 77);">Варіанти відсутні</span></strong></p><p>Тобто, при знаходженні необхідного варіанту - <em>всі наступні варіанти з переліку реалізуються автоматично!</em></p><p>2. Мітка <strong><span style="color: rgb(192, 80, 77);">default</span></strong> спрацьовує, якщо значення критерію вибору не співпадає з жодним з варіантів.</p><p>3. При необхідності одному оператору можна ставити у відповідність <em>два варіанти вибору</em> (мітки).</p>'),
	(376, 100, 44, 'example', 4, '<p><span style="color: rgb(79, 129, 189);"><strong>...</strong></span></p><p><strong><span style="color: rgb(79, 129, 189);">case \'а\':</span></strong></p><p><strong><span style="color: rgb(79, 129, 189);">case \'А\':</span></strong></p><p style="margin-left: 20px;"><strong><span style="color: rgb(79, 129, 189);">printf("\\nАвстралія"); break;</span></strong></p><p><strong><span style="color: rgb(79, 129, 189);">case \'б\':</span></strong></p><p><strong><span style="color: rgb(79, 129, 189);">case \'Б\':</span></strong></p><p style="margin-left: 20px;"><strong><span style="color: rgb(79, 129, 189);">printf("\\nБолгарія"); break;</span></strong></p><p><strong><span style="color: rgb(79, 129, 189);">...</span></strong></p><p><strong><br></strong></p>'),
	(377, 100, 45, 'task', 5, '<p>Доповніть останній фрагмент коду іншими варіантами вибору (з попереднього прикладу), а також необхідними атрибутами програми; перевірте на коректність роботи.</p>'),
	(378, 101, 14, 'text', 1, '<p>Для повного розуміння суті основних термінів мови програмування слід визначитись з поняттям <em>оператора</em>.</p><p><strong><em>Оператор - </em>це найменша виконувана одиниця програмного коду, яка є <em>вказівкою компілятору</em> на виконання певної дії (операції) або сукупності дій (операцій).</strong></p><p><em>Простий оператор</em> записується в один рядок і закінчується <em>крапкою з комою</em> “<strong><span style="color: rgb(192, 80, 77);">;</span></strong>”.</p><p><em>Складний оператор</em> включає в себе декілька логічно пов’язаних операторів, включених в <em>операторні дужки</em> “<strong><span style="color: rgb(192, 80, 77);">{ }</span></strong>” (крапка з комою після них не ставиться).</p><br><strong>Резюме:</strong> <em>оператор - </em>засіб представлення в програмі операцій та виразів у вигляді, “зрозумілому” для компілятора, і з метою їх виконання.'),
	(379, 101, 15, 'label', 8, '<p><strong>Частина 4. Пріоритети операцій</strong></p>'),
	(380, 101, 16, 'text', 1, '<p>За аналогією операцій в алгебрі, кожна операція в мові С характеризується певним <em>пріоритетом</em> стосовно прешочерговості виконання. Розуміння пріоритетів операцій сприяє коректному написанню коду програми з точки зору отримання бажаного результату її роботи.</p><p>Операції, освоєні нами на даний момент, можна згрупувати наступним чином (від найбільшого до найменшого ступеня їх пріоритету):</p><p><strong><em>1 рівень:</em> Унарні операції:</strong></p><p style="margin-left: 20px;"> “!” - логічне заперечення (“НЕ”)</p><p style="margin-left: 20px;"> “++” - інкремент (збільшення на 1)</p><p style="margin-left: 20px;"> “--” - декремент (зменшення на 1)</p><p><strong><em>2 рівень:</em> Арифметичні мультиплікативні:</strong></p><p style="margin-left: 20px;"> “*” - множення</p><p style="margin-left: 20px;"> “/” - ділення</p><p style="margin-left: 20px;"> “%” - остача від цілочисельного ділення</p><p><strong><em>3 рівень:</em> Арифметичні адитивні:</strong></p><p style="margin-left: 20px;"> “+” - додавання</p><p style="margin-left: 20px;"> “-” - віднімання</p><p><strong><em>4 рівень:</em> Відношення нерівності:</strong></p><p style="margin-left: 20px;"> “&gt;” - більше</p><p style="margin-left: 20px;"> “&lt;” - менше</p><p style="margin-left: 20px;"> “&gt;=” - більше або дорівнює</p><p style="margin-left: 20px;"> “&lt;=” - менше або дорівнює</p><p><strong><em>5 рівень:</em> Відношення рівності:</strong></p><p style="margin-left: 20px;"> “==” - дорівнює</p><p style="margin-left: 20px;"> “!=” - не дорівнює</p><p><strong><em>6 рівень:</em> “&amp;&amp;” - логічне “І”</strong></p><p><strong><em>7 рівень:</em> “||” - логічне “АБО”</strong></p><p><strong><em>8 рівень:</em> Операції присвоювання:</strong></p><p style="margin-left: 20px;"> “=” - присвоїти</p><p style="margin-left: 20px;"> “+=” - присвоїти з додаванням</p><p style="margin-left: 20px;"> “-=” - присвоїти з відніманням</p><p style="margin-left: 20px;"> “*=” - присвоїти з множенням</p><p style="margin-left: 20px;"> “/=” - присвоїти з діленням</p><p><u>Примітка:</u> операції <em>одного рівня</em> мають <em>однаковий пріоритет.</em></p>\r\n<p><strong>Важливо:</strong> 1) змінити пріоритет операції можна із застосуванням <em>круглих дужок</em> “<strong><span style="color: rgb(192, 80, 77);">( )</span></strong>”</p><p>2) в складних виразах (особливо - відношеннях) рекомендується використовувати круглі дужки “<strong><span style="color: rgb(192, 80, 77);">( )</span></strong>” <em>навіть там, де це не є обов’язковим</em>, з наступних причин:</p><ul><li>дужки <em>не спотворюють</em> вирази;</li><li>дужки <em>гарантують</em> правильний порядок обчислення виразу;</li><li>дужки <em>підвищують зрозумілість виразу</em> для інших.</li></ul>'),
	(381, 101, 17, 'label', 8, '<p><strong>Частина 5. Оператори введення-виведення</strong></p>'),
	(382, 101, 18, 'text', 1, '<p>Структуру <em>тіла</em> будь-якої програми можна представити наступним чином:</p><p><strong>…</strong></p><p><strong><span style="color: rgb(79, 129, 189);">main()</span></strong></p><p><strong><span style="color: rgb(79, 129, 189);">{</span></strong></p><p style="margin-left: 20px;"> <strong><span style="color: rgb(79, 129, 189);">оголошення_змінних;</span></strong></p>\r\n<p style="margin-left: 20px;"> <strong><span style="color: rgb(79, 129, 189);">введення_початкових_даних;</span></strong></p>\r\n<p style="margin-left: 20px;"> <strong><span style="color: rgb(79, 129, 189);">обробка_даних;</span></strong></p>\r\n<p style="margin-left: 20px;"> <strong><span style="color: rgb(79, 129, 189);">виведення_результатів;</span></strong></p><p><strong><span style="color: rgb(79, 129, 189);">}</span></strong></p>\r\n<p>Стандартна функція мови С, яка використовується для <em>введення </em>початкових даних з клавіатури, має вигляд:</p><p><strong><span style="color: rgb(192, 80, 77);">scanf(“формат”, список_змінних);</span></strong></p><p><strong><span style="color: rgb(192, 80, 77);">“формат”</span></strong> - рядок, який включає характеристики <em>кожної змінної</em> (специфікатори формату) зі <strong><span style="color: rgb(192, 80, 77);">списку_змінних</span></strong> стосовно їх вигляду на екрані при вводі (згідно їх типу);</p><p><strong><span style="color: rgb(192, 80, 77);">список_змінних</span></strong> - перелік (через кому) <em>посилань</em> (адрес) змінних, до яких будуть записуватись введені значення (наприклад, <strong><span style="color: rgb(192, 80, 77);">&amp;a, &amp;b</span>,...</strong>).</p><p><em>Під час роботи програми</em> введення даних за допомогою функції <strong><span style="color: rgb(192, 80, 77);">scanf()</span></strong> можна здійснювати двома способами:</p><ol><li>прописати всі значення <em>в одному рядку через пробіли</em>, в кінці - натиснути Enter;</li><li>натискати Enter окремо після кожного значення.</li></ol>\r\n<p><em>Виведення</em> результатів (або просто потрібного тексту - наприклад, підказки) здійснюється функцією:</p><p><strong><span style="color: rgb(192, 80, 77);">printf(“формат”, список_змінних);</span></strong></p><p>Параметри цієї функції дещо відрізняються від аналогічних в <strong><span style="color: rgb(192, 80, 77);">scanf()</span></strong>:</p><ul><li>в рядку <strong><span style="color: rgb(192, 80, 77);">“формат”</span></strong> допускається також прописувати будь-який текст, який потрібно вивести на екран;</li><li>змінні у <strong><span style="color: rgb(192, 80, 77);">списку_змінних</span></strong> <em>прописуються в явному вигляді</em> (<u>без посилань</u> <strong><span style="color: rgb(192, 80, 77);">&amp;</span></strong>);</li><li><strong><span style="color: rgb(192, 80, 77);">список_змінних</span></strong> може бути <em>взагалі відсутній</em>.</li></ul><br>Розберемо синтаксис даних функцій на конкретному прикладі:'),
	(383, 101, 19, 'example', 4, '<p><span style="color: rgb(79, 129, 189);"><strong>#include &lt;stdio.h&gt;</strong></span></p><p><strong><span style="color: rgb(79, 129, 189);">main()</span></strong><br></p><p><strong><span style="color: rgb(79, 129, 189);">{</span></strong></p><p style="margin-left: 20px;"><strong><span style="color: rgb(79, 129, 189);">int a, b, c; </span></strong></p><p style="margin-left: 20px;"><strong><span style="color: rgb(79, 129, 189);">printf ( "Введіть два цілих числа \\n" ); </span></strong><strong><span style="color: rgb(155, 187, 89);">// підказка</span></strong></p><p style="margin-left: 20px;"><strong></strong><strong><span style="color: rgb(79, 129, 189);">scanf ( "%d%d", &amp;a, &amp;b );</span> </strong> <strong><span style="color: rgb(155, 187, 89);">// введення даних</span></strong></p><p style="margin-left: 20px;"><strong><span style="color: rgb(79, 129, 189);">c = a + b;</span></strong></p><p style="margin-left: 20px;"><strong><span style="color: rgb(79, 129, 189);">printf ( "Результат: %d + %d = %d \\n", a, b, c ); </span><span style="color: rgb(155, 187, 89);">/</span></strong><strong><span style="color: rgb(155, 187, 89);">/ виведення результату</span></strong></p><p style="margin-left: 20px;"><strong><span style="color: rgb(79, 129, 189);">getchar();</span></strong></p><p><strong><span style="color: rgb(79, 129, 189);">}</span></strong></p>'),
	(384, 101, 20, 'text', 1, '<p>Перша функція <strong><span style="color: rgb(192, 80, 77);">printf()</span></strong>, яка зустрічається в цій програмі, виводить на екран лише текст, вказаний в подвійних лапках (символ “ <strong><span style="color: rgb(192, 80, 77);">\\n</span></strong>” - т.з. <em>керуючий символ</em>, який після виведення тексту <em>переводить курсор на новий рядок</em>, <u>на екран не виводиться</u>).</p><p>У функції <strong><span style="color: rgb(192, 80, 77);">scanf()</span></strong> вказані т.з. <em>спеціфікатори формату</em> - символи, що відповідають типу вводимих змінних. В даному випадку <strong><span style="color: rgb(192, 80, 77);">%d%d</span></strong> - два специфікатори цілих чисел.</p><p><strong><span style="color: rgb(192, 80, 77);">&amp;a, &amp;b</span></strong> - перелік посилань(адрес) змінних, в які вводяться дані.</p><p><strong>Важливо:</strong> 1) дані вводяться в змінні <u>в тому порядку, в якому вони прописані у функції</u>;</p><p>2) кількість специфікаторів формату <u>повинна відповідати кількості вводимих змінних</u> (навіть, якщо всі вони - одного типу). Наприклад, при записі <strong><span style="color: rgb(192, 80, 77);">scanf ( "%d", &amp;a, &amp;b );</span></strong> <u>компілятор видасть помилку</u>.</p>\r\n<p><u>Примітка</u>: основними специфікаторами формату є наступні: <strong><span style="color: rgb(192, 80, 77);">%d</span></strong> - цілі числа, <strong><span style="color: rgb(192, 80, 77);">%f</span></strong> - дійсні числа, <strong><span style="color: rgb(192, 80, 77);">%с</span></strong> - поодинокі символи.</p>Формат функції <strong><span style="color: rgb(192, 80, 77);">printf()</span></strong> для вивдедення результату програми має особливості: окрім тексту в явному вигляді, параметр <strong>“<span style="color: rgb(192, 80, 77);">формат</span>”</strong> включає також <em>специфікатори формату</em>, які прописуються <u>в тих місцях, в яких повинні стояти значення змінних</u> з переліку <strong><span style="color: rgb(192, 80, 77);">списку_змінних</span></strong>. Відповідно, якщо в нашу програму було введено, скажімо значення <strong><span style="color: rgb(192, 80, 77);">a=2</span></strong> і <strong><span style="color: rgb(192, 80, 77);">b=-3</span></strong>, то результат буде виведено на екран у наступному вигляді: <strong><span style="color: rgb(192, 80, 77);">Результат: 2 + -3 = -1</span></strong>'),
	(385, 101, 21, 'task', 5, '<p><br>\n</p>\n<p>Oрганізуйте введення чисел у показаній вище програмі за допомогою циклу:\n</p>\n<p>1) кожне число має вводитись на окремій ітерації циклу;\n</p>\n<p>2) використайте оператор <strong><span style="color: rgb(192, 80, 77);">switch()</span></strong> для вибору змінної, що вводиться на певній ітерації.\n</p>'),
	(386, 136, 1, 'test', 12, 'Алгоритм — это:'),
	(387, 136, 2, 'test', 12, 'Свойствами алгоритма являются:'),
	(390, 136, 3, 'test', 12, 'Программа — это:'),
	(393, 117, 5, 'test', 12, 'Що потрібно, щоб стати кваліфікованим програмістом.'),
	(394, 117, 9, 'test', 12, 'Знання яких мов є життєво важливим для роботи програміста?'),
	(395, 117, 12, 'video', 2, '//www.youtube.com/embed/Jsdn15AH4v4"'),
	(396, 117, 15, 'video', 2, '//www.youtube.com/embed/DEtHp4ZncDU"'),
	(397, 117, 16, 'test', 12, 'Програма має бути:'),
	(398, 117, 19, 'video', 2, '//www.youtube.com/embed/tdsjQYP2TUA"'),
	(399, 117, 20, 'test', 12, 'До якого етапу відносится процес процес перетворення алгоритму на зрозумілу комп’ютері мову?'),
	(400, 117, 21, 'final task', 6, '<p> Що таке, на Вашу думку, програмування? Чому Вас це цікавить.?</p>'),
	(402, 136, 4, 'test', 12, 'Программа-интерпретатор выполняет:'),
	(404, 136, 5, 'test', 12, 'Программа-компилятор выполняет:'),
	(405, 136, 6, 'test', 12, 'QBASIC — это'),
	(406, 135, 1, 'test', 12, 'ffff'),
	(407, 135, 2, 'test', 12, 'fghfghgfhfghgf'),
	(408, 136, 7, 'test', 12, ' Алфавит языка QBASIC включает:'),
	(409, 136, 8, 'test', 12, 'erterter'),
	(411, 140, 2, 'text', 1, '<p>Спільним дільником кількох натуральних чисел називають число, на яке діляться всі ці числа націло.<br></p>\n<p><strong>Найбільший спільний дільник</strong> (НСД) — найбільше натуральне число, на яке без остачі ділиться кожне з даних.</p>\n<p><br></p>'),
	(413, 88, 1, 'text', 1, '<p><strong>Курс</strong>: Інтернет-програміст</p><p><strong>Рівень:</strong> початківець</p><p><strong>Модуль</strong>: Елементарна математика </p><p><strong>Тип заняття:</strong> лекційно-практичне</p><p><strong>Тривалість:</strong> 45хв.</p><p><strong>Тема </strong><strong>: Дроби</strong></p><p><strong><br></strong></p>'),
	(414, 88, 2, 'example', 4, '<p><strong>Вступ</strong></p>\r\n<p><strong>Частина 1</strong></p><p>Спільним дільником кількох натуральних чисел називають число, на яке діляться всі ці числа націло. </p><p><strong>Найбільший спільний дільник</strong> (НСД) — найбільше натуральне число, на яке без остачі ділиться кожне з даних. </p><p>Наприклад, НСД чисел 10; 40; 70 дорівнює десяти. </p><p>Щоб знайти НСД двох або кількох чисел, необхідно:</p><ul><li>розкласти дані числа на прості множники;</li><li>скласти добуток усіх спільних простих множників;</li><li>обчислити складений добуток.</li></ul><p>Два числа, найбільший спільний дільник яких дорівнює одиниці, називаються взаємно простими числами.</p>'),
	(415, 136, 9, 'test', 12, 'В QBASIC существуют следующие типы данных:'),
	(416, 88, 3, 'example', 4, '<p><strong><em>Завдання: </em>Знайти НСД(16,20,28)</strong></p>'),
	(417, 88, 4, 'text', 1, '<p>Спільним кратним кількох натуральних чисел є число, яке ділиться на всі ці числа без остачі.\n</p>\n<p><strong>Найменше спільне кратне</strong> (НСК) — найменше натуральне число, яке ділиться на кожне з даних чисел.\n</p>\n<p>Наприклад, НСК чисел 10 і 15 дорівнює добутку чисел 2, 3 і 5 тобто дорівнює 30.\n</p>\n<p>Щоб знайти НСК двох чисел, необхідно:\n</p>\n<ul>\n	<li>розкласти дані числа на прості множники;</li>\n	<li>скласти добуток усіх простих множників;</li>\n	<li>обчислити складений добуток.</li>\n</ul>'),
	(418, 136, 10, 'test', 12, 'Выберите правильно представленные числовые данные на QBASIC:'),
	(419, 88, 5, 'example', 4, '<p><strong><em>Завдання </em>: Знайти НСК(2,3,4)=12</strong></p>'),
	(420, 88, 6, 'example', 4, '<p><strong><em>Завдання </em>: Знайти НСД і НСК чисел 144, 1008, 1224.</strong></p>'),
	(421, 88, 7, 'text', 1, '<p><strong>Частина 2</strong></p><p>Звичайні дроби</p><p><em>Дробом </em>називається число представлене як результат операції ділення.</p><p><em>Звичайним дробом</em> називається число представлене у вигляді <img src="https://lh4.googleusercontent.com/4fjsbBeQVDE5-X7glizxpgVIs4rEtQ8RlDNYVpIIdqpnZDMdBQbSSqZ9HZhI0diIhNJyx590PPYGvxOGudZfzLZWC0yeIw-najMfpDw_RfHg-kwCCl471BohO2P6rkrTO-guOfki053WGgws" alt="{m}/{n}">, де: m - ціле, n - натуральне. Чисельником називається число або вираз, який стоїть над рискою дробу. Знаменником називається число або вираз, який стоїть під рискою дробу. </p><p>Ціле число можна представити звичайним дробом із знаменником 1.</p><p>Знаменник вказує на скільки рівних частин було розділено щось ціле, а чисельник вказує скільки таких частин було взято. Дріб <img src="https://lh3.googleusercontent.com/onASOrucPOZ5mUWAUnTs1mxBXV-8NY8pAlq1NL7zTZMzU_SKlr-Jy-ghjLcMU6T4Jk_0V-uFfhLp6s_tTkisgMzbpviMTz9eFD49AiaHvSOS0HhkXtCqu2VLykoSHO6Llk5hAF0WFRyx6t-c" alt="{2}/{3}">читається «Дві третіх» або «дві третини».</p><p>Правильні та неправильні дроби </p><p>Якщо у звичайному дробі чисельник менший від знаменника то дріб називається правильним. </p><p>Наприклад: <img src="https://lh6.googleusercontent.com/UrZeuTRh8W7IITHESOI83rGYsmL7bRei_PcRSuHSyXqLNU64C6YS0s1JBQLPlByccP5ek1l30RBmfYWBcZumDN9t7e-fxKhjh8XEe3LJUOQDWi0AuWkccoVp5YUN36H9WLShuee8E88R9aHC" alt="{4}/{5}">. Якщо у звичайному дробі чисельник більший від знаменника то дріб називається неправильним. Наприклад: <img src="https://lh4.googleusercontent.com/5GvP_vw8F-WM0BboyPd_pGRRgx73U9i31vLPX1__gsvKKzTlx7J9LdA29cfdonWvk79lngJIBzMNcxISC9AgD8g7u5Y5fPS5HRKUX10wp09ddMQPWrmhBoDSgFP6rf7CJRSglF_jOIOeghOI" alt="{7}/{4}">. </p><p>Неправильні дроби подають у вигляді мішаних чисел. </p><p>Для того, щоб перетворити неправильний дріб на мішане число, потрібно чисельник поділити на знаменник і окремо записати цілу частину, а остачу записати в чисельнику дробової частини</p><p>Наприклад, <img src="https://lh3.googleusercontent.com/9DJj1K7H5Koi2I-PeJLZGYtS4XZes9coXt4hByhAZRtiFSOIsUT5E1RgNOwCRRwJfEVKbVuMTShUob0azumCnBigBP2-HikpU2AuNz0R0jwORJjanJbZpcWkH32OY6tLtQREqG-BYubCiLUU" alt="{7}/{4}=1~{3}/{4}">. Читається «одна ціла три четвертих». Якщо у звичайному дробі чисельник рівний знаменнику то дріб можна замінити одиницею. І навпаки одиницю можна замінити дробом у якого чисельник та знаменник рівні.</p>\r\n<p>Два дроби називаються звичайно оберненими, якщо чисельник першого дробу дорівнює знаменнику другого і навпаки. </p>Тобто дроби <img src="https://lh6.googleusercontent.com/VW9ABehiRI4iwH5IRkDYd5FHpDaW3XrtZzYmzysJJCQCh8G5U_3IwmgxmJF1fepfJnJ6j6VkPlbtfWMQRm6yMhqKMlYIoaHLoVn6WRlsf2KmKtJjRc2betVPcgOWl25gUuTuqDhIVakRiB4N" alt="{5}/{11}">та <img src="https://lh6.googleusercontent.com/OJHAXs5MczRe50EK3FrunwNd4B0FL8igoDGXET8DxQBDzbGyEeAaiNHeWq60vM6o6VuqkeRUuDHNxq0mkZ4qM3fxFP6EaP64YljXgmb0udR_PIOYQ41jmi2HIt8elV1knAhvl4VxG18GhMj2" alt="{11}/{5}">є взаємно оберненими дробами.'),
	(422, 88, 8, 'text', 1, '<p><strong>Частина 3</strong></p><p>Операції зі звичайними дробами</p><p><em>Розширення дробу</em></p><p>Значення дробу не змінюється, якщо його чисельник та знаменник помножити на одне і те ж число, відмінне від нуля. </p>'),
	(423, 88, 9, 'example', 4, '<p>Приклад: <img src="https://lh3.googleusercontent.com/FIdaqNW8fVDeUh8xhmSyEecYCZ9cXYr_XDlWufRF-9D1Og28mMHW5HOXCyORxUO0s8ILhUzM1ij81XiU6KzTuNBIry8znpKHT8yqSPn462HBsdJ9ATtfuDAyIowCgqAwuFE6xBSCiildM1LE" alt="{2}/{3}={2*4}/{3*4}={8}/{12}"></p>'),
	(424, 88, 10, 'example', 4, '<p><strong><em>Завдання: </em>Розширити </strong><img src="https://lh5.googleusercontent.com/0B53pM7jtq8wDrltDqG-K9-exK0CxlIbqehRwk4e_-PKoJglMNgK81D3E14_ecvQ-7nDzNiPatHwZ00UZmb3YO5nDTqazMnwGWHBrCegWuopnDNxWVuOFdo7-FP2fzpZ6OteNNlp8AmzDXmV" width="100" height="363" style="width: 100px; height: 363px;"><strong> дріб ;</strong></p>'),
	(425, 88, 11, 'text', 1, '<p><em>Спрощення дробу</em></p><p>Значення дробу не змінюється, якщо його чисельник та знаменник поділити на одне і те ж число, відмінне від нуля.</p>'),
	(426, 88, 12, 'image', 9, 'https://lh6.googleusercontent.com/aonaKVWSKcS0D5hXgUmQNStZJPuObGjt1IK95Tqh34F_CauYDbuHBQHrTyizEgU9fNM9Jx6soFv2XLsQ7hHmKViMcsdQQaMwb_9KIk9vcFxt4oq6XbhzRgoabcM9CPNhf0ypsBlOQ2fFMZBg'),
	(427, 88, 13, 'text', 1, '<p><em>Скорочення дробу</em></p><p>Скороченням дробу називається спрощення дробу на НСД чисельника та знаменника. </p><p>Приклад: <img src="https://lh5.googleusercontent.com/z11qsgLj4OIyCpWv3lpMCTjAsCN_w5uNxPZbHcjJPrpf3n9YeQZz8tVa1iZvBtuA7r6pdOrxi2uMw-g9Asbcs1yVZ_cbnsH8GOzczUFBBc_YWJegZcpSXQTqQUiHTDnnv6RjSI3qOprdoV5r" alt="{12}/{16}={12:4}/{16:4}={3}/{4}"></p>'),
	(428, 88, 14, 'image', 9, 'https://lh4.googleusercontent.com/TiqVFi7hZ-wOk4UoPraco1LN2QNOqvzKud6MvmiCWh9uVuPIp99DkGJclx7nMJ2SpUssavVoIofWWIa-xNcJp2TYVhGoYQQDvEYOADVcjpEeoH_VJOp6B5ZbTA-E1A3E3vBgJoMLR_s-FjXG'),
	(429, 88, 15, 'image', 9, 'https://lh6.googleusercontent.com/rRhXFSS-VS1SNEEM4v1siEArAuUNF0Sle4LRTCORzji0fIkf8SCA10Cjugxb4JbyWWpLFaK0G6mpWIwtGIP3JMP08vuno_IWA2HcrRiQRBTzNrCbbr8XuvkMtYI5QhivpPmaDX8diAhJcI9n'),
	(430, 88, 16, 'text', 1, '<p><strong><em>Завдання: </em>Виконати дії <strong><em></em></strong></strong></p><p><em>Множення дробів</em></p><p>Добутком двох дробів є дріб, чисельник якого дорівнює добутку чисельників, а знаменник — добутку знаменників.</p><p>Щоб помножити два дроби, потрібно:</p><p>1. перемножити чисельники і результат записати у чисельник;</p><p>2. перемножити знаменники і результат записати у знаменник.</p><p>Приклад: <img src="https://lh4.googleusercontent.com/n4646x4hLK7iLOYj2fwU--0105iQ7No20CQtl3nJ-rlBNO5JCeii9IBVKCmEp7m7O7Hqj4qHJGURWvRD0c7zU8XQ_rkhV1QrjfwvBaZlCF2qki0R1mY8B-nG7f8Q9lok50l7eVwO0Kvi7wlz" alt="{{1}/{3}}*{{4}/{5}}={1*4}/{3*5}=4/15"></p>'),
	(431, 88, 17, 'text', 1, '<p><strong><em>Завдання: </em>Виконати дії </strong></p><p><em>Ділення дробів </em></p><p>Часткою двох дробів є добуток першого дробу на обернений другий. </p><p>Щоб поділити два дроби, потрібно:</p><p>1. другий дріб замінити оберненим до нього (у другому дробі поміняти місцями чисельник та знаменник);</p><p>2. помножити отримані дроби.</p><p>Приклад: <img src="https://lh5.googleusercontent.com/nBzK3N9c-C8EMu0sfuF8f6PEt6ivYP-3P1uWuPJ3eWApg82CIULv3jlKW41uw31EHIIoMkUvAV_-cDjSF0-70IYh6Chy8NYuYdXIn_pBVoF9rQgPYvO5db8UBWXsk4r1p6xY_u23v_68wwmk" alt="{{1}/{3}}:~{{4}/{5}}={1/3}*{5/4}=5/12"></p>'),
	(432, 88, 18, 'text', 1, '<p><strong></strong><strong><em>авдання: </em>Виконати дію </strong></p><p><em>Порівняння звичайних дробів</em></p><p>З двох дробів із однаковим знаменником більшим є той в якого більший чисельник Приклад: <img src="https://lh4.googleusercontent.com/uU7pYVRiixnbRFF5X3h-nHfhLXFuUUCL7-67UrXzuU4ykUQzb6DB1k3D4vlpCLmir9Ib4KVwuVZqZiJ7-_ZWSmssmypv-bChLVyu9hPfMkBdAFEPhNKE3p78E1q9vCjH-jSP_OBofds_boSN" alt="5/7 data-verified=" redactor"="">3/7"&gt; З двох дробів із однаковим чисельником більшим є той в якого менший знаменник. Приклад: <img src="https://lh4.googleusercontent.com/gI2YNXAwK0y9wFlSk26UavIQRxvik2K5YWdgvTOBaOEi3LfBKtpBQ6HstiSQtk1pXbFrR5Cir4Hy23kIdOsR2gbxGSb7FdeksjuuGHDFUPODeM6ZROIxsPtuAl-Ls-fQULLHzCOz8OczhoKS" alt="5/7 data-verified=" redactor"="">5/9"&gt;</p><p><strong><em>Завдання: </em>Виконати дії </strong></p>'),
	(433, 88, 19, 'text', 1, '<p><strong>Частина 3</strong></p><p><strong>Десяткові дроби</strong></p><p>Десятковим дробом називається спосіб представлення чисел у вигляді послідовності цифр розділених комою (у деяких країнах крапкою). </p><p>Наприклад дріб 12,345 читається "дванадцять цілих триста сорок п\'ять тисячних".</p><p>В початок цілої частини і/або в кінець дробової частини можна дописувати скільки завгодно нулів. </p><p>Приклад: 00012,43500.</p><p>Скінченним десятковим дробом називається дріб, який містить скінченну кількість цифр після коми. Приклад: 12,435. </p><p>Нескінченним десятковим дробом називається дріб, який не містить скінченної кількості цифр після коми. Приклад: 12,435... </p><p>При <strong>додаванні (відніманні) десяткових дробів</strong> числа записують так, щоб однакові розряди були записані один під одним, а кома – під комою, і додають (віднімають) як натуральні числа</p><p>Щоб <strong>помножити один десятковий дріб на інший</strong>, потрібно виконати множення, не звертаючи уваги на коми, і в отриманому добутку відокремити праворуч комою стільки цифр, скільки їх стоїть після коми в обох множниках разом. Наприклад, <img src="https://lh6.googleusercontent.com/R3TeC0wJW7ovtSOuq_0rwbmzlV4Ep7tpcQa2COLuwbHvFOnRh7U5Q_t-1M1nmwSqupLvq81MFX0MER_ZOIQakJAWzmkSQfqkztpsnz-HmVdrgmmefOkYmLKUl6D-mOMeALE6yaP7DIHsklvw">.</p><p>Щоб <strong>помножити десятковий дріб на 10, 100, 1000 і т.д.,</strong> необхідно в цьому дробі перенести кому вправо на стільки цифр, скільки нулів у множника (дописавши у випадку необхідності до дробу праворуч певне число нулів). Наприклад: <img src="https://lh6.googleusercontent.com/W5VCSo6_rDyCu_UZJMHWw3RuKNGppo826HhdBD-OnOxljlQNKzTTPAzXNl_Nwpe6E0Y1uszTsDYIff59eDvhnSmv4UNK4sVdWM04JUl1-N-nfEBGr_3s_uMg2GCGc89V-I2NxDkL8xPMyBau">; <img src="https://lh3.googleusercontent.com/n-nNbWNto0_3HIB0TKKHx4YfjeH9agbYQEI_xDOBSTt6BPGdrNG4CGs2B0AMqdvGJxt-9nXRa5_64u6NjygKKF6AqNeLVR0V8LhJYJbYauaC2W435x1Voyx4i5IZeyIla3GaziYH9kM8fwjQ">.</p><p><strong>Ділення десяткового дробу на натуральне число</strong> виконується так само, як ділення натурального числа на натуральне, але кому в частці ставлять після того, як закінчено ділення цілої частини.</p><p>Розглянемо тепер <strong>ділення десяткового дробу на десятковий дріб</strong>. Нехай треба поділити 8,316 на 2,31. Для цього і в діленому, і в дільнику перенесемо кому вправо на стільки цифр, стільки їх є після коми в дільнику (в даному прикладі на дві). Іншими словами, помножимо ділене і дільник на 100 – від цього частка не зміниться. Тоді треба поділити дріб 831,6 на натуральне число 231, тобто задача зводиться до вже знайомого випадку.</p><p>Щоб <strong>поділити десятковий дріб на </strong><strong><img src="https://lh5.googleusercontent.com/f_QuRJkjBLfTJFHUUJseF8rdK6iEMAdvjS-qb9TkY3D_uVxMsmcfeQ0kIlGf5hm6upxBL2AXuyvzCTjhxaf8rDSMlDOVh8ng_brbu4X6VExviHNl36Yam0QqGkdja7bfDxywfXHiP_3v_EZY"></strong>, треба в цьому дробі перенести кому на <em>п</em> цифр вліво (при цьому у випадку необхідності зліва приписати потрібне число нулів).</p><p>Як для натуральних чисел ділення не завжди можна виконати, так його не завжди можна виконати й для десяткових дробів</p>'),
	(436, 136, 11, 'test', 12, 'умова'),
	(438, 136, 12, 'task', 5, 'dbkqckwc'),
	(440, 100, 47, 'text', 1, '<ul>\n	<li><strong><em>для чого потрібні цикли в програмуванні?</em></strong></li>\n</ul>\n<p>Припустимо, що в прикладі програми, наведеному в ч. 4., значення змінної <strong><span style="color: rgb(192, 80, 77);">num</span></strong> потрібно вивести на екран більше, ніж 1 раз. Варіанти вирішення даної проблеми:\n</p>\n<p>а) прописати в тексті програми відповідну функцію потрібну кількість разів (<u>недолік</u> - невиправдане збільшення тексту програми, якщо необхідна кількість вимірюється десятками чи сотнями);\n</p>\n<p>б) застосувати певну компактну програмну конструкцію для багаторазового повторення певної дії (дій) - <u>цикл</u>.\n</p>\n<ul>\n	<li><strong><em>що таке цикли?</em></strong></li>\n</ul>\n<p><strong>Цикл - </strong>це послідовність команд (операторів), що виконується певну кількість разів.\n</p>\n<ul>\n	<li><strong><em>як реалізуються цикли в мові С?</em></strong></li>\n</ul>\n<p>Синтаксис мови С дає можливість використати декілька видів циклів.\n</p>\n<ol>\n	<li><u>Цикл з відомою кількістю повторень.</u></li>\n</ol>Використовується, коли кількість повторного виконання тих чи інших операцій відома наперед (альтернативна назва - цикл <strong><span style="color: rgb(192, 80, 77);">for</span></strong>).'),
	(441, 100, 48, 'example', 4, '<p><strong><span style="color: rgb(79, 129, 189);">#include &lt;stdio.h&gt;</span> </strong><strong><span style="color: rgb(155, 187, 89);">// підключення стандартних функцій вводу-виводу</span></strong>\n</p>\n<p><br><strong></strong>\n</p>\n<p><strong><span style="color: rgb(79, 129, 189);">main()</span></strong>\n</p>\n<p><strong><span style="color: rgb(79, 129, 189);">{</span></strong>\n</p>\n<p style="margin-left: 20px;"><strong><span style="color: rgb(79, 129, 189);">int i; </span></strong><span style="color: rgb(155, 187, 89);"><strong>// змінна </strong><strong>і </strong><strong>- “лічильник” циклу (тип </strong><strong>int</strong></span><strong><span style="color: rgb(155, 187, 89);"> - ціле число)</span></strong>\n</p>\n<p style="margin-left: 20px;"><span style="color: rgb(79, 129, 189);"><strong>for ( i = 1; i &lt;= 10; i ++ ) </strong><strong><span style="color: rgb(155, 187, 89);">// заголовок циклу</span></strong></span>\n</p>\n<p style="margin-left: 20px;"><strong><span style="color: rgb(79, 129, 189);">{</span> </strong> <strong><span style="color: rgb(155, 187, 89);">// початок циклу</span></strong>\n</p>\n<p style="margin-left: 40px;"><strong><span style="color: rgb(79, 129, 189);">printf("Слава Україні! Героям слава!");</span><span style="color: rgb(155, 187, 89);"> </span></strong><strong><span style="color: rgb(155, 187, 89);">// тіло циклу - виведення на екран тексту в дужках</span></strong>\n</p>\n<p style="margin-left: 20px;"><strong><span style="color: rgb(79, 129, 189);">}</span> </strong> <strong><span style="color: rgb(155, 187, 89);">// кінець циклу</span></strong>\n</p>\n<p style="margin-left: 20px;"><strong><span style="color: rgb(79, 129, 189);">getchar();</span> </strong><strong><span style="color: rgb(155, 187, 89);">// функція для затримки програми (очікує натиснення клавіші Enter)</span></strong>\n</p><strong>}</strong>'),
	(442, 100, 49, 'task', 5, '<p>1) реалізуйте останній фрагмент коду (створіть відповідний файл і відкомпілюйте);</p><p>2) змініть умову виконання циклу: початкове значення лічильника присвойте 0, а умову завершення встановіть «<strong>i </strong>суворо менше 7»; перевірте роботу програми (кількість дій, виконаних в циклі), результат поясніть.</p>'),
	(443, 101, 22, 'label', 8, '<p><strong>Частина 6. Оператор переходу</strong>\n</p>'),
	(446, 101, 23, 'text', 1, '<p>Як правило, всі оператори, прописані в тілі програми, виконуються в суворій послідовності один за одним. Однак існують випадки, коли алгоритмом передбачається порушення заданої послідовності. Це може бути повернення на певний оператор, який був виконаний раніше (без використання оператора циклу), або навпаки - “перескок” через кілька операторів вперед. Можливість таких дій передбачена за допомогою т.з. <strong><em>оператора безумовного переходу</em><em>.</em></strong></p><p>Синтаксис даного оператора має вигляд: <strong><span style="color: rgb(192, 80, 77);">goto &lt;мітка&gt;</span>;</strong></p><strong><span style="color: rgb(192, 80, 77);">&lt;мітка&gt;</span></strong> - це умовне позначення деякого іншого оператора в програми, на виконання якого програма переходить після вказівки <strong><span style="color: rgb(192, 80, 77);">goto</span></strong>.'),
	(447, 101, 24, 'text', 1, '<p><strong><span style="color: rgb(79, 129, 189);">…</span></strong>\n</p>\n<p><span style="color: rgb(79, 129, 189);"><strong></strong><strong>main()</strong></span>\n</p>\n<p><strong><span style="color: rgb(79, 129, 189);"></span></strong><strong><span style="color: rgb(79, 129, 189);">{</span></strong>\n</p>\n<p style="margin-left: 20px;"><span style="color: rgb(79, 129, 189);"><strong> int n = 0; </strong></span>\n</p>\n<p style="margin-left: 20px;"><span style="color: rgb(79, 129, 189);"><strong> int lim = 50;</strong><strong><br></strong><strong> float s = 0;</strong><strong><br></strong> <strong><br></strong><strong>m1: </strong> <strong>++n;</strong><strong><br></strong><strong> </strong> </span><strong><span style="color: rgb(79, 129, 189);">if(n &lt; = lim)</span><span style="color: rgb(155, 187, 89);"> </span></strong><span style="color: rgb(155, 187, 89);"> </span><strong><span style="color: rgb(155, 187, 89);">// якщо умова виконується -</span></strong><strong><br></strong><strong> </strong> <strong><span style="color: rgb(79, 129, 189);">{</span></strong>\n</p>\n<p style="margin-left: 40px;"><span style="color: rgb(79, 129, 189);"><strong>s += n/(n + 5.0);</strong><strong><br></strong><strong> </strong> <strong>goto m1;</strong> </span><strong><span style="color: rgb(155, 187, 89);">// перехід на оператор, позначений міткою </span></strong><strong><span style="color: rgb(155, 187, 89);">m1</span></strong>\n</p>\n<p style="margin-left: 40px;"><strong></strong><strong><span style="color: rgb(79, 129, 189);">}</span></strong>\n</p><strong><span style="color: rgb(79, 129, 189);">}</span></strong>'),
	(448, 73, 7, 'task', 5, 'nfjen'),
	(449, 118, 3, 'video', 2, '//www.youtube.com/embed/HwCDrGOT9J8"'),
	(450, 118, 8, 'video', 2, '//www.youtube.com/embed/W8dhtHMPWWI"'),
	(451, 118, 13, 'video', 2, '//www.youtube.com/embed/UZO2FPK5Qao"'),
	(452, 118, 18, 'video', 2, '//www.youtube.com/embed/52Ch620itNs"'),
	(453, 118, 23, 'video', 2, '//www.youtube.com/embed/cH2Hs9DVV1c"'),
	(454, 118, 4, 'test', 12, 'Яка головна задача комп’ютера?'),
	(455, 118, 9, 'test', 12, 'Які елементарні математичні операції не могла виконувати обчислювальна машина Блеза Паскаля?'),
	(456, 118, 14, 'test', 12, 'Які проблеми створює використання електроних ламп у якості основного елемента ЕОМ?'),
	(457, 118, 19, 'test', 12, 'Який винахід став найбільш значущим для подальшого розвитку комп’ютерної техніки?'),
	(458, 118, 24, 'test', 12, 'Які переваги надає використання інтегральних мікросхем?'),
	(459, 118, 29, 'test', 12, 'Оберіть правильну послідовність розвитку обчислювальних машин.'),
	(461, 118, 34, 'test', 12, 'Що з переліченого відноситься до обов’язкових компонентів комп’ютера.'),
	(462, 118, 28, 'video', 2, '//www.youtube.com/embed/785QVqE-GMI"'),
	(463, 141, 1, 'task', 5, '<p>nfnbnbvn</p>'),
	(464, 142, 1, 'formula', 10, '                    <p>hjggjgh</p>                '),
	(465, 142, 2, 'example', 4, 'yjhjgj'),
	(466, 142, 3, 'task', 5, '<p>ukkjkfjfkj</p>'),
	(467, 143, 1, 'final task', 6, '<p>dghfjfh</p>'),
	(468, 144, 1, 'instruction', 7, '<p>fgfg</p>'),
	(469, 144, 2, 'label', 8, '<p>sgfgf</p>'),
	(470, 144, 3, 'formula', 10, '<p>fdghdghd</p>'),
	(471, 144, 4, 'test', 12, '<p>rgdhgdjg</p>'),
	(472, 118, 33, 'video', 2, '//www.youtube.com/embed/gRWIcgB2NY0"'),
	(473, 145, 1, 'task', 5, 'ыапавп'),
	(476, 145, 2, 'task', 5, '<p><br>\n</p>\n<p>            В трех ящиках 42 кг овощей. В первых двух вместе 27 кг. Сколько кг овощей в первом ящике, если во втором на 4 кг меньше чем в третьем? ghfje\n</p>'),
	(477, 146, 2, 'task', 5, 'В трех ящиках 42 кг овощей. В первых двух вместе 27 кг. Сколько кг овощей в первом ящике, если во втором на 4 кг меньше чем в третьем?'),
	(478, 146, 3, 'task', 5, 'Кролик Крош собрал 16 съедобных грибов и 9 поганок. Его друг Ежик собрал 7 съедобных грибов, а несъедобных на 4 меньше чем съедобных грибов. Сколько всего грибов собрали Крош и Ежик вместе, кто из них и на сколько собрал грибов больше?'),
	(479, 146, 1, 'task', 5, '5+7='),
	(480, 146, 4, 'formula', 10, '                    \\[\\LARGE fhbdjkghdkgg\\left ( sfn\\alpha mg\\delta mgm\\zeta ,mb\\eta m \\right )\\]\r\n                '),
	(481, 146, 5, 'task', 5, 'В одном альбоме у Саши было 8 марок, а в другом 7. Ему подарили еще 8 марок. Сколько марок стало у Саши?'),
	(482, 146, 6, 'task', 5, 'cgjhvm'),
	(483, 146, 7, 'task', 5, 'vhvh'),
	(484, 146, 8, 'test', 12, '&&&&&&&&&&&&&&&&&&&&&&&&&&&&&&&&&&&&&&&&&&&&&&&&&&&&&&&&&&&&&&&&&&&&&&&&&&&&&&&&&&&&&'),
	(485, 146, 9, 'task', 5, 'ф'),
	(486, 147, 1, 'task', 5, 'аоаро'),
	(487, 147, 2, 'formula', 10, '                    \\[{\\color{Green} sfgdhdggf}\\]\r\n                '),
	(488, 147, 3, 'formula', 10, '                    \\[\\sin dg+\\cos dgdg=1\\]\r\n                '),
	(489, 147, 5, 'code', 3, 'wrgtrgthdt'),
	(490, 147, 4, 'text', 1, '<img src="/images/lecture/3f6bdf8204c12f32656eacea5dcc9188.jpg">'),
	(491, 147, 6, 'text', 1, '<a target="_blank" href="http://mat-zadachi.ru/2-class/">Задачи</a>'),
	(492, 147, 7, 'test', 12, '111111111111111111111111111111111111111111111111111111'),
	(493, 148, 1, 'test', 12, 'РАПТР'),
	(495, 138, 2, 'formula', 10, '\\[\\mathbf{dhgjfjhjhjgk}\\]\r\n\\[\\mathbf{dhgjfjhjhjgk\\textit{hgjmmgmgm}}\\]\r\n'),
	(496, 138, 1, 'formula', 10, '\\[\\ast \\sqcap \\triangleright \\triangleleft \\bullet \\circ \\blacksquare \\square \\blacktriangle \\triangle \\cup \\triangle \\ominus\\]\r\n'),
	(497, 73, 8, 'task', 5, 'yheryjyh'),
	(498, 73, 9, 'test', 12, 'ju468ij478i'),
	(500, 146, 10, 'label', 8, '<p>f1111\n</p>'),
	(501, 146, 11, 'label', 8, '<p>6666\n</p>'),
	(502, 138, 3, 'formula', 10, '\\[\\]\r\n\\[\\]\r\n\\[\\]\r\n\\[\\begin{pmatrix} & & & & & & & & & & & & & & & & & & & & & & & & & & & & & & & & & & & & & & & & & & & & & & & & & & & & & \\\\ & & & & & & & & & & & & & & & & & & & & & & & & & & & & & & & & & & & & & & & & & & & & & & & & & & & & & \\\\ & & & & & & & & & & & & & & & & & & & & & & & & & & & & & & & & & & & & & & & & & & & & & & & & & & & & & \\\\ & & & & & & & & & & & & & & & & & & & & & & & & & & & & & & & & & & & & & & & & & & & & & & & & & & & & & \\\\ & & & & & & & & & & & & & & & & & & & & & & & & & & & & & & & & & & & & & & & & & & & & & & & & & & & & & \\\\ & & & & & & & & & & & & & & & & & & & & & & & & & & & & & & & & & & & & & & & & & & & & & & & & & & & & & \\\\ & & & & & & & & & & & & & & & & & & & & & & & & & & & & & & & & & & & & & & & & & & & & & & & & & & & & & \\\\ & & & & & & & & & & & & & & & & & & & & & & & & & & & & & & & & & & & & & & & & & & & & & & & & & & & & & \\\\ & & & & & & & & & & & & & & & & & & & & & & & & & & & & & & & & & & & & & & & & & & & & & & & & & & & & & \\\\ & & & & & & & & & & & & & & & & & & & & & & & & & & & & & & & & & & & & & & & & & & & & & & & & & & & & & \\\\ & & & & & & & & & & & & & & & & & & & & & & & & & & & & & & & & & & & & & & & & & & & & & & & & & & & & & \\\\ & & & & & & & & & & & & & & & & & & & & & & & & & & & & & & & & & & & & & & & & & & & & & & & & & & & & & \\\\ & & & & & & & & & & & & & & & & & & & & & & & & & & & & & & & & & & & & & & & & & & & & & & & & & & & & & \\\\ & & & & & & & & & & & & & & & & & & & & & & & & & & & & & & & & & & & & & & & & & & & & & & & & & & & & & \\\\ & & & & & & & & & & & & & & & & & & & & & & & & & & & & & & & & & & & & & & & & & & & & & & & & & & & & & \\\\ & & & & & & & & & & & & & & & & & & & & & & & & & & & & & & & & & & & & & & & & & & & & & & & & & & & & & \\\\ & & & & & & & & & & & & & & & & & & & & & & & & & & & & & & & & & & & & & & & & & & & & & & & & & & & & & \\\\ & & & & & & & & & & & & & & & & & & & & & & & & & & & & & & & & & & & & & & & & & & & & & & & & & & & & & \\\\ & & & & & & & & & & & & & & & & & & & & & & & & & & & & & & & & & & & & & & & & & & & & & & & & & & & & & \\\\ & & & & & & & & & & & & & & & & & & & & & & & & & & & & & & & & & & & & & & & & & & & & & & & & & & & & & \\\\ & & & & & & & & & & & & & & & & & & & & & & & & & & & & & & & & & & & & & & & & & & & & & & & & & & & & & \\\\ & & & & & & & & & & & & & & & & & & & & & & & & & & & & & & & & & & & & & & & & & & & & & & & & & & & & & \\\\ & & & & & & & & & & & & & & & & & & & & & & & & & & & & & & & & & & & & & & & & & & & & & & & & & & & & & \\\\ & & & & & & & & & & & & & & & & & & & & & & & & & & & & & & & & & & & & & & & & & & & & & & & & & & & & & \\\\ & & & & & & & & & & & & & & & & & & & & & & & & & & & & & & & & & & & & & & & & & & & & & & & & & & & & & \\\\ & & & & & & & & & & & & & & & & & & & & & & & & & & & & & & & & & & & & & & & & & & & & & & & & & & & & & \\\\ & & & & & & & & & & & & & & & & & & & & & & & & & & & & & & & & & & & & & & & & & & & & & & & & & & & & & \\\\ & & & & & & & & & & & & & & & & & & & & & & & & & & & & & & & & & & & & & & & & & & & & & & & & & & & & & \\\\ & & & & & & & & & & & & & & & & & & & & & & & & & & & & & & & & & & & & & & & & & & & & & & & & & & & & & \\\\ & & & & & & & & & & & & & & & & & & & & & & & & & & & & & & & & & & & & & & & & & & & & & & & & & & & & & \\\\ & & & & & & & & & & & & & & & & & & & & & & & & & & & & & & & & & & & & & & & & & & & & & & & & & & & & & \\\\ & & & & & & & & & & & & & & & & & & & & & & & & & & & & & & & & & & & & & & & & & & & & & & & & & & & & & \\\\ & & & & & & & & & & & & & & & & & & & & & & & & & & & & & & & & & & & & & & & & & & & & & & & & & & & & & \\\\ & & & & & & & & & & & & & & & & & & & & & & & & & & & & & & & & & & & & & & & & & & & & & & & & & & & & & \\\\ & & & & & & & & & & & & & & & & & & & & & & & & & & & & & & & & & & & & & & & & & & & & & & & & & & & & & \\\\ & & & & & & & & & & & & & & & & & & & & & & & & & & & & & & & & & & & & & & & & & & & & & & & & & & & & & \\\\ & & & & & & & & & & & & & & & & & & & & & & & & & & & & & & & & & & & & & & & & & & & & & & & & & & & & & \\\\ & & & & & & & & & & & & & & & & & & & & & & & & & & & & & & & & & & & & & & & & & & & & & & & & & & & & & \\\\ & & & & & & & & & & & & & & & & & & & & & & & & & & & & & & & & & & & & & & & & & & & & & & & & & & & & & \\\\ & & & & & & & & & & & & & & & & & & & & & & & & & & & & & & & & & & & & & & & & & & & & & & & & & & & & & \\\\ & & & & & & & & & & & & & & & & & & & & & & & & & & & & & & & & & & & & & & & & & & & & & & & & & & & & & \\\\ & & & & & & & & & & & & & & & & & & & & & & & & & & & & & & & & & & & & & & & & & & & & & & & & & & & & & \\\\ & & & & & & & & & & & & & & & & & & & & & & & & & & & & & & & & & & & & & & & & & & & & & & & & & & & & & \\\\ & & & & & & & & & & & & & & & & & & & & & & & & & & & & & & & & & & & & & & & & & & & & & & & & & & & & & \\\\ & & & & & & & & & & & & & & & & & & & & & & & & & & & & & & & & & & & & & & & & & & & & & & & & & & & & & \\\\ & & & & & & & & & & & & & & & & & & & & & & & & & & & & & & & & & & & & & & & & & & & & & & & & & & & & & \\\\ & & & & & & & & & & & & & & & & & & & & & & & & & & & & & & & & & & & & & & & & & & & & & & & & & & & & & \\\\ & & & & & & & & & & & & & & & & & & & & & & & & & & & & & & & & & & & & & & & & & & & & & & & & & & & & & \\\\ & & & & & & & & & & & & & & & & & & & & & & & & & & & & & & & & & & & & & & & & & & & & & & & & & & & & & \\\\ & & & & & & & & & & & & & & & & & & & & & & & & & & & & & & & & & & & & & & & & & & & & & & & & & & & & & \\\\ & & & & & & & & & & & & & & & & & & & & & & & & & & & & & & & & & & & & & & & & & & & & & & & & & & & & & \\\\ & & & & & & & & & & & & & & & & & & & & & & & & & & & & & & & & & & & & & & & & & & & & & & & & & & & & & \\\\ & & & & & & & & & & & & & & & & & & & & & & & & & & & & & & & & & & & & & & & & & & & & & & & & & & & & & \\\\ & & & & & & & & & & & & & & & & & & & & & & & & & & & & & & & & & & & & & & & & & & & & & & & & & & & & & \\\\ & & & & & & & & & & & & & & & & & & & & & & & & & & & & & & & & & & & & & & & & & & & & & & & & & & & & & \\end{pmatrix}\\]\r\n\\[\\begin{pmatrix} & & & & & & & & & & & & & & & & & & & & & & & & & & & & & & & & & & & & & & & & & & & & & & & & & & & & & \\\\ & & & & & & & & & & & & & & & & & & & & & & & & & & & & & & & & & & & & & & & & & & & & & & & & & & & & & \\\\ & & & & & & & & & & & & & & & & & & & & & & & & & & & & & & & & & & & & & & & & & & & & & & & & & & & & & \\\\ & & & & & & & & & & & & & & & & & & & & & & & & & & & & & & & & & & & & & & & & & & & & & & & & & & & & & \\\\ & & & & & & & & & & & & & & & & & & & & & & & & & & & & & & & & & & & & & & & & & & & & & & & & & & & & & \\\\ & & & & & & & & & & & & & & & & & & & & & & & & & & & & & & & & & & & & & & & & & & & & & & & & & & & & & \\\\ & & & & & & & & & & & & & & & & & & & & & & & & & & & & & & & & & & & & & & & & & & & & & & & & & & & & & \\\\ & & & & & & & & & & & & & & & & & & & & & & & & & & & & & & & & & & & & & & & & & & & & & & & & & & & & & \\\\ & & & & & & & & & & & & & & & & & & & & & & & & & & & & & & & & & & & & & & & & & & & & & & & & & & & & & \\\\ & & & & & & & & & & & & & & & & & & & & & & & & & & & & & & & & & & & & & & & & & & & & & & & & & & & & & \\\\ & & & & & & & & & & & & & & & & & & & & & & & & & & & & & & & & & & & & & & & & & & & & & & & & & & & & & \\\\ & & & & & & & & & & & & & & & & & & & & & & & & & & & & & & & & & & & & & & & & & & & & & & & & & & & & & \\\\ & & & & & & & & & & & & & & & & & & & & & & & & & & & & & & & & & & & & & & & & & & & & & & & & & & & & & \\\\ & & & & & & & & & & & & & & & & & & & & & & & & & & & & & & & & & & & & & & & & & & & & & & & & & & & & & \\\\ & & & & & & & & & & & & & & & & & & & & & & & & & & & & & & & & & & & & & & & & & & & & & & & & & & & & & \\\\ & & & & & & & & & & & & & & & & & & & & & & & & & & & & & & & & & & & & & & & & & & & & & & & & & & & & & \\\\ & & & & & & & & & & & & & & & & & & & & & & & & & & & & & & & & & & & & & & & & & & & & & & & & & & & & & \\\\ & & & & & & & & & & & & & & & & & & & & & & & & & & & & & & & & & & & & & & & & & & & & & & & & & & & & & \\\\ & & & & & & & & & & & & & & & & & & & & & & & & & & & & & & & & & & & & & & & & & & & & & & & & & & & & & \\\\ & & & & & & & & & & & & & & & & & & & & & & & & & & & & & & & & & & & & & & & & & & & & & & & & & & & & & \\\\ & & & & & & & & & & & & & & & & & & & & & & & & & & & & & & & & & & & & & & & & & & & & & & & & & & & & & \\\\ & & & & & & & & & & & & & & & & & & & & & & & & & & & & & & & & & & & & & & & & & & & & & & & & & & & & & \\\\ & & & & & & & & & & & & & & & & & & & & & & & & & & & & & & & & & & & & & & & & & & & & & & & & & & & & & \\\\ & & & & & & & & & & & & & & & & & & & & & & & & & & & & & & & & & & & & & & & & & & & & & & & & & & & & & \\\\ & & & & & & & & & & & & & & & & & & & & & & & & & & & & & & & & & & & & & & & & & & & & & & & & & & & & & \\\\ & & & & & & & & & & & & & & & & & & & & & & & & & & & & & & & & & & & & & & & & & & & & & & & & & & & & & \\\\ & & & & & & & & & & & & & & & & & & & & & & & & & & & & & & & & & & & & & & & & & & & & & & & & & & & & & \\\\ & & & & & & & & & & & & & & & & & & & & & & & & & & & & & & & & & & & & & & & & & & & & & & & & & & & & & \\\\ & & & & & & & & & & & & & & & & & & & & & & & & & & & & & & & & & & & & & & & & & & & & & & & & & & & & & \\\\ & & & & & & & & & & & & & & & & & & & & & & & & & & & & & & & & & & & & & & & & & & & & & & & & & & & & & \\\\ & & & & & & & & & & & & & & & & & & & & & & & & & & & & & & & & & & & & & & & & & & & & & & & & & & & & & \\\\ & & & & & & & & & & & & & & & & & & & & & & & & & & & & & & & & & & & & & & & & & & & & & & & & & & & & & \\\\ & & & & & & & & & & & & & & & & & & & & & & & & & & & & & & & & & & & & & & & & & & & & & & & & & & & & & \\\\ & & & & & & & & & & & & & & & & & & & & & & & & & & & & & & & & & & & & & & & & & & & & & & & & & & & & & \\\\ & & & & & & & & & & & & & & & & & & & & & & & & & & & & & & & & & & & & & & & & & & & & & & & & & & & & & \\\\ & & & & & & & & & & & & & & & & & & & & & & & & & & & & & & & & & & & & & & & & & & & & & & & & & & & & & \\\\ & & & & & & & & & & & & & & & & & & & & & & & & & & & & & & & & & & & & & & & & & & & & & & & & & & & & & \\\\ & & & & & & & & & & & & & & & & & & & & & & & & & & & & & & & & & & & & & & & & & & & & & & & & & & & & & \\\\ & & & & & & & & & & & & & & & & & & & & & & & & & & & & & & & & & & & & & & & & & & & & & & & & & & & & & \\\\ & & & & & & & & & & & & & & & & & & & & & & & & & & & & & & & & & & & & & & & & & & & & & & & & & & & & & \\\\ & & & & & & & & & & & & & & & & & & & & & & & & & & & & & & & & & & & & & & & & & & & & & & & & & & & & & \\\\ & & & & & & & & & & & & & & & & & & & & & & & & & & & & & & & & & & & & & & & & & & & & & & & & & & & & & \\\\ & & & & & & & & & & & & & & & & & & & & & & & & & & & & & & & & & & & & & & & & & & & & & & & & & & & & & \\\\ & & & & & & & & & & & & & & & & & & & & & & & & & & & & & & & & & & & & & & & & & & & & & & & & & & & & & \\\\ & & & & & & & & & & & & & & & & & & & & & & & & & & & & & & & & & & & & & & & & & & & & & & & & & & & & & \\\\ & & & & & & & & & & & & & & & & & & & & & & & & & & & & & & & & & & & & & & & & & & & & & & & & & & & & & \\\\ & & & & & & & & & & & & & & & & & & & & & & & & & & & & & & & & & & & & & & & & & & & & & & & & & & & & & \\\\ & & & & & & & & & & & & & & & & & & & & & & & & & & & & & & & & & & & & & & & & & & & & & & & & & & & & & \\\\ & & & & & & & & & & & & & & & & & & & & & & & & & & & & & & & & & & & & & & & & & & & & & & & & & & & & & \\\\ & & & & & & & & & & & & & & & & & & & & & & & & & & & & & & & & & & & & & & & & & & & & & & & & & & & & & \\\\ & & & & & & & & & & & & & & & & & & & & & & & & & & & & & & & & & & & & & & & & & & & & & & & & & & & & & \\\\ & & & & & & & & & & & & & & & & & & & & & & & & & & & & & & & & & & & & & & & & & & & & & & & & & & & & & \\\\ & & & & & & & & & & & & & & & & & & & & & & & & & & & & & & & & & & & & & & & & & & & & & & & & & & & & & \\\\ & & & & & & & & & & & & & & & & & & & & & & & & & & & & & & & & & & & & & & & & & & & & & & & & & & & & & \\\\ & & & & & & & & & & & & & & & & & & & & & & & & & & & & & & & & & & & & & & & & & & & & & & & & & & & & & \\end{pmatrix}\\]\r\n$5+5=10$ '),
	(504, 73, 10, 'test', 12, 'condition'),
	(505, 73, 11, 'final test', 13, 'fearf'),
	(506, 149, 2, 'instruction', 7, '<p><span style="background-color: rgb(229, 224, 236);">рьрьарьароочаророчор</span></p>'),
	(507, 149, 3, 'text', 1, 'https://ru.wikipedia.org/wiki/%D0%94%D0%B8%D1%84%D1%84%D0%B5%D1%80%D0%B5%D0%BD%D1%86%D0%B8%D0%B0%D0%BB%D1%8C%D0%BD%D0%BE%D0%B5_%D1%83%D1%80%D0%B0%D0%B2%D0%BD%D0%B5%D0%BD%D0%B8%D0%B5https://ru.wikipedia.org/wiki/%D0%94%D0%B8%D1%84%D1%84%D0%B5%D1%80%D0%B5%D0%BD%D1%86%D0%B8%D0%B0%D0%BB%D1%8C%D0%BD%D0%BE%D0%B5_%D1%83%D1%80%D0%B0%D0%B2%D0%BD%D0%B5%D0%BD%D0%B8%D0%B5<p>https://ru.wikipedia.org/wiki/%D0%94%D0%B8%D1%84%D1%84%D0%B5%D1%80%D0%B5%D0%BD%D1%86%D0%B8%D0%B0%D0%BB%D1%8C%D0%BD%D0%BE%D0%B5_%D1%83%D1%80%D0%B0%D0%B2%D0%BD%D0%B5%D0%BD%D0%B8%D0%B5</p><p>https://ru.wikipedia.org/wiki/%D0%94%D0%B8%D1%84%D1%84%D0%B5%D1%80%D0%B5%D0%BD%D1%86%D0%B8%D0%B0%D0%BB%D1%8C%D0%BD%D0%BE%D0%B5_%D1%83%D1%80%D0%B0%D0%B2%D0%BD%D0%B5%D0%BD%D0%B8%D0%B5<span class="redactor-invisible-space"></span><br></p>'),
	(508, 149, 4, 'text', 1, '<p> <span class="line">Сижу за решеткой в темнице сырой.</span><br> <span class="line">Вскормленный в неволе орел молодой,</span><br> <span class="line">Мой грустный товарищ, махая крылом,</span><br> <span class="line">Кровавую пищу клюет под окном,</span>\r\n</p>\r\n<p> <span class="line">Клюет, и бросает, и смотрит в окно,</span><br> <span class="line">Как будто со мною задумал одно.</span><br> <span class="line">Зовет меня взглядом и криком своим</span><br> <span class="line">И вымолвить хочет: «Давай улетим!</span>\r\n</p>\r\n<p> <span class="line">Мы вольные птицы; пора, брат, пора!</span><br> <span class="line">Туда, где за тучей белеет гора,</span><br> <span class="line">Туда, где синеют морские края,</span><br> <span class="line">Туда, где гуляем лишь ветер... да я!...»</span>\r\n</p>\r\n<p>https://ru.wikipedia.org/wiki/%D0%94%D0%B8%D1%84%D1%84%D0%B5%D1%80%D0%B5%D0%BD%D1%86%D0%B8%D0%B0%D0%BB%D1%8C%D0%BD%D0%BE%D0%B5_%D1%83%D1%80%D0%B0%D0%B2%D0%BD%D0%B5%D0%BD%D0%B8%D0%B5<br><span class="line"></span>\r\n</p>'),
	(509, 149, 5, 'test', 12, '1'),
	(510, 149, 6, 'text', 1, '<p><u>https://ru.wikipedia.org/wiki/%D0%94%D0%B8%D1%84%D1%84%D0%B5%D1%80%D0%B5%D0%BD%D1%86%D0%B8%D0%B0%D0%BB%D1%8C%D0%BD%D0%BE%D0%B5_%D1%83%D1%80%D0%B0%D0%B2%D0%BD%D0%B5%D0%BD%D0%B8%D0%B5</u></p><p><u>https://ru.wikipedia.org/wiki/%D0%94%D0%B8%D1%84%D1%84%D0%B5%D1%80%D0%B5%D0%BD%D1%86%D0%B8%D0%B0%D0%BB%D1%8C%D0%BD%D0%BE%D0%B5_%D1%83%D1%80%D0%B0%D0%B2%D0%BD%D0%B5%D0%BD%D0%B8%D0%B5</u><span class="redactor-invisible-space"><br></span></p><p><span class="redactor-invisible-space"><u>https://ru.wikipedia.org/wiki/%D0%94%D0%B8%D1%84%D1%84%D0%B5%D1%80%D0%B5%D0%BD%D1%86%D0%B8%D0%B0%D0%BB%D1%8C%D0%BD%D0%BE%D0%B5_%D1%83%D1%80%D0%B0%D0%B2%D0%BD%D0%B5%D0%BD%D0%B8%D0%B5</u><span class="redactor-invisible-space"><br></span></span></p><p><span class="redactor-invisible-space"><span class="redactor-invisible-space"><u>https://ru.wikipedia.org/wiki/%D0%94%D0%B8%D1%84%D1%84%D0%B5%D1%80%D0%B5%D0%BD%D1%86%D0%B8%D0%B0%D0%BB%D1%8C%D0%BD%D0%BE%D0%B5_%D1%83%D1%80%D0%B0%D0%B2%D0%BD%D0%B5%D0%BD%D0%B8%D0%B5</u><span class="redactor-invisible-space"><br></span></span></span></p>'),
	(511, 149, 7, 'text', 1, '<p><a href="http://pidruchniki.com/1883061748107/dokumentoznavstvo/gramatika">http://pidruchniki.com/1883061748107/dokumentoznav...</a></p><p><a href="http://pidruchniki.com/1883061748107/dokumentoznavstvo/gramatika">http://pidruchniki.com/1883061748107/dokumentoznav...</a><span class="redactor-invisible-space"><br></span></p><p><span class="redactor-invisible-space"><a href="http://pidruchniki.com/1883061748107/dokumentoznavstvo/gramatika">http://pidruchniki.com/1883061748107/dokumentoznav...</a><span class="redactor-invisible-space"><br></span></span></p><p><span class="redactor-invisible-space"><span class="redactor-invisible-space"><a href="http://pidruchniki.com/1883061748107/dokumentoznavstvo/gramatika">http://pidruchniki.com/1883061748107/dokumentoznav...</a><span class="redactor-invisible-space"><br></span></span></span></p>'),
	(512, 149, 8, 'text', 1, '<h2>Граматика. Граматичне значення. Граматичні категорії</h2><h2>Граматика. Граматичне значення. Граматичні категорії</h2><h2>Граматика. Граматичне значення. Граматичні категорії</h2><h2>Граматика. Граматичне значення. Граматичні категорії</h2>'),
	(513, 146, 12, 'formula', 10, '\\[\\begin{pmatrix} 11 & 21& \\\\ 12& 21& \\end{pmatrix}\\]\r\n'),
	(515, 149, 10, 'test', 12, 'апрапораоааооиариповио'),
	(517, 150, 1, 'text', 1, '<p>ghghdfgdfgfdgsgdhgfhfghsgdhg</p>'),
	(518, 150, 2, 'text', 1, '<p><span style="color: rgb(155, 187, 89); "></span>fxbvjb\n</p>'),
	(519, 98, 1, 'text', 1, '<p><span style="color: rgb(155, 187, 89);">стит ии </span></p>'),
	(520, 149, 9, 'text', 1, '<p>hjhjhjhkkjb</p>'),
	(521, 149, 1, 'text', 1, '<p>  m, m,bnk,bnkbjl nkn;; k;k;</p>'),
	(522, 150, 3, 'text', 1, '<p>gjhkgjkgjl jl</p><hr><p><br></p>'),
	(523, 150, 4, 'label', 8, '<p>jvhkjbl</p>'),
	(524, 150, 5, 'test', 12, 'тест'),
	(525, 150, 6, 'test', 12, 'Переменная — это:'),
	(526, 150, 7, 'final task', 6, '<p>ывпар</p>'),
	(527, 151, 1, 'instruction', 7, '<p>ыакрвпгоаншашг</p>'),
	(528, 151, 2, 'test', 12, 'Имя переменной — это:'),
	(529, 151, 3, 'test', 12, 'Белая береза Под моим окном Принакрылась снегом, Точно серебром.  На пушистых ветках Снежною каймой Распустились кисти Белой бахромой.'),
	(530, 151, 4, 'test', 12, 'Белая береза Под моим окном Принакрылась снегом, Точно серебром.  На пушистых ветках Снежною каймой Распустились кисти Белой бахромой.'),
	(531, 151, 5, 'test', 12, 'Белая береза Под моим окном Принакрылась снегом, Точно серебром.  На пушистых ветках Снежною каймой Распустились кисти Белой бахромой.'),
	(532, 112, 4, 'task', 5, '<p>ьпьпоьспо</p>'),
	(533, 53, 2, 'formula', 10, '\\[5> 3; 6< 10; 8=8\\]\r\n'),
	(534, 153, 1, 'test', 12, '???????????????????????????????????????????????????????????????????????????????????????????????????????/'),
	(537, 154, 1, 'test', 12, '1212'),
	(538, 155, 1, 'test', 12, 'sdfdsf'),
	(539, 155, 2, 'test', 12, 'sdsd'),
	(540, 156, 1, 'test', 12, 'Скільки н?іг у корови'),
	(541, 156, 2, 'test', 12, 'QBASIC — это'),
	(542, 156, 3, 'test', 12, 'QBASIC — это'),
	(543, 156, 4, 'test', 12, 'QBASIC — это'),
	(545, 100, 50, 'text', 1, '<p><u>Примітки</u>: а) <em>тіло циклу</em> - операції, які повторюються за його допомогою (розміщені між операторними дужками “<strong><span style="color: rgb(192, 80, 77);">{ }</span></strong>” - початком і кінцем циклу); аналогічно визначається також <em>тіло програми</em> в цілому;</p><p>б) хороший стиль написання тексту передбачає робити відступ (табуляцію) після кожної відкриваючої дужки “<strong><span style="color: rgb(192, 80, 77);">{</span> </strong>”.</p>\r\n<p>Конструкція <strong><span style="color: rgb(192, 80, 77);">for ( i = 1; i &lt;= 10; i ++ )</span></strong> розшифровується наступним чином:</p><ul><li>“лічильнику” <strong><span style="color: rgb(192, 80, 77);">i</span></strong> присвоюється початкове значення <strong><span style="color: rgb(192, 80, 77);">1</span></strong>;</li><li>після кожного одноразового виконання тіла циклу здійснюється <em>інкремент </em><strong><span style="color: rgb(192, 80, 77);">i</span></strong> (операція <strong><span style="color: rgb(192, 80, 77);">i ++</span></strong>) - збільшення лічильника на <strong><span style="color: rgb(192, 80, 77);">1</span></strong>;</li></ul>тіло циклу послідовно виконується доти, доки істинною є умова: <span style="color: rgb(192, 80, 77);"><strong>i &lt;= 10;</strong> </span>(значення лічильника не перевищує число <strong><span style="color: rgb(192, 80, 77);">10</span></strong>).'),
	(546, 152, 1, 'test', 12, '1'),
	(547, 136, 13, 'test', 12, 'выкфкфв'),
	(548, 159, 1, 'label', 8, '<p>Заголовок 1<br></p>'),
	(549, 159, 2, 'final test', 13, 'рпа'),
	(550, 159, 4, 'example', 4, '<p>Петя сорвал с одной яблони 12 яблок, а с другой 9. После того как он \r\nподелился с другом у него осталось 16. Сколько яблок Петя дал другу?</p>\r\n\r\n\r\n\r\n<blockquote class="otvet"><ul><p><b>Решение:</b></p><p>1) 12 + 9 = 21 (всего яблок сорвал Петя</p><p>2) 21 - 16 = 5</p><p>Выражение: (12 + 9) - 16 = 5</p><p>Ответ: Петя дал другу 5 яблок.</p>\r\n\r\n\r\n\r\n       </ul></blockquote>'),
	(551, 159, 5, 'instruction', 7, '<p>В книге 14 стихотворений. Настя выучила 6, Катя 3, а Нина все остальные. Сколько стихотворений выучила Нина?</p>\r\n\r\n\r\n\r\n<blockquote class="otvet"><ul><b>Решение:</b>\r\n\r\n\r\n\r\n       <li>1) 6 + 3 = 9 (выучили Настя и Катя вместе)</li>\r\n\r\n\r\n\r\n       <li>2) 14 - 9 = 5</li>\r\n\r\n\r\n\r\n       <li>Выражение: 14 - (6 + 3) = 5</li>\r\n\r\n\r\n\r\n       <li>Ответ: Нина выучила 5 стихов.</li>\r\n\r\n\r\n\r\n     </ul></blockquote>'),
	(552, 159, 6, 'test', 12, 'Текстовый редактор — это:'),
	(553, 159, 3, 'test', 12, 'Ячейка электронной таблицы определяется:'),
	(554, 100, 46, 'label', 8, '<p>Частина 8. Оператори циклів</p>'),
	(555, 67, 1, 'test', 12, '____________________________________________________________________________________________________________________________________________________________________________'),
	(556, 67, 2, 'test', 12, '*********************************************************************************************************************************************'),
	(557, 67, 3, 'test', 12, '1111111111111111111111111111111111111111111111111111111111'),
	(558, 67, 4, 'label', 8, '<p>Інтернет програміст (РНР)(язык:UA )</p>'),
	(559, 67, 5, 'label', 8, '<p><span style="background-color: rgb(255, 255, 0);"><em><strong><del>Інтернет програміст (РНР)(язык:UA )</del></strong></em></span><span style="background-color: rgb(79, 129, 189);"></span></p>'),
	(560, 67, 6, 'test', 12, 'dtuyu'),
	(561, 100, 51, 'text', 1, '<p><strong>Важливо: </strong>умова повторення (нового виконання тіла циклу) в циклі<span style="color: rgb(192, 80, 77);"> </span><strong><span style="color: rgb(192, 80, 77);">for</span></strong> перевіряється <em>до початку кожного повторення</em> (маємо т.з. <em>цикл з передумовою</em>).</p>\r\n<p><u>2. Цикл з умовою.</u></p>Використовується, коли кількість повторень наперед не відома, але відома умова їх припинення (альтернативна назва - цикл <strong><span style="color: rgb(192, 80, 77);">while</span></strong>).'),
	(562, 100, 52, 'example', 4, '<p><span style="color: rgb(79, 129, 189);"><strong>#include &lt;stdio.h&gt;</strong></span></p><p><strong><span style="color: rgb(79, 129, 189);">main()</span></strong></p><p><strong><span style="color: rgb(79, 129, 189);">{</span></strong></p><p style="margin-left: 20px;"><strong><span style="color: rgb(79, 129, 189);">int N;</span><span style="color: rgb(155, 187, 89);"> </span></strong><span style="color: rgb(155, 187, 89);"><strong>// оголошуємо змінну - ціле число (типу </strong><strong>int</strong></span><strong><span style="color: rgb(155, 187, 89);">), що вводиться з клавіатури</span></strong></p><p style="margin-left: 20px;"><strong><span style="color: rgb(79, 129, 189);">int count=0; </span></strong><strong><span style="color: rgb(155, 187, 89);">// змінна-лічильник цифр</span></strong></p><p style="margin-left: 20px;"><strong><span style="color: rgb(155, 187, 89);"><br></span></strong></p>\r\n<p style="margin-left: 20px;"><strong><span style="color: rgb(79, 129, 189);">printf ( "\\nВведіть число N: " );</span><span style="color: rgb(155, 187, 89);"> </span></strong><strong><span style="color: rgb(155, 187, 89);">// виведення на екран тексту-підказки</span></strong></p><p style="margin-left: 20px;"><strong><span style="color: rgb(79, 129, 189);">scanf ( "%d", &amp;N );</span></strong><strong><span style="color: rgb(155, 187, 89);"> // вводимо число N з клавіатури</span></strong></p><p style="margin-left: 20px;"><span style="color: rgb(79, 129, 189);"><strong>while ( N &gt; 0 ) </strong><strong><span style="color: rgb(155, 187, 89);">// заголовок циклу (буде виконуватись, поки N &gt; 0)</span></strong></span></p><p style="margin-left: 20px;"><strong><span style="color: rgb(79, 129, 189);">{</span><span style="color: rgb(155, 187, 89);"> </span></strong><span style="color: rgb(155, 187, 89);"> </span><strong><span style="color: rgb(155, 187, 89);">// початок циклу</span></strong></p><p style="margin-left: 40px;"><strong><span style="color: rgb(79, 129, 189);">N /= 10;</span> </strong><strong><span style="color: rgb(155, 187, 89);">// ділимо число N на 10 (відсікаємо останню цифру)</span></strong></p><p style="margin-left: 40px;"><strong><span style="color: rgb(79, 129, 189);">count ++;</span><span style="color: rgb(155, 187, 89);"> </span></strong><strong><span style="color: rgb(155, 187, 89);">// інкремент лічильника цифр</span></strong></p><p style="margin-left: 20px;"><span style="color: rgb(79, 129, 189);"><strong>}</strong></span><span style="color: rgb(79, 129, 189);"> </span><strong><span style="color: rgb(155, 187, 89);"> // кінець циклу</span></strong></p><p style="margin-left: 20px;"><strong><span style="color: rgb(79, 129, 189);">printf ( "Це число має %d цифр\\n", count ); </span></strong><strong> <span style="color: rgb(155, 187, 89);">// вивести на екран текст з результатом</span></strong></p><p style="margin-left: 20px;"><strong><span style="color: rgb(79, 129, 189);">getchar();</span></strong></p><strong><span style="color: rgb(79, 129, 189);">}</span></strong>'),
	(563, 100, 53, 'text', 1, '<p><u>Примітка:</u> операція<span style="color: rgb(192, 80, 77);"> </span><strong><span style="color: rgb(192, 80, 77);">N /= 10</span></strong> представляє собою <em>цілочисельне ділення </em>числа<span style="color: rgb(192, 80, 77);"> </span><strong><span style="color: rgb(192, 80, 77);">N</span></strong> на <strong><span style="color: rgb(192, 80, 77);">10</span></strong> (результат - ціле число без остачі).</p>\r\n<p>Цикл<span style="color: rgb(192, 80, 77);"> </span><strong><span style="color: rgb(192, 80, 77);">while</span></strong> в даній програмі працює наступним чином:</p><ul><li>перевіряється умова в дужках (<strong><span style="color: rgb(192, 80, 77);">N &gt; 0</span></strong>);</li><li>якщо умова істинна - виконується тіло циклу і знову перевіряється умова;</li><li>щойно умова перестає виконуватись - цикл припиняється.</li></ul>'),
	(564, 160, 1, 'test', 12, '1'),
	(565, 100, 2, 'video', 2, '//www.youtube.com/embed/0-UXBI39aXk"'),
	(566, 100, 54, 'text', 1, '<p><u>3. Цикл з післяумовою</u></p><p><u></u>В цілому - аналогічний попередньому. Відмінність - умова виконання циклу перевіряється <em>в кінці</em> (відповідно, тіло цикла <em>виконається як мінімум 1 раз</em>, альтернативна назва - цикл <strong><span style="color: rgb(192, 80, 77);">do-while</span></strong>). Використовується рідше, ніж цикл<span style="color: rgb(192, 80, 77);"> </span><strong><span style="color: rgb(192, 80, 77);">while</span></strong> - лише тоді, коли такий принцип повторення є виправданим.</p>'),
	(567, 100, 55, 'example', 4, '<p><span style="color: rgb(79, 129, 189);"><strong>#include &lt;stdio.h&gt;</strong></span></p><p><span style="color: rgb(79, 129, 189);"><strong>main()</strong><br></span></p><p><strong><span style="color: rgb(79, 129, 189);">{</span></strong></p><p style="margin-left: 20px;"><strong><span style="color: rgb(79, 129, 189);">int N, sum;</span></strong><strong> <span style="color: rgb(155, 187, 89);">// цілі числа </span></strong><span style="color: rgb(155, 187, 89);"><strong>N</strong><strong> і </strong><strong>sum</strong><strong> - сумма цифр числа</strong></span><strong><span style="color: rgb(155, 187, 89);"> N</span></strong></p><p style="margin-left: 20px;"><strong><br></strong></p>\r\n<p style="margin-left: 20px;"><strong><span style="color: rgb(79, 129, 189);">sum = 0;</span><span style="color: rgb(155, 187, 89);"> </span></strong><strong><span style="color: rgb(155, 187, 89);">// обнуляємо початкову суму</span></strong></p><p style="margin-left: 20px;"><strong><span style="color: rgb(79, 129, 189);">do {</span> </strong> <strong><span style="color: rgb(155, 187, 89);">// початок циклу</span></strong></p><p style="margin-left: 40px;"><strong><span style="color: rgb(79, 129, 189);">printf ( "\\nВведіть натуральне число:" );</span><span style="color: rgb(79, 129, 189);"> </span></strong><strong><span style="color: rgb(155, 187, 89);">// на екран - текст-підказку</span></strong></p><p style="margin-left: 40px;"><strong><span style="color: rgb(79, 129, 189);">scanf ( "%d", &amp;N );</span><span style="color: rgb(155, 187, 89);"> </span></strong><span style="color: rgb(155, 187, 89);"><strong>// введення числа </strong><strong>N</strong> </span><strong><span style="color: rgb(155, 187, 89);">з клавіатури</span></strong></p><p style="margin-left: 20px;"><strong><span style="color: rgb(79, 129, 189);">}</span></strong> <strong><span style="color: rgb(155, 187, 89);">// кінець циклу</span></strong></p><p style="margin-left: 20px;"><strong><span style="color: rgb(79, 129, 189);">while ( N &lt;= 0 );</span> </strong> <strong><span style="color: rgb(155, 187, 89);">// умова циклу - поки не введено число, яке більше 0</span></strong></p><p style="margin-left: 20px;"><strong><span style="color: rgb(79, 129, 189);">while ( N &gt; 0 ) {</span></strong></p><p style="margin-left: 40px;"><strong><span style="color: rgb(79, 129, 189);">sum += N % 10;</span> </strong><strong><span style="color: rgb(155, 187, 89);">// знаходимо остачу від ділення на 10 (останню цифру) і додаємо до попередньої суми</span></strong></p><p style="margin-left: 40px;"><strong><span style="color: rgb(79, 129, 189);">N /= 10;</span><span style="color: rgb(155, 187, 89);"> </span></strong><span style="color: rgb(155, 187, 89);"> </span><strong><span style="color: rgb(155, 187, 89);">// зменшуємо число в 10 разів</span></strong></p><p style="margin-left: 20px;"><strong><span style="color: rgb(79, 129, 189);">}</span></strong></p><p style="margin-left: 20px;"><strong><span style="color: rgb(79, 129, 189);">printf ( "Сума цифр цього числа дорівнює %d\\n", sum ); </span></strong><strong><span style="color: rgb(155, 187, 89);">// результат - на екран</span></strong></p><p style="margin-left: 20px;"><strong><span style="color: rgb(79, 129, 189);">getchar();</span></strong></p><strong><span style="color: rgb(79, 129, 189);">}</span></strong>'),
	(568, 100, 56, 'text', 1, '<p>В даному прикладі цикл <strong><span style="color: rgb(192, 80, 77);">do-while</span></strong> доцільно застосувати для перевірки “постфактум”, чи дійсно введено натуральне число (більше 0). Тобто, перевірка в будь-якому разі має здійснюватись, <em>коли тіло виконалося</em> <em>хоча б 1 раз</em>.</p>'),
	(569, 72, 1, 'final test', 13, 'аорьтпь'),
	(570, 100, 5, 'video', 2, '//www.youtube.com/embed/hEwJ3lDbAfA"'),
	(571, 160, 2, 'test', 12, 'ваава'),
	(572, 73, 12, 'image', 9, '/images/lecture/44e777089dfc94345ef74b292b42399a.jpg"></p'),
	(574, 149, 11, 'image', 9, '/images/lecture/83820954b6a9d63ba87e6e4ef430e76f.jpg"></p'),
	(575, 149, 12, 'image', 9, '/images/lecture/65adda8a144c62c2b99e99c726b00a2d.jpg"></p'),
	(577, 161, 1, 'final test', 13, 'скільки?'),
	(578, 162, 1, 'final test', 13, 'Скільки?'),
	(579, 163, 1, 'test', 12, 'скільки?'),
	(580, 164, 1, 'test', 12, 'Умова!'),
	(581, 165, 2, 'example', 4, '<p>чсм см</p>'),
	(582, 165, 1, 'example', 4, '<p>!""№;%:?*()_++_)(*?:%;№"!"№;;%:?*())</p>'),
	(583, 150, 8, 'instruction', 7, '<p><span class="MathJax"><nobr><span class="math"><span class="mrow"><span class="mn">5</span><span class="mo">&gt;</span><span class="mn">3</span><span class="mo">;</span><span class="mn">6</span><span class="mo">&lt;</span><span class="mn">10</span><span class="mo">;</span><span class="mn">8</span><span class="mo">=</span><span class="mn">8</span></span></span></nobr></span></p>'),
	(584, 166, 1, 'text', 1, '<p>fgfdgf</p>'),
	(585, 166, 2, 'final test', 13, 'dfgdg'),
	(586, 166, 3, 'final test', 13, 'dsgfkdfghzdkfg&&&&'),
	(587, 166, 4, 'final test', 13, '     vcnc'),
	(588, 166, 5, 'text', 1, '<p>xfhgh</p>'),
	(589, 166, 6, 'text', 1, '<p>kghkj,jh</p>'),
	(590, 166, 7, 'test', 12, 'xvdfgdfgdf'),
	(591, 149, 13, 'final test', 13, 'sndjks'),
	(592, 166, 8, 'formula', 10, '\\[5+5=10\\]\r\n'),
	(593, 161, 2, 'final test', 13, 'Скільки?'),
	(594, 178, 1, 'test', 12, '"6. Название теста - Белая береза Под моим окном Принакрылась снегом, Точно серебром.  На пушистых ветках Снежною каймой Распустились кисти Белой бахромой."'),
	(595, 178, 2, 'test', 12, 'Скільки ніг у корови?'),
	(596, 178, 3, 'test', 12, 'рррр'),
	(597, 136, 14, 'test', 12, '1111'),
	(599, 136, 15, 'example', 4, '<p>"Пример 1. 1)Написать уравнение эллипса, если а=4, в=3; 2)Найти координаты</p>\n<p>фокусов; 3)Найти Е.</p>\n<p>Ответ: 1) х2/16 + у2/9=1; 2) С= = , F1 (- , 0); F2 ( , 0); 3)Е = с/а = /4 &lt; 1."</p>\n<p><a href="http://works.tarefer.ru/50/100134/index.html#tema5">http://works.tarefer.ru/50/100134/index.html#tema5</a></p>'),
	(600, 136, 16, 'label', 8, '<p>2222222222222222</p>'),
	(601, 136, 17, 'test', 12, 'Скыльки ныг у корови?'),
	(602, 136, 18, 'test', 12, 'Скыльки?'),
	(603, 182, 1, 'final test', 13, 'cbnmnm'),
	(604, 140, 6, 'text', 1, '<p>Спільним кратним кількох натуральних чисел є число, яке ділиться на всі ці числа без остачі.</p>\n<p><strong>Найменше спільне кратне</strong> (НСК) — найменше натуральне число, яке ділиться на кожне з даних чисел.</p>\n<p>Наприклад, НСК чисел 10 і 15 дорівнює добутку чисел 2, 3 і 5 тобто дорівнює 30.</p>'),
	(605, 140, 8, 'example', 4, '<p><strong><em>Завдання </em>: Знайти НСК(2,3,4)=12</strong></p>'),
	(606, 140, 5, 'example', 4, '<p><strong><em>Завдання: </em>Знайти НСД(16,20,28)</strong></p>'),
	(608, 140, 9, 'example', 4, '<p><strong><em>Завдання </em>: Знайти НСД і НСК чисел 144, 1008, 1224.</strong></p>'),
	(609, 140, 10, 'text', 1, '<p><strong>Частина 2</strong></p><p>Звичайні дроби</p><p><em>Дробом </em>називається число представлене як результат операції ділення.</p><p><em>Звичайним дробом</em> називається число представлене у вигляді <img src="https://lh4.googleusercontent.com/4fjsbBeQVDE5-X7glizxpgVIs4rEtQ8RlDNYVpIIdqpnZDMdBQbSSqZ9HZhI0diIhNJyx590PPYGvxOGudZfzLZWC0yeIw-najMfpDw_RfHg-kwCCl471BohO2P6rkrTO-guOfki053WGgws" alt="{m}/{n}">, де: m - ціле, n - натуральне. Чисельником називається число або вираз, який стоїть над рискою дробу. Знаменником називається число або вираз, який стоїть під рискою дробу. </p><p>Ціле число можна представити звичайним дробом із знаменником 1.</p><p>Знаменник вказує на скільки рівних частин було розділено щось ціле, а чисельник вказує скільки таких частин було взято. Дріб <img src="https://lh3.googleusercontent.com/onASOrucPOZ5mUWAUnTs1mxBXV-8NY8pAlq1NL7zTZMzU_SKlr-Jy-ghjLcMU6T4Jk_0V-uFfhLp6s_tTkisgMzbpviMTz9eFD49AiaHvSOS0HhkXtCqu2VLykoSHO6Llk5hAF0WFRyx6t-c" alt="{2}/{3}">читається «Дві третіх» або «дві третини».</p><p>Правильні та неправильні дроби </p><p>Якщо у звичайному дробі чисельник менший від знаменника то дріб називається правильним. </p>'),
	(611, 140, 11, 'example', 4, '<p>Наприклад: <img src="https://lh6.googleusercontent.com/UrZeuTRh8W7IITHESOI83rGYsmL7bRei_PcRSuHSyXqLNU64C6YS0s1JBQLPlByccP5ek1l30RBmfYWBcZumDN9t7e-fxKhjh8XEe3LJUOQDWi0AuWkccoVp5YUN36H9WLShuee8E88R9aHC" alt="{4}/{5}">. Якщо у звичайному дробі чисельник більший від знаменника то дріб називається неправильним.</p>'),
	(612, 140, 12, 'example', 4, '<p>Наприклад: <img src="https://lh4.googleusercontent.com/5GvP_vw8F-WM0BboyPd_pGRRgx73U9i31vLPX1__gsvKKzTlx7J9LdA29cfdonWvk79lngJIBzMNcxISC9AgD8g7u5Y5fPS5HRKUX10wp09ddMQPWrmhBoDSgFP6rf7CJRSglF_jOIOeghOI" alt="{7}/{4}">.</p>Неправильні дроби подають у вигляді мішаних чисел.'),
	(613, 140, 13, 'text', 1, '<p>Для того, щоб перетворити неправильний дріб на мішане число, потрібно чисельник поділити на знаменник і окремо записати цілу частину, а остачу записати в чисельнику дробової частини</p>'),
	(614, 140, 14, 'example', 4, '<p>Наприклад, <img src="https://lh3.googleusercontent.com/9DJj1K7H5Koi2I-PeJLZGYtS4XZes9coXt4hByhAZRtiFSOIsUT5E1RgNOwCRRwJfEVKbVuMTShUob0azumCnBigBP2-HikpU2AuNz0R0jwORJjanJbZpcWkH32OY6tLtQREqG-BYubCiLUU" alt="{7}/{4}=1~{3}/{4}">. Читається «одна ціла три четвертих».</p>'),
	(615, 140, 15, 'text', 1, '<p>Якщо у звичайному дробі чисельник рівний знаменнику то дріб можна замінити одиницею. І навпаки одиницю можна замінити дробом у якого чисельник та знаменник рівні.</p>\r\n<p>Два дроби називаються звичайно оберненими, якщо чисельник першого дробу дорівнює знаменнику другого і навпаки. </p><p>Тобто дроби <img src="https://lh6.googleusercontent.com/VW9ABehiRI4iwH5IRkDYd5FHpDaW3XrtZzYmzysJJCQCh8G5U_3IwmgxmJF1fepfJnJ6j6VkPlbtfWMQRm6yMhqKMlYIoaHLoVn6WRlsf2KmKtJjRc2betVPcgOWl25gUuTuqDhIVakRiB4N" alt="{5}/{11}">та <img src="https://lh6.googleusercontent.com/OJHAXs5MczRe50EK3FrunwNd4B0FL8igoDGXET8DxQBDzbGyEeAaiNHeWq60vM6o6VuqkeRUuDHNxq0mkZ4qM3fxFP6EaP64YljXgmb0udR_PIOYQ41jmi2HIt8elV1knAhvl4VxG18GhMj2" alt="{11}/{5}">є взаємно оберненими дробами.</p>'),
	(616, 140, 16, 'text', 1, '<p><strong>Частина 3</strong></p><p>Операції зі звичайними дробами</p><p><em>Розширення дробу</em></p><p>Значення дробу не змінюється, якщо його чисельник та знаменник помножити на одне і те ж число, відмінне від нуля. </p>'),
	(617, 140, 17, 'example', 4, '<p>Приклад: <img src="https://lh3.googleusercontent.com/FIdaqNW8fVDeUh8xhmSyEecYCZ9cXYr_XDlWufRF-9D1Og28mMHW5HOXCyORxUO0s8ILhUzM1ij81XiU6KzTuNBIry8znpKHT8yqSPn462HBsdJ9ATtfuDAyIowCgqAwuFE6xBSCiildM1LE" alt="{2}/{3}={2*4}/{3*4}={8}/{12}"></p>'),
	(618, 140, 18, 'example', 4, '<p><strong></strong></p><p><strong><em>Завдання: </em>Розширити дріб </strong><strong>;</strong></p>'),
	(619, 140, 19, 'text', 1, '<p><em>Спрощення дробу</em></p><p>Значення дробу не змінюється, якщо його чисельник та знаменник поділити на одне і те ж число, відмінне від нуля. </p>'),
	(620, 140, 20, 'example', 4, '<p>Приклад: <img src="https://lh6.googleusercontent.com/aonaKVWSKcS0D5hXgUmQNStZJPuObGjt1IK95Tqh34F_CauYDbuHBQHrTyizEgU9fNM9Jx6soFv2XLsQ7hHmKViMcsdQQaMwb_9KIk9vcFxt4oq6XbhzRgoabcM9CPNhf0ypsBlOQ2fFMZBg" alt="{12}/{16}={12:2}/{16:2}={6}/{8}"></p>'),
	(621, 140, 21, 'example', 4, '<p><strong><em>Завдання: </em>спростити дріб <strong><em></em></strong></strong></p><p><strong><em><br></em></strong></p>'),
	(622, 140, 22, 'text', 1, '<p><em>Скорочення дробу</em>Скороченням дробу називається спрощення дробу на НСД чисельника та знаменника.</p>'),
	(623, 140, 23, 'example', 4, '<p>Приклад: <img src="https://lh5.googleusercontent.com/z11qsgLj4OIyCpWv3lpMCTjAsCN_w5uNxPZbHcjJPrpf3n9YeQZz8tVa1iZvBtuA7r6pdOrxi2uMw-g9Asbcs1yVZ_cbnsH8GOzczUFBBc_YWJegZcpSXQTqQUiHTDnnv6RjSI3qOprdoV5r" alt="{12}/{16}={12:4}/{16:4}={3}/{4}"></p>'),
	(624, 140, 24, 'example', 4, '<p><strong><em>Завдання: </em>Скоротити дріб <strong><em></em></strong></strong></p><p><strong><em><br></em></strong></p>'),
	(625, 140, 25, 'text', 1, '<p>Дріб називається нескоротним, якщо найбільший спільний дільник чисельника та знаменника дорівнює одиниці.</p>\n<p><em>Зведення дробів до спільного знаменника</em></p>\n<p>Спільним знаменником двох дробів називається НСК їх знаменників.</p>'),
	(626, 140, 27, 'example', 4, '<p>Приклад: <img src="https://lh4.googleusercontent.com/TiqVFi7hZ-wOk4UoPraco1LN2QNOqvzKud6MvmiCWh9uVuPIp99DkGJclx7nMJ2SpUssavVoIofWWIa-xNcJp2TYVhGoYQQDvEYOADVcjpEeoH_VJOp6B5ZbTA-E1A3E3vBgJoMLR_s-FjXG" alt="{1}/{4}~i~{5}/{6};~right~HCK=12;~right"><img src="https://lh3.googleusercontent.com/wrSEcpJO3egzfV5Bh0Z86Y1Qlrr_wsWEWKGbIMFfaFyGw0TQiQmow2dtYborojsE_DiDcPymd8gY2IVGmGesq4-lMaiogbN67J_PXu8yi72TX3L9mmbLsIw5uczj9Ps3_oC9aWGC_31pOSps" alt="{1*3}/{12}~i~{5*2}/{12};~right~3/12~i~10/12"></p>'),
	(627, 140, 28, 'example', 4, '<p><strong><em>Завдання:</em> Звести дроби до спільного знаменника </strong></p>'),
	(628, 140, 29, 'text', 1, '<p><em>Додавання (віднімання) дробів</em></p>\n<p>Сумою (різницею) двох дробів, зі спільними знменниками є дріб, чисельник якого дорівнює сумі (різниці) чисельників, а знаменник дорівнює спільному знаменнику доданків.</p>'),
	(629, 140, 31, 'example', 4, '<p>Приклад: <img src="https://lh6.googleusercontent.com/rRhXFSS-VS1SNEEM4v1siEArAuUNF0Sle4LRTCORzji0fIkf8SCA10Cjugxb4JbyWWpLFaK0G6mpWIwtGIP3JMP08vuno_IWA2HcrRiQRBTzNrCbbr8XuvkMtYI5QhivpPmaDX8diAhJcI9n" alt="3/7+2/7={3+2}/{7}=5/7">; <img src="https://lh6.googleusercontent.com/RIUt5rV1HpRCOPZOk0lkco9-yoNkM9kQumd56I2abbuvcinogUMaHU3rho57EnRC7u5MfRtW8O4iXiZ7cEJmV8QNzAptnOlQCZB07b-bq5i9VFkOT9Tn1yz5tHQBDOL5Fi3OxuAKDyLKyCM4" alt="~~~3/7-2/7={3-2}/{7}=1/7"></p>'),
	(630, 140, 32, 'example', 4, '<p><strong><em>Завдання: </em>Виконати дії </strong></p>'),
	(631, 140, 33, 'text', 1, '<p><em>Множення дробів</em></p>\n<p>Добутком двох дробів є дріб, чисельник якого дорівнює добутку чисельників, а знаменник — добутку знаменників.</p>'),
	(632, 140, 35, 'text', 1, '<p>Приклад: <img src="https://lh4.googleusercontent.com/n4646x4hLK7iLOYj2fwU--0105iQ7No20CQtl3nJ-rlBNO5JCeii9IBVKCmEp7m7O7Hqj4qHJGURWvRD0c7zU8XQ_rkhV1QrjfwvBaZlCF2qki0R1mY8B-nG7f8Q9lok50l7eVwO0Kvi7wlz" alt="{{1}/{3}}*{{4}/{5}}={1*4}/{3*5}=4/15"></p>'),
	(633, 140, 36, 'example', 4, '<p><strong><em>Завдання: </em>Виконати дії </strong></p>'),
	(634, 140, 37, 'text', 1, '<p><em>Ділення дробів</em></p>\n<p>Часткою двох дробів є добуток першого дробу на обернений другий.</p>'),
	(635, 140, 39, 'text', 1, '<p>Приклад: <img src="https://lh5.googleusercontent.com/nBzK3N9c-C8EMu0sfuF8f6PEt6ivYP-3P1uWuPJ3eWApg82CIULv3jlKW41uw31EHIIoMkUvAV_-cDjSF0-70IYh6Chy8NYuYdXIn_pBVoF9rQgPYvO5db8UBWXsk4r1p6xY_u23v_68wwmk" alt="{{1}/{3}}:~{{4}/{5}}={1/3}*{5/4}=5/12"></p>'),
	(636, 140, 40, 'example', 4, '<p><strong><em>Завдання: </em>Виконати дію </strong></p>'),
	(637, 140, 41, 'example', 4, '<p><em>Порівняння звичайних дробів</em></p>З двох дробів із однаковим знаменником більшим є той в якого більший чисельник Приклад: <img src="https://lh4.googleusercontent.com/uU7pYVRiixnbRFF5X3h-nHfhLXFuUUCL7-67UrXzuU4ykUQzb6DB1k3D4vlpCLmir9Ib4KVwuVZqZiJ7-_ZWSmssmypv-bChLVyu9hPfMkBdAFEPhNKE3p78E1q9vCjH-jSP_OBofds_boSN" alt="5/7 data-verified=" redactor"="">3/7"&gt; З двох дробів із однаковим чисельником більшим є той в якого менший знаменник.'),
	(638, 140, 42, 'example', 4, '<p>Приклад: <img src="https://lh4.googleusercontent.com/gI2YNXAwK0y9wFlSk26UavIQRxvik2K5YWdgvTOBaOEi3LfBKtpBQ6HstiSQtk1pXbFrR5Cir4Hy23kIdOsR2gbxGSb7FdeksjuuGHDFUPODeM6ZROIxsPtuAl-Ls-fQULLHzCOz8OczhoKS" alt="5/7 data-verified=" redactor"="">5/9"&gt;</p>'),
	(639, 184, 1, 'formula', 10, '\\[\\beta \\mu \\mu \\tau \\rho \\iota \\nu \\tau \\rho \\nu \\rho \\varsigma\\]\r\n'),
	(640, 140, 43, 'example', 4, '<p><strong><em>Завдання: </em>Виконати дії <img src="https://lh4.googleusercontent.com/IgA3D_kD_YO34QtSZ1PsbQx-Bk8quAGoK9JsL-oCl7g9ghv16Jb1IEOh79qbG_Ot3fXAgn3TKIP-Uw2_EZ_3H-P1GMmEw9XNgfv9ifjivjiW5Yy61lcPgC9fLlvDskvrOXBmvbS8KUeCF2vj" width="167" height="53" style="width: 167px; height: 53px;"></strong></p>'),
	(641, 140, 45, 'text', 1, '<p><b>Д</b>есятковим дробом називається спосіб представлення чисел у вигляді послідовності цифр розділених комою (у деяких країнах крапкою).</p>'),
	(642, 192, 1, 'label', 8, '<p><strong>Курс</strong>: Інтернет-програміст</p><p><strong>Рівень:</strong> початківець</p><p><strong>Модуль</strong>: Елементарна математика </p><p><strong>Тип заняття:</strong> лекційно-практичне</p><p><strong>Тривалість:</strong> 45хв.</p><strong>Тема : </strong>Одночлен і многочлени'),
	(643, 192, 2, 'text', 1, '<p><strong>Вступ</strong></p><p>Мета заняття: розглянути поняття одночлена і многочленна, ознайомитися з основними формулами та діями над ними. Вивичення даної теми дасть можливість краще зрозуміти поняття переміної в програмуванні. </p><p><strong>Частина 1 </strong></p><p><strong>Буквені вирази. Числові значення буквених виразів</strong></p><p><em>Буквеним виразом</em> називають запис, у якому числа і букви з’єднано знаками дій.</p>'),
	(644, 192, 3, 'example', 4, '<p><strong><em>Наприклад</em>: <img src="https://lh5.googleusercontent.com/MQX3rzdIlIenNh3KnLywaLpcb__lMxPsg3BkVnClC6DjRvBQ45QWYZbmsfBHV0Syr1Y54SBYaBCyfBmIo4hRSTQr2j57jUn39xQz_-u2TZzDCJ2pTkifBvly6HboiMgzA8bb_2yjDMeUpzKQ" width="185" height="55" style="width: 185px; height: 55px;">– буквені вирази.</strong></p>'),
	(645, 192, 4, 'text', 1, '<p>Буквені вирази також називають <em>виразами зі змінними</em>, а букви – <em>змінними</em>. Якщо в буквений вираз замість букв підставити числа, то одержимо числовий вираз, значення якого називається <em>числовим значенням буквеного виразу при даних значеннях букв</em>.</p><p>Якщо вираз не містить ніяких інших дій, крім додавання, віднімання, множення, піднесення до натурального степеня і ділення, його називають <em>раціональним</em>.</p>'),
	(646, 192, 5, 'example', 4, '<p><strong><em>Наприклад</em>: <img src="https://lh3.googleusercontent.com/NCT3H4wHcPLN8vRa654msu6Y_B-XRhaQiZoUcAY4NwISke4HjPSXlufLGUoMvyNWaMuZm45iv-AnjWn0l_-b9pKBAItdH33NEM16ccxmaaVjkROmc8YY-pBz7l9ZDrSpp1N4izRTzzZ_SEqI" alt="2xy + x,\\frac{{a + b}}{{a - b}},\\frac{{3xy}}{{x + y}}"> - раціональні вирази.</strong></p>'),
	(647, 192, 6, 'text', 1, '<p>Раціональний вираз, який не містить ділення на вираз зі змінною, називають <em>цілим</em>.</p>'),
	(648, 192, 7, 'text', 1, '<p><strong><em>Наприклад</em>, x+y, 2xy- цілі вирази.</strong></p>'),
	(649, 192, 8, 'text', 1, '<p><strong>Одночлени</strong></p><p><strong><em>Одночленом</em> називається добуток чисел, змінних та їх натуральних степенів, а також самі числа, змінні та їх натуральні числа.</strong></p>'),
	(650, 192, 9, 'example', 4, '<p><strong><em>Наприклад</em>: 5a,6b,3x,xyz – одночлени.</strong></p>'),
	(651, 192, 10, 'text', 1, '<p><em>Одночлен стандартного вигляду</em> – одночлен, який містить тільки один числовий множник, що стоїть на першому місці, і степені з різними буквеними основами.</p>'),
	(652, 192, 11, 'example', 4, '<p><strong><em>Наприклад</em>: <img src="https://lh3.googleusercontent.com/xdw6yrNgfBE_iesSz0Xc76tpC5VBT7bGp5TQrPmAfPsffc_0ZxrAnbndJe4LvLbe1CVQIirfi6lo0nPgeuAu6QiUknUayZGdTIfmkX6FrLVDE-xlZFH3GhbJ0PK58u8RFIUpfHe6VJNfGdAB" width="308" height="54" style="width: 308px; height: 54px;">- одночлени стандартного вигляду.</strong></p>'),
	(653, 192, 12, 'text', 1, '<p><em>Коефіцієнтом одночлена</em> називають числовий множник одночлена стандартного вигляду.</p><p><strong><em>Наприклад</em>: коефіцієнтами одночленів <img src="https://lh4.googleusercontent.com/KA-CtiSgQUXq6319BqCc_m4jUybfDChJkBvYJRWpvPhAKA74Wdf94P-Q9P33SEAt7Sjp_qE3eLFiYb0oNOx_DsDp3OeefZRYTKmm_D30KNuiza2pyjXCd7Hv3R-KmZYzIEaHj4aN4hqIJK_u" width="270" height="52" style="width: 270px; height: 52px;"> є відповідно числа 5, -3, -1, 1. Коефіцієнти 1 та -1 в одночленах не записують.</strong></p>'),
	(654, 192, 13, 'example', 4, '<p><strong><em>Завдання :</em> Знайдіть коефіцієнт одночлена <img src="https://lh4.googleusercontent.com/tdITxRJOhtt5I3TIpwLbhnCmJvegfFWrQkUEp0BHC9tiO4ofqzz4Mt0ToilO9g1MHHV85-s0NtphJ7uFoBPJOVknVPZygCskszOf9PsVdlhcJfcMmieHYRxsa9iADVKbo_C_VoAZIqj_eZVE" width="147" height="53" style="width: 147px; height: 53px;"></strong></p>'),
	(655, 192, 14, 'text', 1, '<p>Щоб записати одночлен у стандартному вигляді, треба перемножити всі його числові множники й одержане число поставити на перше місце, а потім добутки однакових буквених множників записати у вигляді степенів.</p>'),
	(656, 192, 15, 'example', 4, '<p><strong><em>Наприклад</em>:<img src="https://lh5.googleusercontent.com/4SLZSkUWIi9Z5Tx-c9ycuEFC1ZUdmZQ0PrzMcp0IJG1OCitnS-NuiThuH_hMAhkfagWFr9tnfrP9milOFjXRGedpw3ENDnqcmluf7e4odqjCfJwT3RRxYbezQBnqKFci0UlCWn0Nn1rzOIQu" width="436" height="51" style="width: 436px; height: 51px;"></strong></p>'),
	(657, 192, 16, 'text', 1, '<p><em>Степенем одночлена</em> називають суму показників степенів усіх буквених множників, що входять до одночлена.</p>'),
	(658, 192, 17, 'example', 4, '<p><strong><em>Наприклад</em>: степінь одночлена <img src="https://lh3.googleusercontent.com/pJyUdNH_ppClOKqUqNUhosEPRNlc-UL6YYnLJlVoH0z7mow1zGr_Lk5IgkKkKjtNjIz7lYKKr4B8DovbXT0K5TaFu9y1Q_UiELsoRw1ZlT6GQDejfpcNc1dAWulzV5umgsQQceMfZJo7v0DJ" width="114" height="60" style="width: 114px; height: 60px;"> дорівнює 3+1+6=10</strong></p>'),
	(659, 192, 18, 'text', 1, '<p>Якщо одночленом є число, відмінне від нуля, то вважають, що його степінь дорівнює нулю<strong>.</strong></p><p><strong><br></strong></p>'),
	(660, 192, 19, 'text', 1, '<p><strong>Частина 2</strong></p><p><strong>Дії над одночленами</strong></p><p>Щоб помножити одночлен на одночлен, треба перемножити їх коефіцієнти і перемножити степені з однаковими основами.</p>'),
	(661, 192, 20, 'example', 4, '<p><strong><em>Наприклад</em>:<img src="https://lh6.googleusercontent.com/TJDrQxYCPC039rtH9KDVUK5ka6aVCH2qeCSsrkK921A7Ef2CmCaVmEomypjHG4jFJkQWStr5aYIZoPaeUZKsnUmVmC7e9X3sFfiBYMMzBYvYZ7uQ0n2Hs80mEXYiXTadSalfZiqYK0VVvhfr" width="440" height="52" style="width: 440px; height: 52px;"></strong></p>'),
	(662, 192, 21, 'example', 4, '<p><strong><em>Завдання </em>Знайдіть значення виразу <img src="https://lh6.googleusercontent.com/rEkqKJYa7PtmhBVo5nVDsorubQNi5Jsy-UZm8xFJx9VnLyGG0zPmQirKB4Clu54piPu9uYdzP52b9yYr7nUSx2PLTJKQS7xChET7r89pQbNt5X4R4xDsukZJeUh3BzNg6V3iEjXBM_w1ykcr" width="180" height="51" style="width: 180px; height: 51px;"></strong></p>'),
	(663, 192, 22, 'text', 1, '<p>Щоб піднести одночлен до степеня, треба піднести його коефіцієнт до цього степеня і помножити показник степеня кожної букви на показник степеня, до якого підноситься одночлен.</p>'),
	(665, 192, 23, 'example', 4, '<p><strong><em>Наприклад</em>:<img src="https://lh5.googleusercontent.com/obiF6roMthkQf9APdGX8JjGqw1TpC9KhB87FS75bTydIu9BvENeGf93ZIe5j-w3UQcnHgZLZZSDYz0x1tCHuxhrr5idx4wuIKazXEMKXKJIRnGTdUhvWhd_CsqE1DD62h3noSNTYYsuQ482V" width="324" height="54" style="width: 324px; height: 54px;"></strong></p>'),
	(666, 192, 24, 'example', 4, '<p><strong><em>Завдання </em>Знайти значення виразу <img src="https://lh6.googleusercontent.com/sOccAUX-QyYdFmaaEYR4W3SzmMDVmGOLSTXDi1PljFpIbKny4I0zudFifDi1C_tYa0e2fXggJVDNzG9FRrftdhKT7v_lIE0PifIhIX8PE9To07Lywmgv9PQpOnXxrBQNt9v36-nxfwArkzUD" width="278" height="52" style="width: 278px; height: 52px;"></strong></p>'),
	(667, 192, 25, 'text', 1, '<p>Щоб поділити одночлен на одночлен, треба поділити коефіцієнт діленого на коефіцієнт дільника, до знайденої частки приписати множниками кожну змінну діленого з показником, що дорівнює різниці показників цієї змінної в діленому і дільнику.</p>'),
	(668, 192, 26, 'example', 4, '<p><strong><em>Наприклад</em>: <img src="https://lh5.googleusercontent.com/vgVaIIvggEmtwsLd-XWN5u2IxA7rPxTwB_3sT45shNj3Do9gzQOMnoEwmUyKC_0dmfzcTMrgyVNSULqHWQ_oZfABsd3KpW8v33xEYYbPhr5jOycaI8LCSo-K_tNiVaYN4Kf0lEFW7We-bChH" width="658" height="50" style="width: 658px; height: 50px;"></strong></p>'),
	(669, 192, 27, 'example', 4, '<p><strong><em>Завдання</em> Виконайте ділення.:<img src="https://lh5.googleusercontent.com/Hc4CCNhCvhNU1Aq4FPwfHF8Dc2rM8McHoAF1eqA8JLgyBgUOwgMKwzKHPQBh4EZx4pYc-RhG10TsmEMV_nZ3r7YRUTL78C00wKVhDV-szwHNMuS2lS9Ye31l4Nl8adiG6dDao7N-Iesm5l5H" width="108" height="56" style="width: 108px; height: 56px;"></strong></p>'),
	(670, 192, 28, 'text', 1, '<p><strong>Частина 3</strong></p><p><strong>Многочлени</strong></p><em>Многочленом</em> називається алгебраїчна сума кількох одночленів.'),
	(671, 192, 29, 'example', 4, '<p><strong><em>Наприклад</em>: <img src="https://lh3.googleusercontent.com/WztRDJTN6t-jtH7_JtFN3f8rZ_H-tUXoN8tRJkUrDVSnRyB-BgGiFfK8-gol2l8sPZI8f7bmdKON0b3zR4tQmMa9sBwH3HQQJavO-lr13S4Cb47bHp4iHYJwY-btZPs9gUMwMW8BqmERMu5q" width="375" height="50" style="width: 375px; height: 50px;">- многочлени.</strong></p>'),
	(672, 192, 30, 'text', 1, '<p>Одночлени, з яких складається многочлен, називають його <em>членами</em>. Одночлен – окремий вид многочлена. Многочлен, який містить два або три доданки, називають відповідно <em>двочленом</em> або <em>тричленом</em>.</p>'),
	(673, 192, 31, 'example', 4, '<p><strong><em>Наприклад</em>: <img src="https://lh5.googleusercontent.com/zQJzfDNg5Fu-GODtck3Pd8kYkL69SMoXB9zBPnZB-Spt1dFBLadaBA3yHcD1CVjq3nYcrkV-WjNQ8RjTIhtSWNG18byGAEEOmPBvzMQYnHlsbMYr8dS0uNWKNPcK55dw2qWPTYUQDbWaz5Bf" width="193" height="53" style="width: 193px; height: 53px;"> - двочлени; <img src="https://lh5.googleusercontent.com/Q92qPvIwfuxRzYXsECJSxLUE3h1eJnsX_syiGC1ypTn-LJNo3u2YdUoefW87B5mceqAQw9JVKRhpu3ViuZnH-4yoEpWBGk12ufIO7IWpQlvngMR3BjRGn9gWfAZVTx53ZdF8_xuE8CnwR8Rj" width="313" height="52" style="width: 313px; height: 52px;" rel="width: 313px; height: 52px;"> - тричлени.</strong></p>'),
	(674, 192, 32, 'text', 1, '<p><em>Подібні члени многочлена</em> – це однакові одночлени, або одночлени, запис яких у стандартному вигляді відрізняється лише коефіцієнтами.</p>'),
	(675, 192, 33, 'example', 4, '<p><strong><em>Наприклад</em>: у многочлені <img src="https://lh3.googleusercontent.com/GPbFjbajGKhcQFFu3o1Sm1GRzDJi1BcD09Hqe99Lfh7csDoR2O9tFr7ihbpd4XvHzvz2mFJ4Fy74XTWuCYlFONReQegBgFAxuwts3q6UXxh99YleiyWZ326xqnsA5hRrLOXYktABoUeMGqPf" alt="15{a^2}b + 3a{b^2} - 7{a^2}b + 5a{b^2}"> перший і третій, другий і четвертий члени подібні.</strong></p>'),
	(676, 192, 34, 'text', 1, '<p><em>Зведення подібних членів</em> – це спрощення многочлена, коли алгебрагічна сума подібних членів замінюється одним членом. Щоб звести подібні члени, треба додати їх коефіцієнти і результат помножити на їх спільну буквену частину.</p>'),
	(677, 192, 35, 'example', 4, '<p><strong><em>Наприклад</em>:<img src="https://lh5.googleusercontent.com/0C755I6ied7U84InOUURDEk1_U4ymhVfH9oQ8P3hRWo34mi12kP0YA0-25sejsInRTFYpxscTXmE4idmiAkyS8SKiDBzhcNnWk87zpshbrIsSSQhpbjC4SOMPRSjygdqbA66xRJhSolttiXl" width="698" height="58" style="width: 698px; height: 58px;"></strong></p>'),
	(678, 192, 36, 'example', 4, '<p><strong><em>Завдання</em> Звести подібні члени<em><img src="https://lh3.googleusercontent.com/ucjDlNS93RVnG1JhTNgCRd4-0bKiwp0BDV0cmKhpDEpIBUZCQj3PqUW8biubHbddJqMFYaa1ELIiaakF4okN1sD-FDBbPn6rmR0dVrazD5uosiPpjSBSvuyGvlAmS7wG3S9N_PHuu5NqiFb2" width="435" height="53" style="width: 435px; height: 53px;"></em></strong></p><p><em><br></em></p>'),
	(679, 192, 37, 'text', 1, '<p><em>Стандартний вигляд многочлена</em> – це запис многочлена, усі члени якого мають стандартний вигляд і серед них немає подібних.</p><p> <img src="https://lh4.googleusercontent.com/mIt7cdytxVCv_wg3TrsPEpZVL6F38eZOYXaSYlGeRxVTQqPJaCk_R-fMVzQEoUIBoowiUi3RQPGkiVX8e6EmawrSTYl-CjOhQnjaP_xsOn-TYpmOnziTOzhejASSu3n5POWBCgwB8ODtaYWR" width="361" height="54" style="width: 361px; height: 54px;">- многочлени стандартного вигляду, </p><p> <img src="https://lh3.googleusercontent.com/iXK8XrXK6YaD2Ma384tQUvox3pR1yQ6XUtmNDcb1CJpX5k97egYHHjfLq87I0TuI0dUERxFSOFOq26ox_cVfVXfaxuWzhODEDH7tNj5bohCyN61bvhqa1IDT3BG9nNwWe9ocr1wCfv6WuQji" width="318" height="52" style="width: 318px; height: 52px;">- многочлен нестандартного вигляду.</p><p><em>Степенем многочлена стандартного вигляду</em> називають найбільший зі степенів одночленів, із яких складається многочлен. <em>Степенем довільного многочлена</em> називають степінь тотожно рівного йому многочлена стандартного вигляду.</p>'),
	(680, 192, 38, 'example', 4, '<p><strong><em>Наприклад</em>: степінь многочлена <img src="https://lh6.googleusercontent.com/2AmN81LGRwnk0OCCkW5HQ0ezvv7mlmH3jVWePba5BGqy4BWens2ykz3KJXFYfNkG8VrN66rPmGYngzSirSbQ8ScWeQttMj4NByokEyWhd1YeCUC20nvlsa0qxGTJw8uUNn_P5nKZeZRJe1be" width="321" height="51" style="width: 321px; height: 51px;">дорівнює степеню одночлена <img src="https://lh4.googleusercontent.com/p3PxQ81ks9ch8_pPGZSRCL05ruRrd3uRIEdI6i5kDQ1M9TyXOi4h6BHIorDcUtKfCIqbwg6mNx5X76kMhX8K5khBNxmQFREwg8zch_zjfYIKsjKB_XvdBB054cFfG2vusGqGYIJ1FOa9HCrq" alt="2{a^5}{b^5}">, тобто 5+5=10.</strong></p>'),
	(681, 192, 39, 'example', 4, '<p><strong><em>Завдання </em>Звести многочлен до стандартного вигляду<strong>:</strong></strong></p><p><img src="https://lh5.googleusercontent.com/N-36EWiFP3OgeZPxHGHZ6KGDb1J02dxDW8_PerG7SrxFl4H6op70HPJsnUOmVBjwkCEES1lNxuQnCFI1l0_N44HzEFcnhbUDobPoExKly546Kt7185m4mdgHDlTUDQPyVHyj_ihXQAC08bNL" width="399" height="56" style="width: 399px; height: 56px;">;</p>'),
	(682, 192, 40, 'text', 1, '<p><strong>Частина 4</strong></p><p><strong>Дії над многочленами</strong></p><p>При <em>додаванні</em> многочленів користуються правилом розкриття дужок: якщо перед дужками стоїть знак «+», то дужки можна опустити, зберігши знаки кожного одночлена.</p>'),
	(683, 192, 41, 'example', 4, '<p><strong><em>Наприклад</em>:</strong></p><p><img src="https://lh5.googleusercontent.com/UKIGWQYVbpR8No7qyy9Y6yhefusLyJ_P8FgoRQvEVBRYjD6PAOQ_8Ib0rzyXhvYzPxKVbnnssiGI-Ehq_HiCmFxwRbR-aeZ6h7lUmE7HWOofkIDeXQHYJtFnyoqaOWNr_ZBkp_kKhzSm2dQe"></p>'),
	(684, 192, 42, 'example', 4, '<p><strong><em>Завдання </em>Виконати дії: (x2+2xy+y2)+(2xy-x2-y2);</strong></p>'),
	(685, 192, 43, 'text', 1, '<p>При <em>відніманні</em> многочленів користуються правилом розкриття дужок: якщо перед дужками стоїть знак «-», то дужки можна опустити, змінивши знак кожного одночлена, що містився в дужках, на протилежний.</p>'),
	(686, 192, 44, 'example', 4, '<p><strong><em>Наприклад</em></strong></p><img src="https://lh3.googleusercontent.com/FvVjpPyVSgYCsint_3Sqxnp1jt-uz0XrtRvdSUu-cYdj7g9N4xMDJQHwNltNgGQncX5kBVBTNJIbZ0biUxA9f1Jmi2wdnP9RlOmts2giwccVGTRy2QDfqISHrX1gSw4Fp6bZkdwuADwyq7ba">'),
	(687, 192, 45, 'example', 4, '<p><strong><em>Завдання </em>Виконати дії: : (2x2+4xy+3)-(xy-2x2-y2);</strong></p>'),
	(688, 192, 46, 'text', 1, '<p>Щоб <em>помножити одночлен на многочлен</em>, треба кожний член многочлена помножити на цей одночлен й одержані одночлени додати.</p>'),
	(689, 192, 47, 'example', 4, '<p><strong><em>Наприклад</em>:.<img src="https://lh3.googleusercontent.com/SwLyaPXrGVRwNTSKHva7LCkQVABU55tlFSE_-mVv_UeAjVkFeTw-RlJb9zG398iK0ck8DdFCGtKJQJIpdP5K0iHEBwtWzMGTqipqL3BVMlTwROA-Kg6H5mriSGl8yjqmvQoANYctbSJppl5e" width="602" height="62" style="width: 602px; height: 62px;"></strong></p>'),
	(690, 192, 48, 'example', 4, '<p><strong><em>Завдання</em> Виконати множення (3x+7y)·6a</strong></p>'),
	(691, 192, 49, 'text', 1, '<p>Щоб <em>помножити многочлен на многочлен</em>, треба кожний член одного многочлена помножити на кожний член другого многочлена й одержані многочлени додати.</p><p><img src="https://lh4.googleusercontent.com/sZSV8PKegNcwLjfqtcI2HHiSItTw8jfHxxdaAa2ilSvltcLJ0VSdtBWiQdsysVAWW5rHq_7m_VPOdyFHNupbO6OXbEy4t_QYJRU5pWp46lnqoNatN5482bxS651OIdq6ywAMT5CP7mEcKMwz"></p>'),
	(692, 192, 50, 'example', 4, '<p><strong><em>Завдання</em> Виконати множення (5a+7b)·(2+4a)</strong></p>'),
	(693, 192, 51, 'text', 1, '<p>Щоб <em>розділити многочлен на одночлен</em>, треба кожний член многочлена розділити на цей многочлен й одержані результати додати.</p>'),
	(694, 192, 52, 'example', 4, '<p><strong><em>Наприклад</em>:</strong></p><p><img src="https://lh5.googleusercontent.com/6bdWxYptY0TYsljY6NNuaycUqEGDyY2qxztyChV16zAlMdEDTZ5NRzWRU7MSnxNQJ8O8Yiu-nMqVyF16GFGjTseDNPho3_5UyY-cCZgZuvDB0pV8lbouTpir8MZjmn1Wrlx7FU0OXsrXUz6n"></p>'),
	(695, 192, 53, 'text', 1, '<p>.<em>Розкладанням многочлена на множники</em> називають запис многочлена у вигляді добутку многочленів.</p>'),
	(696, 192, 54, 'example', 4, '<p><strong><em>Наприклад</em>:.<img src="https://lh6.googleusercontent.com/YVNj6HD0IurL-vbr_hYk6szPWVG_-lQT5-1j8A2VAi_8P3OQ397Ntoqmb3_ZR_4f-05KPdn_FufD9i-hHvgQ_2BD9_6k8RD2-fqNFyFAmMajIoj1nOLY20jvEIrYwO_GrmoToBmhC0gAQfgd" width="364" height="53" style="width: 364px; height: 53px;"></strong></p>'),
	(697, 192, 55, 'text', 1, '<p>При <em>розкладанні многочлена на множники</em> використовують такі способи.</p><p>1. Винесення спільного множника за дужки.</p>'),
	(698, 192, 56, 'example', 4, '<p><strong><em>Наприклад</em>:<img src="https://lh5.googleusercontent.com/xldnR-qWBn_0YVVYxq72gMJJbXA762646zKdaMiT3F7oX0GpmdqPMX9VK8qnlY5hiPBT_Q1pdbdX5l0Ga3FOsER8IScUncfL1zRC-1ZefLi5kQj133pn2MhMhKPwnfHSg2U5FjkdXSTgBhNs" width="304" height="53" style="width: 304px; height: 53px;"></strong></p>'),
	(699, 192, 57, 'text', 1, '<p>2. Спосіб групування.</p>'),
	(700, 192, 58, 'example', 4, '<p><strong><em>Наприклад</em></strong></p><p><img src="https://lh5.googleusercontent.com/MRlFXF5Nl-wcRsbwzlNRla9UatNrGr8ajPoCeavs0Q9JJD6uALEqhxkbGM46gq4f2TfyV-n0dJqRAlD8KKZGQAngRie0aB-eaDFiiaGvU9rsQnUinGRsO44dRARdeyOY4GRPTKyk-kEJesch" alt="3x - 3y - {x^2} + xy = (3x - 3y) - ({x^2} - xy) = 3(x - y) - x(x - y) = (x - y)(3 - x)">.</p>'),
	(701, 192, 59, 'text', 1, '<p>3. Використання формул скороченого множення.</p><p>Формули скороченого множення: <br>a2-b2=(a-b)(a+b); <br>(a+b)2=a2+2ab+b2; <br>(a-b)2=a2-2ab+b2; <br>(a+b)3=a3+3a2b+3ab2+b3 або a3+b3+3ab(a+b); <br>(a-b)3=a3-3a2b+3ab2-b3 або a3-b3-3ab(a-b); <br>a3+b3=(a+b)(a2-ab+b2); <br>a3-b3=(a-b)(a2+ab+b2); <br>ax2+bx2+c=a(x-x1)(x-x2).</p>'),
	(702, 192, 60, 'example', 4, '<p><strong><em>Завдання</em></strong></p><p>Спростити вираз та знайти результат: bc(11c-7b)-((b-2c)·(b2-5bc)+c3), якщо b=-1/2; c=3/2;</p>'),
	(703, 193, 1, 'text', 1, '<p>Сьогодні все більше і більше ми чуємо фразу “база даних”, Але не до кінця розуміємо всю суть цього слова. Для Вас, як майбутніх програмістів, варто спочатку зрозуміти що це таке і з чим його їдять. Для початку звернемося до наукових джерел і дізнаємось про терміни які нам будуть необхідні для вивчення курсу. Отже, в науковій літературі можна зустріти наступні твердження.</p><p><strong>База даних </strong>- це впорядкований набір логічно взаємопов\'язаних даних, що використовуються спільно та призначені для задоволення інформаційних потреб користувачів.</p><p><strong>База даних </strong>- це систематизоване сховище інформації.</p>'),
	(704, 179, 1, 'formula', 10, '\\[vhmv mvnmbn ,b, bm, bm, bm. mn. n,. n.n,.n.gkjhxkghbjkcghbghbcvh hdfkghdfkghdfkghdf fghdfkdfhbjcckhgcfhbfkhbkfghkfghfkjhbvb\\]\r\n\\[vhmv mvnmbn ,b, bm, bm, bm. mn. n,. n.n,.n.gkjhxkghbjkcghbghbcvh hdfkghdfkghdfkghdf fghdfkdfhbjcckhgcfhbfkhbkfghkfghfkjhbvb\\]\r\n'),
	(706, 140, 1, 'label', 8, '<p><strong>Найбільший спільний дільник</strong> (НСД) </p>'),
	(707, 140, 4, 'text', 1, '<p>Щоб знайти НСД двох або кількох чисел, необхідно:</p><ul><li>розкласти дані числа на прості множники;</li><li>скласти добуток усіх спільних простих множників;</li><li>обчислити складений добуток.</li></ul><p>Два числа, найбільший спільний дільник яких дорівнює одиниці, називаються взаємно простими числами.</p>'),
	(708, 140, 3, 'example', 4, '<p>Наприклад, НСД чисел 10; 40; 70 дорівнює десяти.</p>'),
	(709, 140, 38, 'instruction', 7, '<p>Щоб поділити два дроби, потрібно:</p><p>1. другий дріб замінити оберненим до нього (у другому дробі поміняти місцями чисельник та знаменник);</p><p>2. помножити отримані дроби.</p>'),
	(710, 140, 34, 'instruction', 7, '<p>Щоб помножити два дроби, потрібно:</p><p>1. перемножити чисельники і результат записати у чисельник;</p><p>2. перемножити знаменники і результат записати у знаменник.</p>'),
	(711, 140, 30, 'instruction', 7, '<p>Щоб додати (відняти) два дроби, потрібно:</p><p>1. якщо дроби мають різні знаменики - звести їх до <strong>спільного знаменника</strong>;</p><p>2. додати (відняти) чисельники дробів і результат записати у чисельник;</p><p>3. знаменником записати їх спільний знаменник.</p>'),
	(712, 140, 26, 'instruction', 7, '<p>Щоб звести два дроби до спільного знаменника, потрібно:</p><p>1. знайти НСК двох знаменників;</p><p>2. знайти додаткові множники дробів поділивши знайдене НСК на кожен із знаменників;</p><p>3. помножити чисельник та знаменник кожного дробу (розширити дроби) на отримані додаткові множники.</p>'),
	(713, 140, 44, 'label', 8, '<p><strong>Десяткові дроби</strong></p>'),
	(714, 140, 46, 'example', 4, '<p><b>Д</b>есятковим дробом називається спосіб представлення чисел у вигляді послідовності цифр розділених комою (у деяких країнах крапкою).</p><p>Наприклад дріб 12,345 читається "дванадцять цілих триста сорок п\'ять тисячних".</p><p><br></p><a name="newBlockForm"></a><p><a name="newBlockForm"></a></p><a name="taskForm"></a>'),
	(715, 140, 47, 'text', 1, '<p>В початок цілої частини і/або в кінець дробової частини можна дописувати скільки завгодно нулів.</p><p><br></p>'),
	(716, 140, 48, 'example', 4, '<p>Приклад: 00012,43500.</p><p><br></p>'),
	(717, 140, 49, 'text', 1, '<p>Скінченним десятковим дробом називається дріб, який містить скінченну кількість цифр після коми. Приклад: 12,435.</p><p>Нескінченним десятковим дробом називається дріб, який не містить скінченної кількості цифр після коми. Приклад: 12,435...</p><p>При <strong>додаванні (відніманні) десяткових дробів</strong> числа записують так, щоб однакові розряди були записані один під одним, а кома – під комою, і додають (віднімають) як натуральні числа</p><p><br></p>'),
	(718, 140, 50, 'instruction', 7, '<p>Щоб <strong>помножити один десятковий дріб на інший</strong>, потрібно виконати множення, не звертаючи уваги на коми, і в отриманому добутку відокремити праворуч комою стільки цифр, скільки їх стоїть після коми в обох множниках разом. <br></p>'),
	(719, 140, 51, 'example', 4, '<p>Наприклад, <img src="https://lh6.googleusercontent.com/R3TeC0wJW7ovtSOuq_0rwbmzlV4Ep7tpcQa2COLuwbHvFOnRh7U5Q_t-1M1nmwSqupLvq81MFX0MER_ZOIQakJAWzmkSQfqkztpsnz-HmVdrgmmefOkYmLKUl6D-mOMeALE6yaP7DIHsklvw">.</p><p><br></p>'),
	(720, 140, 52, 'instruction', 7, '<p>Щоб <strong>помножити десятковий дріб на 10, 100, 1000 і т.д.,</strong> необхідно в цьому дробі перенести кому вправо на стільки цифр, скільки нулів у множника (дописавши у випадку необхідності до дробу праворуч певне число нулів). Наприклад: <img src="https://lh6.googleusercontent.com/W5VCSo6_rDyCu_UZJMHWw3RuKNGppo826HhdBD-OnOxljlQNKzTTPAzXNl_Nwpe6E0Y1uszTsDYIff59eDvhnSmv4UNK4sVdWM04JUl1-N-nfEBGr_3s_uMg2GCGc89V-I2NxDkL8xPMyBau">; <img src="https://lh3.googleusercontent.com/n-nNbWNto0_3HIB0TKKHx4YfjeH9agbYQEI_xDOBSTt6BPGdrNG4CGs2B0AMqdvGJxt-9nXRa5_64u6NjygKKF6AqNeLVR0V8LhJYJbYauaC2W435x1Voyx4i5IZeyIla3GaziYH9kM8fwjQ">.</p><p><br></p>'),
	(721, 140, 53, 'text', 1, '<p><strong>Ділення десяткового дробу на натуральне число</strong> виконується так само, як ділення натурального числа на натуральне, але кому в частці ставлять після того, як закінчено ділення цілої частини.</p><p>Розглянемо тепер <strong>ділення десяткового дробу на десятковий дріб</strong>. Нехай треба поділити 8,316 на 2,31. Для цього і в діленому, і в дільнику перенесемо кому вправо на стільки цифр, стільки їх є після коми в дільнику (в даному прикладі на дві). Іншими словами, помножимо ділене і дільник на 100 – від цього частка не зміниться. Тоді треба поділити дріб 831,6 на натуральне число 231, тобто задача зводиться до вже знайомого випадку.<br></p>'),
	(722, 140, 54, 'instruction', 7, '<p>Щоб <strong>поділити десятковий дріб на </strong><strong><img src="https://lh5.googleusercontent.com/f_QuRJkjBLfTJFHUUJseF8rdK6iEMAdvjS-qb9TkY3D_uVxMsmcfeQ0kIlGf5hm6upxBL2AXuyvzCTjhxaf8rDSMlDOVh8ng_brbu4X6VExviHNl36Yam0QqGkdja7bfDxywfXHiP_3v_EZY"></strong>, треба в цьому дробі перенести кому на <em>п</em> цифр вліво (при цьому у випадку необхідності зліва приписати потрібне число нулів).</p><p><br></p>'),
	(723, 140, 55, 'text', 1, '<p>Як для натуральних чисел ділення не завжди можна виконати, так його не завжди можна виконати й для десяткових дробів</p>'),
	(724, 140, 7, 'instruction', 7, '<p>Щоб знайти НСК двох чисел, необхідно:</p><ul><li>розкласти дані числа на прості множники;</li><li>скласти добуток усіх простих множників;</li><li>обчислити складений добуток.</li></ul>'),
	(725, 100, 9, 'instruction', 7, '<ul>\n	<li>що потрібно для написання програми на мові С?</li>\n</ul>'),
	(726, 127, 1, 'label', 8, '<p><strong>Пристрої введення та виведення.</strong></p>'),
	(727, 127, 2, 'text', 1, '<p>Однією з ключових складових комп’ютера є пристрою введення та виведення. За їх допомогою у комп’ютер можна внести дані та отримати результат.</p><p>Для введення інформації до пам’яті комп’ютера існують різні прист­рої. Найбільш універсальним пристроєм введення є клавіатура. До пристроїв введен­ня належать також маніпулятори типу миша, джойстик. Для оптичного зчи­ту­вання зображень і перетворення їх у цифровий код застосовуються ска­не­ри. Останнім часом використовуються цифрові ві­део­­камери та фотоапара­ти.</p>Основним пристроєм виведення інформації в ПК є монітор. Монітор служить для відображення на екрані графічної та символьної інформації. Для виведення інформації на папір використовують принтери.'),
	(728, 127, 3, 'test', 12, 'Які з пристроїв призначені для введення інформації'),
	(729, 127, 4, 'label', 8, '<p><strong>Клавіатура</strong></p>'),
	(730, 127, 5, 'text', 1, '<p>Сучасна клавіатура – це складний пристрій, що дозволяє вводи­ти дані в ПК. Крім того, за допомогою клавіатури користувач може керувати роботою комп’ютера та різних додатків. Окрім панелі з клаві­шами, вона містить електронні схеми, які пере­тво­рюють натискання клавіш в двійкові коди.</p><p>Клавіші клавіатури можна розділити на декілька груп.</p><p>В центрі клаві­атури знаходяться алфавітно-цифрові клавіші. Ці клавіші мають подвійні позначки – верхні написи працюють, коли ми використовуємо латинські літери, а нижні, коли набираємо текст кіриличними літерами. При натис­нутій клавіші Shift набираються великі літери (тобто маємо верхній регістр клавіатури). Відпустивши клавішу Shift знову переходимо до набору малих літер. Набір малих літер відповідає нижньому регістру кла­віатури. Для переходу в верхній регістр можна використати клавішу Caps Lock. Натискання на цю клавішу перемикає режими нижнього та верх­нього регістрів.</p><p>Справа від алфавітно-цифрових клавіш розміщується група клавіш керування курсором (клавіші зі стрілками, Home, End, Page Up, Page Down). Клавіша Home повертає курсор на початок рядка, а End – на кінець рядка. Клавіші Page Up, Page Down забезпечують перегортання видимих частин сторінок документа.</p><p>В правій частині клавіатури розташовано цифрову клавіатуру. Ці клавіші використовуються для введення цифр та знаків арифметичних дій (в режимі Num Lock – світиться індикатор Num), або для керування курсором, якщо режим Num відключений.</p><p>Вище алфавітно-цифрового блока знаходяться функціональні клавіші F1 – F12. У кожному додатку цим клавішам відповідає різне призначення. F1 завжди використовується для виклику довідки.</p><p>Наведемо призначення спеціальних клавіш клавіатури:</p><p>Enter – введення команди;</p><p>Esc – скасування останньої дії, вихід з поточного режиму програми;</p><p>Del – видалення виділених об’єктів, або символу справа від курсору;</p><p>Backspace – видалення символу зліва від курсору;</p><p>Print Screen – копіювання вмісту екрана в буфер.</p><p>Всього клавіатура містить 101 клавішу. Останнім часом для роботи в ОС Windows розроблені зручні 104-клавішні клавіатури. На цих клавіа­турах є додаткові дві клавіші для виклику головного меню та клавіша виклику контекстного меню. В ноутбуках зазвичай використовується 88-клавішна клавіатура.<br></p>'),
	(731, 127, 6, 'image', 9, 'https://lh5.googleusercontent.com/NWb8UC6SfqGjbyn8G4WWrkxWzvg7t4HK22GkeuzX1TeV2WVFn-Pxou2J0OWM3qbt3Pd5AvdjsyEtnXA1uKzqAPf26kJKvlvotw5xXucJ8su9emLXMqTMkT7_Mr81UmYuVMIjA2E"></p'),
	(732, 127, 7, 'test', 12, 'На які блоки розділяють клавіші клавіатури?'),
	(733, 127, 8, 'label', 8, '<p><strong>Миша.</strong></p>'),
	(734, 127, 9, 'text', 1, '<p>Миша разом з клавіатурою є невід’ємним атрибутом ПК. Без неї не мож­лива робота з більшістю сучасних додатків.</p><p>Миша – це пристрій для позиціонування курсору та керування роботою програм</p><p>Разом з переміщенням миші по екрану монітора рухається покажчик миші. Якщо покажчик миші навести на об’єкт, то можна виконати низку дій з об’єктом. Клацання лівою кнопкою миші призводить до виділення об’єкта, клацання правою кнопкою – до виклику контекстного меню.</p><p>Миші є оптико-механічні та оптичні.</p><p>Принцип роботи оптико-механічної миші є простим: отяжена кулька з гумовим покриттям котиться по пласкій поверхні і обертає 2 перпен­дику­лярно розміщених валики, які формують рух в системі „горизонтально-вертикально”. На кінці кожного валика є диск з малими дірками по колу. Це колесо крутиться між джерелом світла (світодіодом) і приймачем (фо­тот­ран­зистором). Інформація про довжину світлового імпульсу (чергуван­ням світла-темноти) перетворюється в електричні сигнали і дозволяє визначити швидкість переміщення курсору на екрані та його розміщення.</p><p>Оптичні миші. В ній установлений цифровий сигнальний процесор. Цей процесор в реаль­ному часі порівнює картинки, які поступають з мініатюрної відеокамери оптичного датчика. За результатами порівнянь визначається, в який бік і з якою швидкістю переміщається миша. В сучасних моделях оптичних мишей порівнюється від 1,5 до 6 тис. картинок за секунду). Саме такі оптичні миші нині найбільш популярні.</p><p>Більшість мишей підключаються до ПК за допомогою тонкого багато­жильного кабелю. Такий спосіб простий і дешевий, але зайвий провід на столі є небажаним, тому винайшли безпровідні миші.</p>При перегортанні документів необхідно постійно перемикати увагу з документа на смугу прокрутки (що є незручним). Можна для цього ско­рис­татися клавішами PgUp, PgDown. Але при перегляданні сайтів руку з миші забирати незручно, оскільки більшість операцій з гіпертекс­том виконується саме мишею. Тому такі функції стали виконувати миші зі скролінгом. Між двома кноп­ками миші є коліщат­ко, за допомогою якого можна прокручувати по вертикалі вміст актив­ного вікна. Така конструкція миші є нині фактичним стандартом.'),
	(735, 127, 10, 'image', 9, 'https://lh3.googleusercontent.com/JE-ttFssOd95jBG3fyVuC7ZpwsYGdqR08Whtd86d_lXT_3jjIFm23zmWlJB0ikAzb499yJCydDS4hSM9aTiob2pYhL2ZmxcJQRAu9-bNNhfQwbpTqaZoaexDy9hOQywz9jkWc00"></p'),
	(736, 127, 11, 'test', 12, 'Який тип комп’ютерних мишей сьогодні найбільш популярний.'),
	(737, 127, 12, 'label', 8, '<p><strong>Інші пристрої введення.</strong></p>'),
	(738, 127, 13, 'text', 1, '<p>Окрім клавіатури та миші існують різноманітні пристрої для введення інформації до комп’ютера.</p><p>Джойстик. Спеціальний пристрій введення, який зазвичай використовується для ігор. Його форма, розташування кнопок є більш зручним для ігор, ніж використання стандартної клавіатури.</p><p>Позиціонування курсору, окрім миші можливо за допомогою сенсорної панелі - невеликої ділянки корпусу, якій реагує на натискання пальцем та його переміщення. Використовується, зазвичай, в ноутбуках.</p><p>Сканер - спеціальний пристрій, який призначений для переведення зображень у електронний формат. За його допомогою здійснюється сканування різноманітних текстів, зображень, фотографій та іншої інформації та збереження. У подальшому за допомогою комп’ютера можна обробити цю інформацію з метою покращення якості зображення, розпізнавання тексту та інше.</p><p>Веб-камера. Дозволяє транслювати зображення у комп’ютер. За допомогою веб-камери, комп’ютера з виходом до Інтернету та спеціального програмного забезпечення можна поспілкуватись з людиною на іншому кінці світу, побачити її на моніторі комп’ютера.</p><p>Мікрофон. Дозволяє транслювати звук у електронний вигляд, зберегти його та обробити на комп’ютері.</p>Взагалі існує велика кількість пристроїв введення даних до комп’ютера. Для певних потреб можуть бути розроблені окремі пристрої введення. Наприклад для охоронної системи пристроєм введення буде набір датчиків руху.'),
	(739, 127, 14, 'test', 12, 'Що б з цього Ви назвали пристроєм введення?'),
	(740, 127, 15, 'label', 8, '<p><strong>Монітор</strong></p>'),
	(741, 127, 16, 'text', 1, '<p>Основним пристроєм виведення інформації у сучасних комп’ютерів є монітор. Він дозволяє вивести інформацію з комп’ютера на екран у зручному для людини вигляді - тексту, зображень, відео та інше (згадаємо, що інформація у комп’ютері зберігається у вигляді 0 та 1).</p><p>Перші комп’ютерні монітори були основані на електронно-променевій трубці та являли собою досить великий пристрій. Зараз вони вже майже не використовуються. Зображення на таких моніторах формується за рахунок спрямування потоку електронів на внутрішню площину кінескопу, покриту шаром спеціального матеріалу, який при отриманні заряду (коли на шар потрапляє електрон) здатен світитись.</p><p>Найпоширеніша на сьогоднішній день технологія - рідкокристалічні монітори. На відміну від моніторів, основаних на електронно-проміневій трубці, вони є більш компактними та енергоефективними. Зображення на рідкокристалічних моніторах формується за рахунок зміни напруги на рідкому кристалі, в результаті чого рідкий кристал приймає іншу структуру та світло, яке проходить крізь кристал переломлюється по іншому та змінює колір.</p><p>Зображення для монітора формує спеціальний пристрій - відеокарта.  Відеокарта - це пристрій який відповідає за виведення зображення на екран. Існують як зовнішні (дискретні) відеокарти так і внутрішні (інтегровані у материнську плату). Відеокарта має свою оперативну пам’ять та процесор (внутрішні відеокарти використовують основний процесор) яка використовується для формування та обробки зображення, яке потрібно вивести на монітор.</p>'),
	(742, 127, 17, 'image', 9, 'https://lh3.googleusercontent.com/tkRitJ-7mdFyf9_QkOUoi2tfKMqyP479kzs6Ut4jfsSq5c06nN3vmE2RWd1Z2hI9HqpJhSuJTFxP03AYeDCgIjlHBi2tI-zKMNL9z2FaN-KvaAxScBC8bNCTwk3tbloYIS8nyBs"></p'),
	(743, 127, 18, 'test', 12, 'Без якого пристрою в комп’ютері неможлива робота монітору'),
	(744, 127, 19, 'label', 8, '<p><strong>Принтер</strong></p>'),
	(745, 127, 20, 'text', 1, '<p>Принтер - це пристрій якій слугує для виведення графічної інформації на папір. Це може бути текст, зображення, фотографії, різноманітні графіки та інше.</p><p>Існує 3 основні типи принтерів.</p><p>Матричний принтер. Він друкує за допомогою друкуючої головки. Головка принтера розташовується на каретці, що рухається по напрямних впоперек аркуша паперу; при цьому голки в заданій послідовності наносять удари по фарбувальній стрічці, фарба з якої відбивається на папері. Фактично, матричний принтер - найближчий нащадок друкарської машинки. Тільки у друкарській машинці за 1 раз друкувалась одна буква, а у матричному принтері - ряд крапок. Матричні принтери досить шумні, якість та швидкість друку низька. Проте вартість друку - дуже низька. Зараз майже не використовуються.</p><p>Струменевий принтер. Принцип дії струменевих моделей подібний до способу роботи матричних принтерів тим, що зображення на носії формується за рахунок точок. Проте замість головок з голками в струменевих апаратах використовується матриця, яка виконує друк за допомогою рідких барвників. Картриджі з барвниками можуть мати вбудовану друкувальну голівку. Є також і моделі, в яких друкувальна матриця являє собою деталь принтера, а змінні картриджі місять лише барвник. Якість зображення, яку виводить струменевий принтер досить висока, а з використанням спеціального паперу - надзвичайно висока. Є можливість друкувати велику кількість кольорів за рахунок перемішування базових фарб. Вартість друку висока. Недоліком є те, що чорнила можуть засихати у друкуючих головках, що може призвести аж до необхідності заміни друкуючої головки.</p><p>Лазерний принтер. При друку на лазерному принтері друкуючий барабан рівномірно заряджається статичним електричним зарядом, потім у потрібних місцях заряд знімається. На поверхню барабану наноситься “тонер” (спеціальний порошок), який притягується до розряджених ділянок барабану. Після цього друкуючий барабан прокатується по паперу та тонер залишається на папері, формуючи зображення. Після цього папір прогрівається щоб закріпити нанесений тонер. Якість та швидкість друку на лазерному принтері - висока. Вартість чорно-білого друку досить низька, кольоровий друк - дорожче. За рахунок швидкості та якості друку та низької вартості чорно-білого друку дуже поширені на сьогодні.</p><p>Існують спеціальні принтери - “плоттери”, які призначені для друку на дуже великих листах - широкоформатного друку.</p>Крім того є багатофункціональні пристрої, які поєднують у собі сканер та принтер, та за рахунок цього можуть слугувати копіром.'),
	(746, 127, 21, 'image', 9, 'https://lh5.googleusercontent.com/okXe4Y4ogoDKFM7iWU7E1x09nJqNiUCbixX2IbEBaH_8v29hUqtepFr55EiarG6oMQvx68CW2InvLOB800rEaz4U0VjBLxqLzREt9mVXWfFzIYUqehIrUrROu_uNQJIECdO6X7g"></p'),
	(747, 127, 22, 'test', 12, 'Пристрої виведення даних, що дозволяють одержувати копії документів на папері:'),
	(748, 127, 23, 'label', 8, '<p><strong>Інші пристрої виведення.</strong></p>'),
	(749, 127, 24, 'text', 1, '<p>Існує велика кількість інших пристроїв виведення.</p><p>Наприклад до пристроїв виведення відносять колонки (навушники) які слугують для виведення звукової інформації. Для обробки звукової інформації та перетворення її у аналоговий вид (якій розпізнається колонками) використовується аудіокарта. Аудіокарти, як і відеокарти, можуть буди вбудованими у материнську плату або зовнішніми.</p><p>Для презентацій та демонстрацій перед великою кількістю людей використовується проектор - пристрій якій формує зображення, яке може відображатись на будь-якій поверхні. Звичайно для комфортного перегляду потрібна біла рівна поверхня.</p><p>У навчальних цілях можуть використовуватись мультимедійні дошки, які можуть як відображати інформацію з комп’ютера, так і слугувати пристроєм введення - на них можна писати як на звичайних дошках.</p><p>Існують такі пристрої, які можуть одночасно слугувати і пристроєм введення і пристроєм виведення.</p><p>Наприклад дисковод. Пристрій для зчитування інформації з оптичних дисків. Існує також можливість записувати на диски.</p><p>Ще одним прикладом є модем або мережева карта. Мережева карта використовується для поєднання комп’ютерів у мережі, між комп’ютерами, які поєднані в одну мережу, може відбуватись обмін інформацією. Мережева карта одночасно приймає та передає інформацію. Модем використовується для з’єднання комп’ютера з мережею Інтернет.</p>'),
	(750, 127, 25, 'test', 12, 'Дисковод - це пристрій для:'),
	(751, 179, 2, 'test', 12, 'скільки?'),
	(752, 131, 1, 'label', 8, '<p><strong>Що таке комп’ютерна пам’ять.</strong></p>'),
	(753, 131, 2, 'text', 1, '<p>Комп\'ю́терна па́м\'ять — частина електроно-обчислювальних машин, призначена для прийому, зберігання та видачі даних. До даних відносятся як інформація, так і команди програм.</p><p>Комп\'ютерна пам\'ять — частина ЕОМ, фізичний пристрій для зберігання даних протягом певного часу. В основі роботи запам\'ятовуючих пристроїв може лежати будь-який фізичний ефект, що забезпечує приведення системи до двох або кількох стійких станів. У сучасній комп\'ютерній техніці часто використовуються фізичні властивості напівпровідників, коли проходження струму через напівпровідник або його відсутність трактується як наявність логічних сигналів 0 або 1. Стійкі стани, що визначаються напрямком намагніченості, дозволяють використовувати для зберігання даних різноманітні магнітні матеріали. Наявність або відсутність заряду в конденсаторі також може бути покладена в основу системи зберігання інформації.</p><p>Найпоширеніші засоби машинного зберігання даних, використовувані в персональних комп\'ютерах: — це модулі оперативної пам\'яті, а також тверді диски (вінчестери), дискети (гнучкі магнітні диски), CD або DVD диски, а також пристрої флеш-пам\'яті.</p><p>Комп\'ютерна пам\'ять забезпечує підтримку однієї з найважливіших функцій сучасного комп\'ютера, — здатність тривалого зберігання інформації.центральним процесором і пристрій, що запам\'ятовує, є ключовими ланками архітектури фон Неймана.</p><p>Перші комп\'ютери використовували пристрої, що запам\'ятовують, виключно для зберігання оброблюваних даних. Їхні програми реалізовувалися на апаратному рівні у вигляді жорстких заданих виконуваних послідовностей. Будь-яке перепрограмування вимагало величезного обсягу ручної роботи з підготовки нової документації, перебудови блоків і пристроїв і т. п. Використання архітектури фон Неймана, що передбачає зберігання комп\'ютерних програм і даних в загальній пам\'яті, корінним чином змінило ситуацію.</p><p>Система зберігання інформації в сучасному цифровому комп\'ютері заснована на двійковій системі числення. Числа, текстова інформація, зображення, звук, відео та інші форми даних представляються у вигляді послідовностей бітових рядків або бінарних чисел, кожне з яких складається зі значень 0 і 1. Це дозволяє комп\'ютеру легко маніпулювати ними за умови достатньої ємності системи зберігання. </p>Дотепер створено безліч різноманітних пристроїв, призначених для зберігання даних, багато з яких засновано на використанні різноманітних фізичних ефектів. Універсального рішення не існує, кожне має ті або інші недоліки. Тому комп\'ютерні системи зазвичай мають кілька видів систем зберігання, основні властивості яких обумовлюють їх використання і призначення.'),
	(754, 131, 3, 'test', 12, 'У якому вигляді у пам’яті компьютера зберігається відео?'),
	(755, 131, 4, 'label', 8, '<p><strong>Вимірювання розміру пам’яті комп’ютера.</strong></p>'),
	(756, 131, 5, 'text', 1, '<p>Мінімальною одиницею комп’ютерної пам’яті є біт - значення 1 або 0 у двійковій системі. Найбільш зручною для процесора та комп’ютера одиницею інформації, яку він обробляє є байт, який складається з 8 бітів. Кількість можливих значень байта - 256</p><p> Для визначення різних розмірів обсягу пам’яти зазвичай використовуються перефікси для системи Сі. </p><p> 1 кілобайт  - 1000 байт = 10 у 3 степені байт</p><p> 1 мегабайт  - 1000 кілобайт = 10 у 6 степені байт</p><p> 1 гігабайт  - 1000 мегабайт = 10 у 9 степені байт</p><p> 1 терабайт  - 1000 гігабайт. = 10 у 12 степені байт</p><p>Проте, через те, що компьютери використовують двійкову систему числення, число 1000 не зручне для поділу пам’яті. Найближче значення - 1024, що дорівнює 2 у 10 степені. </p><p> Використання числа 1024 пов’язане з тим, що у комп’ютері використовується двійкова система числення та 1024 дорівнює 2 у десятій степені. </p><p> Тому, фактично існує дві системи префіксів для байтів - одна згідно стандартів системи Сі (де використовуються степені 10-ки), друга запропонована Міжнародною електротехнічною комісією (IEC - International Electrotechnical Commission). У другій системі використовуються приставки кібі-, мебі, гібі-, тебі.</p><p> 1 кібібайт  - 1024 байт = 2 у 10 степені байт</p><p> 1 мебібайт - 1024 кібібайт = 2 у 20 степені байт</p><p> 1 гібібайт  - 1024 мебібайт = 2 у 30 степені байт</p><p> 1 тебібайт  - 1024 гібібайт. = 2 у 40 степені байт</p><p> Хоча система, запропонована МЕК більше відповідає дійсності, вона не має широкого поширення та зазвичай використовуються звичайні префікси системи Сі. Зазвичай, коли говорять, що про обсяг пам’яті 1 кілобайт мають на увазі 1024 байтів.</p> Цим користуються виробники обладнання. Наприклад виробники жорстких дисків зазвичай вказують обсяг пам’яті у системі Сі, де приставка означає степень числа 10. Відповідно, коли виробник пише, що обсяг жорсткого диску складає, наприклад 1 кілобайт, то він фактично складається з 1000 байт, а не 1024. Зі збільшенням обсягу жорсткого диску похибка між “очікуваною” кількістю байт та фактичною збільшується. Наприклад для жорсткого диску обсягом 1 терабайт похибка складе приблизно 10%.'),
	(757, 131, 6, 'test', 12, 'Скількі кілобайт у 1 мебібайті?'),
	(758, 131, 7, 'label', 8, '<p><strong>Внутрішня пам’ять компьютера.</strong></p>'),
	(759, 131, 8, 'text', 1, '<p>Комп’ютерна пам’ять діляться на внутрішню та зовнішню.</p><p>До внутрішньої пам’яті відносять кеш-пам’ять, оперативну пам’ять комп’ютера, постійну пам’ять комп’ютера. </p><p>Кеш-пам’ять знаходиться використовується як проміжна ланка для передачі даних до процесора. У сучасних процесорах виділяють три рівні кеш-пам’яті, кожен з яких ближче до процесора, а відповідно швидше та меньше за розміром. В залежності від рівня кеш-пам’яті розмір складає від декількох десятків кілобайт до декількох мегабайт. </p><p>Оперативна пам’ять. Це пам’ять комп’ютера, у яку завантажуються дані та програми які використовуються у поточний час, або використовувались нещодавно. У сучасних комп’ютерах встановлюють декілька гігабайт оперативної пам’яті.</p><p>Кеш-пам’ять та оперативна пам’ять є енергозалежними - тобто при відключеній їх від джерела енергії (при виключенні комп’ютеру) дані у них губляться, і їх неможливо відновити.</p>Постійна пам’ять. Це пам’ять, у якій зберігається так званий BIOS - програма, яка виконується одразу після включення комп’ютера та яка здійснює тестування апаратного забезпечення комп’ютера при кожному запуску, а також у свою чергу запускає операційну систему. Розмір постійної пам’яті невеликий - до декількох сотень кілобайт.'),
	(760, 131, 10, 'test', 12, 'Який з цих типів внутріншньої пам’яті є енергонезалежним?'),
	(761, 131, 9, 'image', 9, 'https://lh5.googleusercontent.com/eGYjW18i8srYP35N-fobrFE-Jjdy6ubM2LzCj7T_ne0uBBsC9aYHNEi-f-6SOfvz1A8AH_GAi1QX8CTuoOpoUFAM4fPufRzxxBHAeRPSTgurFu923VMlQWzIhkn9dTuBQyy3jcA"></p'),
	(762, 131, 11, 'label', 8, '<p><strong>Зовнішня пам’ять компьютера</strong></p>'),
	(763, 131, 12, 'text', 1, '<p>До зовнішньої пам’яті комп’ютера відносять.</p><p>Жорстки диски. “Вінчестер” Це основна пам’ять комп’ютера, у якій зберігається вся інформація - операційна система, програми, дані для програм та користувацька інформація. Розмір сучасних жорстких дисків складає від декількох сотень гігабайт до декількох терабайт. </p><p>По технології виготовлення існують накопичувачі на магнітних дисках та на основі мікросхем пам’яті (флеш-пам’яті).</p><p>Магнітні жорсткі диски використовуються досить давно - вже більше 30 років. Принцип їх робото полягає у намагнічені ділянок магнітних пластин. Зчитування даних відбувається за допомогою спеціальної головки, яка рухається надо поверхнею магнітних пластин. Під час роботи магнітні пластини обертаються, що дає змогу зчитуючій головці отримати доступ до будь-якої ділянки пластини у відносно короткий термін. Сучасні жорсткі дистки на основі магнітних пластин мають обсяг від декількох сотень гігабайт, до декількох терабайт. </p><p>Жорсткі диски та основі флеш-пам’яті (твердотілі жорсткі диски) працюють на основі енергонезалежних мікросхем пам’яті, у яких інформація зберігається у вигляді наявності або відсутності напруги у окремому блоці пам’яті. Відносно жорстких дисків на основі магнітних пластин вони мають суттєву перевагу у швидкості доступу до ділянки пам’яті. Немає необхідності у пошуку місця на магнітній пластині, де зберігається відповідна інформація та розміщення зчитуючої головки над потрібною ділянкою пластини. Крім того, за рахунок відсутності рухомих елементів, вони є більш надійними. Недоліками таких дисків є обмежений ресурс циклів запису у кожний окремий блок пам’яті та висока вартість. Обсяг сучасних твердотілих жорстких дисків складає декілька сотень гігабайт.</p><p>Флеш-пам’ять - звичні нам “флешки”, принцип функціонування яких полягає у використанні мікросхем пам’яті, як і у твердотілих жорстких дисках. Розмір сучасних “флешек” може досягати декількох сотень гігабайт.</p>Оптичні диски - CD, DVD, Blue-ray. Принцип їх функціонування полягає у випалювані певним чином ділянок диску щоб закодувати інфомацію у двійковому предсатвлені. DVD та Blue-ray диски можуть бути двошаровими. Обсяг пам’яті CD-диску - 700 мегабайт, DVD - 4,7 гігабайта для одношарового диску та біля 8,5 для одношарового диску, Blue-ray 7,8 для одношарового та 15,6 для двошарового диску.'),
	(764, 131, 13, 'image', 9, 'https://lh4.googleusercontent.com/LJrn2_UE3XVL_Dp3cfx8WUM6cZVeA9h0SQXHK0_HX46TJBxmLMTye56R4SR__8pnf55_NRp-mmejFd3X0eJArs_oEJAzqAWrdPlJWe44fwKQLn-uu6e-5F0f7kahg_lWlNVRZKI"></p'),
	(765, 131, 14, 'test', 12, 'Оберіть з переліку що не відноситься до пам’яті компьютера:'),
	(766, 131, 15, 'label', 8, '<p><strong>Логічна організація пам’яті. Файлова система.</strong></p>'),
	(767, 131, 16, 'text', 1, '<p>Інформація на ком’ютері зберігається у файлах. Кожен файл - окремий документ. Кількість файлів, які можуть зберігатись на диску дуже велика та залежить від його обсягу та файлової системи.</p><p>Файлова система - це спросіб організації даних, який використовується для збереження інфомації у файлах.</p><p>Файлові системи бувають:</p><p>ієрархічні - файли можуть розміщуватись у каталогах у вигляді ієрархічного дерева</p><p>кластерні - для організації однієї файлової системи використовується декілька фізичних носіїв, підключених для комп’ютера.</p><p>розподілені - одна файлова система організовується шляхом використання декількох комп’ютерів, об’єднанних у мережу.</p><p>Сучасні файлові системи на персональних компьютерах є ієрархічними. Зазвичай жорсткий диск компьютера розділяється на декілька логічних розділів. Для OS Windows це - диск С, диск D і т. д. (диски A та B зарезервовані для використання магнітних дискет, які зараз майже не використовуються). На кожному диску можуть бути файли та папки. Файли - це кінцевий елемент файлової системи. У папках у свою чергу можуть бути інші папки або файли. У одній папці не може бути два файли з однаковою назвою. Таким чином, повних шлях до файлу буде складатись з назви диску, всіх папок, які необхідно та назви файлу, розділених знаком “\\”: наприклад D:\\Фото\\Відпочинок\\Фото1.jpg.</p><p>Найпоширенішими файловими системами є:</p><p>FAT (FAT16, FAT32) - досить проста файлова система. Має обмеження на розміри диску та максимальний розмір файлу на диску (4 Гбайт). Розроблена компанією Microsoft.</p><p>NTFS - більш продвинута файлова система, ніж FAT. Має більші можливості щодо відмовостійкості та використання файлів. Також має обмеження на розмір файлу та кількість файлів на диску, проте ці обмеження досить великі. Максимальний розмір файлу - 264 байт, максимальний за розміром диск на сьогодні складає 10 Тб, що у 100 000 разів меньше.</p>ext (ext2, ext3, ext4) - файлова система розроблена для операційних систем родини Linux.'),
	(768, 131, 17, 'image', 9, 'https://lh3.googleusercontent.com/zh64PgGuVzDjhnyQBz2Fik1i1dq3MCwTm-LCCEzeR_ebyXTcFCtwTOQzOvA_VB7LQ1cb_ih_ZDKY6qWrcID6WcfDE7i2fAF8jKypEqlChCLcr479EBqJSaNz9UmFt5ge2_0E2bA"></p'),
	(769, 131, 18, 'test', 12, 'Які є файлові системи?'),
	(770, 131, 19, 'label', 8, '<p><strong>Що таке програмне забезпечення</strong></p>'),
	(771, 131, 20, 'text', 1, '<p>Програмне забезпечення - це набір програм, які керують роботою комп’ютеру. Без програмного забезпечення комп’ютер не зможе функціонувати, та не зможе виконувати свої функції.</p><p>Програмне забезпечення виконує наступні функції:</p><p>- керує апаратними ресурсами комп’ютера;</p><p>- забезпечує взаємодію комп’ютера та користувача.</p><p>Можливості сучасного програмного забезпечення настільки широкі, що можна знайти застосування комп’ютера у роботі, навчанні, побуті. Найбільш важливою якістю сучасного комп’ютера є його “дружність” по відноженню до користувача. Спілкування людини з комп’ютером стало простим, наочним та зрозумілим. Комп’ютер сам підсказує, що потрібно робити у тий чи іншій ситуації.</p><p>Якщо провести аналогію між людиною та комп’ютером то комп’ютер, який тільки зібраний з частин на заводі нагадує новороджене дитя, а встановлення та завантаження програмного забезпечення є аналогом процесу навчання людини та тримання досвіду.</p>Програмне забезпечення комп’ютера постійно вдосконалюється. Це є результат роботи програмістів та розвитку технологій програмування.. Вартість сучасного програмного забезпечення може перевищувати вартість апаратного забезпечення .'),
	(772, 131, 21, 'image', 9, 'https://lh4.googleusercontent.com/_RXL3q13QS7AJcnCnn6wvlE-IOmlLlEyH4JXclq3efjCZZ6WL4s_Yf400m7pN286y4h57FQRiGVvxSDmvLwmd1hRiTnL7zAuWwN8SNvZG9aTUwmDWqDWvlQGLR5JxPH8huH1lzM"></p'),
	(773, 131, 22, 'test', 12, 'Які функції виконує програмне забезпечення?'),
	(774, 131, 23, 'label', 8, '<p><strong> Класифікація програмного забезпечення</strong></p>'),
	(775, 131, 24, 'text', 1, '<p>Існує величезна кількість програмного забезпечення. Відповідно виникає питання щодо його класифікації.</p>\r\n<p>По цільовому призначенню програмне забезпечення поділяють на:</p><p><strong>Системне</strong>: програмне забезпечення яке керує роботою системи та її окремих складових частин. Наприклад операційна система, драйвера для апаратних частин комп’ютера.</p><p><strong>Прикладне</strong>: програмне забезпечення яке використовується для виконання прикладних задач кінцевих користувачів - написання тексту, обробка зображень, музики, відео та інші програми. </p><p><strong>Інструментальне</strong>: спеціальні програми, які слугують для розробки іншого програмного забезпечення.</p>\r\n<p>По способу розповсюдження та використання.</p><p><strong>Закриті.</strong> Це програмне забезпечення яке розповсюджується обмеженими каналами, зазвичай воно є платним та його використання вимагає придбання ліцензійної копії такого програмного забезпечення. Програмний код такого програмного забезпечення відсутній у загальному доступі та зазвичай є інтелектуальною власністтю.</p><p><strong>Відкриті.</strong> Це програмне забезпечення яке має відкритий програмний код. Він доступний для перегляду, вивчення та зміни та будь-хто з програмістів, хто має достатню кваліфікацію має можливість доопрацювати програму. З огляду на те, що програмний код доступний для широкого загалу, таке програмне забезпечення є безкоштовним.</p><p><strong>Вільні.</strong> Це програмне забезпечення, яке розповсюджується вільно, проте код програмного забезпечення не доступний для широкого загалу. Для використання цього програмного забезпечення не вимагається придбання ліцензійних копій.</p>\r\n<p>По ступеню перенесення.</p><p><strong>Кроссплатформене.</strong> Програмне забезпечення яке може бути запущенно на будь-якій операційній системі та у будь-якому програмному середовищі.</p><strong>Платформозалежне.</strong> Програмне забезпечення має обмежений та визначений перелік операційних систем на яких може працювати.'),
	(776, 131, 25, 'test', 12, 'До якого класу програмного забезпечення можна віднести інтернет-браузер?'),
	(777, 131, 26, 'label', 8, '<p><strong>Шкідливе програмне забезпечення.</strong></p>'),
	(778, 131, 27, 'text', 1, '<p>Крім користного програмного забезпечення, яке дозволяє працювати з комп’ютером та виконувати різноманітні прикладні задачі існує шкідливе програмне забезпечення, так звані “віруси”.</p><p>Зловмисний програмний засіб або зловмисне програмне забезпечення (англ. Malware — скорочення від malicious — зловмисний і software — програмне забезпечення) — програмне забезпечення, яке перешкоджає роботі комп\'ютера, збирає конфіденційну інформацію або отримує доступ до приватних комп\'ютерних систем.</p><p>Шкідливі програми можуть потрапити на ваш комп\'ютер, наприклад:</p><p>- із зловмисного сайту (наприклад, під час спроби завантажити зламану програму);</p><p>- зі спеціально створеного сайту, що містить шкідливий код;</p><p>- з відомого, легітимного сайту, на якому зловмисники встановили шкідливий код;</p><p>- через неперевірені флеш-носії та компакт-диски;</p><p>- з «сусіднього» комп\'ютера в локальній мережі (актуально для провайдерів типу «домашня мережа», гуртожитків, інтернет-кафе, публічного wi-fi).</p><p>Шкідливе програмне забезпечення, встановлене на комп\'ютері користувача, може перехоплювати паролі та іншу персональну інформацію, поширювати спам, атакувати інші комп\'ютери в мережі. При підключенні до інтернету шкідливе програмне забезпечення вміє автоматично оновлюватися та отримувати команди від зловмисників. Таким чином вони непомітно керують захопленим комп\'ютером. Сам користувач при цьому зазвичай навіть не підозрює, що його система використовується кимось ще.</p>Шкідливе програмне забезпечення часто заважає користувачеві нормально працювати — запуск шкідливих програм навантажує центральний процесор і уповільнює роботу іншого програмного забезпечення. Мережеві атаки з комп\'ютера уповільнюють його зв\'язок з інтернетом, збільшують об\'єм трафіку, а з ним — і витрати на інтернет. Виявивши атаки з комп\'ютера користувача, провайдер інтернету може відключити його від мережі. Зрештою, комп\'ютер, який регулярно здійснює атаки, і його власник можуть викликати інтерес з боку правоохоронних органів.'),
	(779, 131, 28, 'image', 9, 'https://lh4.googleusercontent.com/IBfPFcEyJorpyFveHgvzlGpOQARktIXgybykscVI0iuEFsfJXEcYeHxIw5dBeITuC3uDrXHQ1j_NPGJe2ea_6pie0Sz_ajMX_e6-FUV7Ct1uP-qi2epaWOtF-d8CVSfdc3t_1HM"></p'),
	(780, 131, 29, 'test', 12, 'Шкідливе програмне забезпечення це:'),
	(781, 131, 30, 'label', 8, '<p><strong>Види шкідливого програмного забезпечення.</strong></p>'),
	(782, 131, 31, 'text', 1, '<p>Зазвичай шкідливе програмне забезпечення поділяють на наступні види.</p><p>1. Вірус - комп\'ютерна програма, яка має здатність до прихованого саморозмноження. Одночасно зі створенням власних копій віруси можуть завдавати шкоди: знищувати, пошкоджувати, викрадати дані, знижувати або й зовсім унеможливлювати подальшу працездатність операційної системи комп\'ютера.</p><p>2. Хробак (мережний хробак) — тип шкідливих програм, що поширюються по мережних каналах, здатних до автономного подолання систем захисту автоматизованих і комп\'ютерних мереж, а також до створення й подальшого поширення своїх копій, що не завжди збігаються з оригіналом, і здійсненню іншого шкідливого впливу. Може використовуватись для стеження за користувачем та збору інформації, для забезпечення віддаленого доступу до комп’ютеру без дозволу користувача.</p><p>3. Шпигунські програми це програмний продукт особливого виду, що встановлений і вживається без належного сповіщення користувача, його згоди і контролю з боку користувача, тобто несанкціоновано встановлений. Використовується для збору інформації з користувацького комп’ютера.</p><p>4. Рекламні програми - різновид шкідливого програмного забезпечення, яке зазвичай демонструє користувачу якусь рекламну інформацію, часто буває що блокує використання комп’ютера.</p>5. Троянські програми (англ. Trojan Horses, Trojans) — різновид шкідницького програмного забезпечення, яке не здатне поширюватися самостійно (відтворювати себе) на відміну від вірусів та хробаків, тому розповсюджується людьми. Може використовуватись для стеження за користувачем та збору інформації, для забезпечення віддаленого доступу до комп’ютеру без дозволу користувача.'),
	(783, 131, 32, 'test', 12, 'Що з переліченого не є шкідливим програмним забезпеченням?'),
	(784, 131, 33, 'label', 8, '<p><strong>Як уникнути шкідливих програм?</strong></p>'),
	(785, 131, 34, 'text', 1, '<p>Щоб уникнути більшості зловмисного програмного забезпечення, треба будьти пильними, коли користуєтесь Інтернетом та флешками. Наведені нижче поради допоможуть розпізнати зловмисні програми та уникнути зламування та зараження вашого комп’ютера й облікових записів у мережі.</p><p>Веб-сайти. Не треба довіряти незнайомим сайтам. Якщо сайт виникає сумніви - залиште його і дізнайтеся про програмне забезпечення, яке потрібно встановити.</p><p>Електронні листи. Не довіряйте інформації, яку ви отримали в підозрілому електронному листі. Навіть електронний лист від знайомої людини може містити посилання на шкідливі програми або вкладені файли, якщо обліковий запис цієї людини зламали. Треба бути обережним, коли ви переходите за посиланнями, які отримали в електронному листі. Краще відкривати веб-сайти, ввівши адресу безпосередньо у веб-переглядачі.</p><p>Інше програмне забезпечення. При встановленні деяких програм, одночасно може завантажуватися шкідливе або оманливе ПЗ з Інтернету. Установлюючи програми, потрібно звертайти особливу увагу на вікна з повідомленнями та читайти текст, написаний дрібним шрифтом. Скасуйте встановлення, є будь-які сумніви..</p><p>Фізичні носії даних. Треба бути обережним також з дисками та флешками, які підключаються до комп’ютера, адже на них можуть бути шкідливі програми. Протрібно завжди перевіряти їх за допомогою спеціального програмного забезпечення. </p>Спливаючі вікна. Не треба довіряйти спливаючим вікнам, у яких просять завантажити програмне забезпечення. Ці вікна часто повідомляють, що комп’ютер заражено, і просять завантажити програми для захисту. Потрібно негайно закрийти таке вікно, не натискаючи область усередині нього.'),
	(786, 129, 1, 'label', 8, '<p><strong>Принципи фон Неймана.</strong></p>'),
	(787, 129, 2, 'text', 1, '<p>У 1946 році Д. фон Нейман, Г. Голдстайн та А. Беркс у спільній науковій праці виклали нові принципи побудови та функціонування ЕОМ. У подальшому, на базі цих принципів, вироблялись перші два покоління комп’ютерів. У пізніших поколіннях відбувались деякі зміни, проте принципи Неймана актуальні і сьогодні.</p><p>Фактично Нейман поєднав наукові розробки та відкриття багатьох інших вчених та сформулював на їх основі принципово нове.</p><p>Отже основні принципи фон Неймана.</p><p>1. Використання двійкової системи числення у обчислювальних машинах. Перевага над десятковою системою числення полягає у тому, що пристрій можна робити достатньо простим. Математичні та логічні операції у двійковій системі виконуються достатньо просто.</p><p>2. Програмне управління ЕОМ. Робота ЕОМ контролюється програмою, яка складається з набору команд. Команди виконуються послідовно. Фактично створення машини, яка здатна зберігати програму у пам’яті поклало початок тому, що ми сьогодні називаємо програмуванням.</p><p>3. Пам’ять комп’ютера використовується не тільки для зберігання даних, але й програм. При цьому команди та дані кодуються у двійковій системі числення - тобто спосіб запису однаковий. Саме тому у деяких ситуаціях над командами можна виконувати ті ж самі дії, що і над даними.</p><p>4. Комірки пам’яті ЕОМ мають адреси, які послідовно пронумеровані. У будь-який момент можна звернутись до будь-якої комірки пам’яті, знаючи її адресу. Цей принцип відкрив можливість використовувати зміні у програмуванні.</p><p>5. Можливість умовного переходу у процесі виконання програми. Не дивлячись на те, що команди виконуються послідовно, у програмах можливо реалізувати перехід до будь-якої ділянки коду.</p>Найголовнішим висновком цих принципів можна назвати те, що відтепер програма не була постійною частиною ЕОМ (як, наприклад, у калькулятора). Програму стало можливо змінити. А пристрій, звичайно, залишається незмінним.'),
	(788, 129, 3, 'image', 9, 'http://ic.pics.livejournal.com/1500py470/62383590/161314/161314_900.jpg"></p'),
	(789, 129, 4, 'test', 12, 'Що з наведеного нижче не відповідає принципам фон Неймана?'),
	(790, 129, 5, 'label', 8, '<p><strong>Як працює машина фон Неймана</strong></p>'),
	(791, 129, 6, 'text', 1, '<p>Машина фон Неймана складається з запам’ятовуючого пристрою (пам’яті), арифметико-логічного пристрою, керуючий пристрій, а також пристрою вводу-виводу.</p><p> <img src="https://lh6.googleusercontent.com/Ynurfhl6h2V5OS8t9SOQ5TLTfmMxDUOGVoTprGW_i0HU31NhikOMo10NCP6fS4gAnAIJf7DOHUsr0YGY-FsgMA31T9d-RPOb2-tYPyp_TZptOwlKA1Sz17ggpim5Dd5Y2TTGrxM"></p><p>Програми та дані вводяться у пам’ять з пристрою вводу-виводу через арифметико-логічний пристрій. Всі команди записуються у сусідні комірки пам’яті, а дані для обробки можуть зберігатись у довільних комірках. У будь-якої програми остання команда має бути командою завершення роботи.</p><p>Для виконання будь-якої команди необхідно знати по-перше операцію яку слід виконати (з переліку можливих операцій на даному пристрої), адреси комірок пам’яті де зберігаються дані, над якими потрібно виконати операцію та адресу комірки куди необхідно записати результат виконання операції.</p><p>Арифметико-логічний пристрій виконує вказані командами операції над даними. Результат виводиться у пам’ять або на пристрій виводу. Принципова різниця між пам’яттю та пристроєм виводу полягає у тому, що у пам’яті дані зберігаються у зручному для комп’ютера вигляді, а на пристрій виводу (наприклад монітор.) дані поступають у зручному для людини вигляді.</p><p>Керуючий пристрій виконує функцію керування всіма складовими частинами комп’ютера. Він узгоджує процес взаємодії між різними складовими частинами пристрою. Керуючий пристрій містить спеціальний регістр (комірку), яка називається “лічильник команд”. Після завантаження програми та даних у пам’ять в лічильник команд записується адреса першої команди програми. Керуючий пристрій визначає операцію команди, “відмічає” у пам’яті дані, які потрібні для виконання команди та контролює її виконання. Операцію виконує арифметико-логічний пристрій або апаратні засоби комп’ютера.</p>Після виконання будь-якої команди лічильник команд змінюється на одиницю та, відповідно, вказує на наступну команду програми. Коли потрібно виконати команду, яка не слідує по порядку за поточною (умовний перехід згідно принципів фон Неймана) то спеціальна команда переходу зберігає адресу комірки, куди потрібно передати керування.'),
	(792, 129, 7, 'test', 12, 'Оберіть вірні тези:'),
	(793, 129, 8, 'label', 8, '<p><strong> Недоліки принципів фон Неймана.</strong></p>'),
	(794, 129, 9, 'text', 1, '<p>Хоча принципи побудови ЕОМ фон Неймана використовуються і досі у сучасних комп’ютерах, є певні недоліки архітектури, яка була запропонована фон Нейманом.</p><p>До недоліків відносять.</p><p>Семантичний розрив. Арифметико-логічний пристрій має можливість виконувати дуже обмежений перелік команд та операцій низького рівня. Вимоги до програмного забезпечення та до його розробки значно збільшились у порівняні з часами фон Неймана. Сучасні мови програмування високого рівня значно підвищують продуктивність праці програміста за рахунок того, що одна команда мови високого рівня насправді може являти собою декілька сотень рядків команд мови низького рівня, яку розуміє процесор. Цей розрив вирішується на програмному рівні за допомогою компіляторів – спеціальних програм, які перетворюють код мови програмування високого рівня на набір машинних команд, які розуміє комп’ютер.</p><p>Розділення пам’яті та арифметико-логічного пристрою. Це вважається суттєвим недоліком архітектури фон Неймана. Недолік полягає у тому, що швидкість обробки даних арифметико-логічним пристроєм значно перевищує здатність пам’яті передавати інформацію до арифметико-логічного пристрою. Дана проблема вирішується за рахунок більш складної побудови пам’яті, де виділяється різна рівні пам’яті. Кожен наступний (ближчий до арифметико-логічного пристрою) рівень пам’яті працює з більшою швидкістю, проте більш дорогий, тому обсяг менший. У сучасний комп’ютерах виділяють оперативну пам\'ять, та декілька рівнів кеш-памяті (до трьох рівнів).</p>Принцип послідовного виконання операцій. Архітектура фон Неймана є принципово послідовною. Це суттєво обмежує можливості з обробки даних та швидкість роботи системи в цілому. Даний недолік нівелюється у сучасних комп’ютерах за рахунок розміщення декількох арифметико-логічних пристроїв у одному комп’ютері (ядер процесора) та з допомогою почергового виконання команд різних програм на одному процесорі. У випадку виконання декількох програм на одному процесорі операційна система передає на виконання спочатку частину команд одної програми, потім – частину команд іншої. Це відбувається надзвичайно швидко, тому для кінцевого користувача це непомітно, та складається враження що комп’ютер виконує різні програми одночасно.'),
	(795, 129, 10, 'test', 12, 'Які основні недоліки архітектури фон Неймана?'),
	(796, 129, 11, 'label', 8, '<p><strong>Гарвардська архітектура комп’ютера</strong></p>'),
	(797, 129, 12, 'text', 1, '<p>Говард Ейкен, професор Гарвардського університету, у 1930 роках запропонував архітектуру обчислювальної машини, яка принципово відрізнялась від архітектури фон Неймана. Принципова відмінність полягає у тому, що програма (алгоритм, інструкції) та данні для функціонування програми зберігаються окремо та поступають до обчислювального пристрою по різних каналах. Така архітектура була названа Гарвардською архітектурою та була вперше реалізована у одному з перших комп’ютерів Mark I.</p><p>Типові операції вимагають від будь-якого обчислювального пристрою декількох дій:</p><ul><li>вибір двох значень;</li><li>виконання дії;</li><li>збереження результату.</li></ul><p>Ідея, яка була реалізована Ейкеном, полягала у фізичному розділені ліній передачі команд та даних. У Mark I програми (інструкції) зберігались у вигляді перфорованої стрічки, а дані у релейному запам’ятовуючому пристрої. Це дозволяло одночасно пересилати та обробляти команди та дані. Завдяки цьому підвищилась загальна швидкодія комп’ютера.</p><p>З огляду на те, що програми та данні зберігаються на фізично різних носіях - формат їх зберігання не обов’язково мав бути однаковий (на відміну від архітектури фон Неймана).</p><p>Звичайно, такий підхід до архітектури створює певні проблеми при розробці виробництві комп’ютерів, адже треба передбачити різні шляхи доставки даних до обчислювального пристрою.</p>'),
	(798, 129, 13, 'image', 9, 'https://lh3.googleusercontent.com/Q1Eqedz6Oxx0kKyw0BJFDOcgSkgUCY9g8TKsM07df6HUS4lPqlKZaobVRG1Nni8cStvE8w3UT6fS62W091O8FtLZVDNzvzJ2N_xw120wdEovAsjLG-UO9a_peGH5BF_68at1UVk"></p'),
	(799, 129, 14, 'test', 12, 'Яка основна відміність Гарвадської архітектури від архітектури фон Неймана'),
	(800, 129, 15, 'label', 8, '<p><strong>Модифікації гарвардської архітектури</strong><br></p>'),
	(801, 129, 16, 'text', 1, '<p>Модифікована гарвардська архітектура.</p><p>Реалізація роздільного доступу до пам’яті (пам’яті даних та пам’яті команд) має очевидний недолік - висока вартість. Це обумовлено тим, що виробникам необхідно передбачити майже у двічі більше контактів на процесорі, ніж при архітектурі фон Неймана. Вирішенням цієї проблеми може бути розділення вхідного потоку на команди та дані всередині процесору.</p><p>Розширена гарвардська архітектура.</p><p>При здійсненні обчислень процесор робить дію, вхідні дані якої можна розділити на три складові: операція та дві її зміні (операнди). У розширеній гарвардській архітектурі для зберігання команди використовується кеш-пам’ять, при цьому обидва канали даних (канал даних та канал інструкції) залишаються вільними. Це дозволяє одночасно по двом каналам передати операнди для виконання операції.</p><br>Існують гібридні модифікації гарвардської архітектури та архітектури фон Неймана, які поєднують переваги обох систем. Такі процесори мають окрему кеш-пам’ять для інструкцій та даних, що дозволяє за один робочий так отримувати команду та дані для її виконання. Тобто ядро процесора побудовано на гарвардській архітектурі, проте програмна логіка залишається фон-неймановською, що значно спрощує програмування. Для передачі команд та даних використовується одна шина, що спрощує конструкцію процесорів.'),
	(802, 129, 17, 'test', 12, 'Якій з наведених модифікацій гарвардської архітектури притаманне поєднання гарвардської аріхтектури ядра та використання логіки машини фон Неймана?'),
	(803, 129, 18, 'label', 8, '<p><strong>Що таке процесор, його будова</strong></p>'),
	(804, 129, 19, 'text', 1, '<p>Процесор – головна мікросхема комп\'ютера, його "мозок". Це мікросхема, призначена для безпосереднього виконання дій з інформацією: арифметичних обчислень та логічної обробки.</p><p>Він дозволяє виконувати програмний код, що знаходиться у пам\'яті і керує роботою всіх пристроїв комп\'ютера. Чим вище швидкість роботи процесора, тим вище швидкодію комп\'ютера.</p><p>Процесори перших комп\'ютерів були громіздкими, займали цілі шафи і навіть кімнати та складалися з багатьох компонентів. На початку 1970-х років завдяки прориву а технології створення великих і надвеликих інтегральних схем стало можливим розташувати всі компоненти центрального процесора в одному напівпровідниковому пристрої. З\'явилися так звані мікропроцесори. Наразі терміни «мікропроцесор» і «процесор» є синонімами, проте так було не завжди. Звичайні (великі) та мікропроцесорні ЕОМ співіснували протягом 10-15 років, і лише на початку 1980-х років мікропроцесори витіснили своїх старших братів. Саме перехід на мікропроцесори створив передумови для появи персональних комп\'ютерів.</p><p>Фізично процесор являє собою пластину з кремнію з міліонами та міліардами транзисторів та каналів проходження сигналі.</p><br>Сьогодні основними виробниками процесорів є компанії Intel і Advanced Micro Devices (AMD), які тривалий час існують на ринку інформаційних технологій і проявили себе тільки з кращого боку. Природно, існують і інші виробники, але до рівня цих компаній-гігантів їм ще дуже далеко.'),
	(805, 129, 20, 'image', 9, 'http://yak-prosto.com/images/3/e/yak-viznachiti-procesor.jpg"></p'),
	(806, 129, 21, 'test', 12, 'Якій матеріал використовується для виробництва процесорів.'),
	(807, 129, 22, 'label', 8, '<p><strong> Складові процесора. Робота процесора</strong></p>'),
	(808, 129, 23, 'text', 1, '<p>Складові процесора</p><p>Ключовим компонентом процесора є арифметико-логічний пристрій, за допомогою якого, здійснює арифметичні і логічні операції. Всі дії виконуються у двійковій системі счислення. Ще одною складовою є пристрій керування який слугує для виконання команд і потоками даних у персональному комп’ютері. Крім того кожен процесор має спеціальні комірки, які називаються регістрами. Саме в цих регістрах містяться команди, які виконуються процесором, а також дані, якими оперують команди.</p><p>Процесор працює під кервування програми, яка знаходиться у оперативній пам’яті. </p><p>Блок керування передає до арифметико-логічного пристрою команду, яка міститься у комірці команд та дані, необхідні для її виконання до арифметико-логічного пристрою. Після цього блок керування збільшує лічильник команд.</p><p>Арифметико-логічний пристрій отримав команду та дані виконує дію та записує результат у вільний регістр. </p><p>Після цього блок керування знову передає команду та дані до арфиметико-логічного пристрою.</p>'),
	(809, 129, 24, 'test', 12, 'Чи відповідає наведений опис складовхи процесора архітектурі фон Неймана?'),
	(810, 129, 25, 'label', 8, '<p><strong> Основні технічні характеристики процесора</strong></p>'),
	(811, 129, 26, 'text', 1, '<p>Кожен процесор має наступні технічні характеристики.</p><p>Тактова частота. Характеризує скільки елементарних операцій за одну секунду здійснює процесор та виміряється у Герцах. Сучасні процесори мають робоу тактову частоту 2.5 - 3.0 ГГц (2.5 - 3 мільярди операцій в секунду). </p><p>Розрядність. Визначає скільки байт за 1 такт (одну елементарну операцію) можна передати процесору. Також це означає скільки даних за один такт може обробити процесор. Сучасні комп’ютери мають шини розрядністю 64 біти (8 байт).</p><p>Розмір кеш-пам’яті. Кеш-пам’ять - це проміжна ланка між оперативною пам’яттю та регістрами процесора. У сучасних процесорах виділяють три рівні кеш-пам’яті, кожен з яких ближче до процесора, а відповідно швидше та меньше за розміром. Зменьшення розміру кеш-пам’яті різних рівнів обумовлено вартістю. Крім того недоцільно тримати велики й розмір пам’яті, якщо процесор не здатен обробити дані в цій пам’яті досить швидко. </p><p>Кількість ядер. Кожне ядро процесора являє собою логічно та фізично відокремлений процесор. Якщо у процесора декілька ядер - кожне здатне працювати паралельно. Це збільшує загальну швидкість системи та надає можливість одночасно виконувати різні команди.</p><br>Загальний принцип всіх характеристик - чим більше тим краще. Проте не слід забувати, що комп’ютер, і процесор зокрема, є складною системою, яка складається з багатьох компонент, тому всі технічні характеристики мають бути збалансовані для ефективного викорсистання комп’ютера в цілому.'),
	(812, 129, 27, 'test', 12, 'Яку кількість інформації здатен обробити процесор, який має тактову частоту 100 Мгц та розрядність - 16 біт за 1 секунду?'),
	(813, 130, 1, 'label', 8, '<p><strong>Що таке операційна система.</strong></p>'),
	(814, 130, 2, 'text', 1, '<p>Як відомо, комп\'ютер в сучасному вигляді з\'явився далеко не відразу. Перші комп\'ютери були дуже громіздкими і дорогими. Керувати ними могли виключно професіонали, які чітко розуміли усі тонкощі їх будови і роботи. Для керування комп\'ютерами використовувалися спеціальні програми, що створювалися за допомогою двоїчного коду. Windows або чогось подібного тоді ще не існувало.</p><p>Відтоді багато що змінилося. Еволюцію пройшли як самі комп\'ютери (апаратна їх частина), так і програми для них. Сьогодні дитина молодшого шкільного віку здатна за декілька хвилин навчитися вирішувати на комп\'ютері завдання, які б раніше відняли чимало часу навіть у професіоналів. Взаємодія людини і комп\'ютера стала настільки простою, що працювати з ним може будь-хто охочий. Використовуючи маніпулятор миша (чи простіше кажучи, мишку), ми можемо буквально "пальцем показувати" комп\'ютеру, що і де треба скопіювати, перемістити, вирізати, замінити, перейменувати, відкрити, закрити і так далі. Комп\'ютер розуміє усі ці наші жести, перекладаючи їх на зрозумілу для себе мову, самостійно виконуючи розрахунки, зберігаючи результати на жорсткому диску, правильно використовуючи при цьому ресурси процесора, оперативної пам\'яті і інших пристроїв, що входять до складу системи, і не ставить ніяких зайвих питань. </p><p>Ніхто з нас вже навіть і не замислюється над тим, що ще зовсім недавно для того, щоб змусити комп\'ютер виконати навіть елементарне завдання, треба було складати спеціальні алгоритми дій (програми). Це, у свою чергу, потребувало особливих знань, додаткових затрат часу і не приносило ніякого задоволення.</p><p>Сьогодні ж людина взаємодіє з комп\'ютерним залізом не безпосередньо, а через спеціальний програмний прошарок, що бере на себе автоматичне вирішення усіх завдань із забезпечення злагодженої роботи обладнання комп\'ютера (процесора, оперативної пам\'яті, запам’ятовуючих пристроїв та ін.), а також дозволяє людині керувати ним зручним для себе способом.</p><p>Цим програмним прошарком є операційна система. </p>'),
	(815, 130, 3, 'test', 12, 'Що таке операційна система?'),
	(816, 130, 4, 'label', 8, '<p><strong>Функції операційної системи.</strong></p>'),
	(817, 130, 5, 'text', 1, '<p>Операційна система комп\'ютера вирішує три важливі завдання:</p><p>1) забезпечує функціонування апаратної частини комп\'ютера як єдиного цілого, керує ресурсами процесора, оперативної пам\'яті і інших пристроїв системи;</p><p>2) взаємодіє з користувачем, переводить його дії (команди) у зрозумілу комп\'ютеру мову і примушує комп’ютер виконувати їх;</p><p>3) дозволяє пристосовувати комп\'ютер до вирішення певного кола завдань шляхом встановлення відповідних програм і керування їх роботою.</p><p>Як і людський розум, операційну систему можна розвивати і удосконалювати, встановлюючи додаткові програми. У нашому прикладі ці програми можна порівняти зі своєрідними новими навичками і уміннями у людини. Наприклад, щоб навчити комп\'ютер грати з вами в шахи, необхідно встановити в операційну систему відповідну програму - гру "Шахи". Щоб працювати з текстом, операційну систему необхідно доповнити текстовим процесором Word або якоюсь аналогічною програмою.</p><p>Одні і ті ж завдання можуть вирішуватися за допомогою різних програм. У користувача практично завжди є вибір. У Інтернеті існує досить багато каталогів програмного забезпечення. </p><p>Для кращого розуміння повідомлю, що при створенні комп\'ютера порядок дій фахівця-комп\'ютерника наступний:</p><p>1. Фізично скласти комп\'ютер, з\'єднавши у єдине ціле материнську плату, процесор, оперативну пам\'ять і інші пристрої (створити тіло комп\'ютера);</p><p>2. Встановити на комп\'ютер операційну систему (забезпечити тіло інтелектом);</p><p>3. Встановити необхідні додаткові програми (розвиток навичок комп\'ютера у потрібному користувачу напрямі).</p>'),
	(818, 130, 6, 'test', 12, 'Які функції виконує операційна система?'),
	(820, 130, 7, 'label', 8, '<p><strong>Історія створення операційних систем.</strong></p>'),
	(821, 130, 8, 'text', 1, '<p>Перші комп’ютери взагалі не мали операційної системи. На початку 60-х років XX ст. їх було скомплектовано лише набором інструментів для розробляння, планування та виконання завдань. Проте вже до кінця 60-х років було розроблено близько ста операційних систем. Наприклад система Atlas, створена в Манчестерському університеті, системи CTTS та ITSS, створені вченими Массачусетського технологічного інституту та ін. Найбільш розвинуті операційні системи того часу, такі як OS/360 (продукт компанії IBM), SCORE (розробка компанії CDC) та MULTICS (розробляння цієї системи було завершено в 70-х роках спеціалістами компанії Bell Labs), передбачали можливість використання багатопроцесорних систем.</p><p>Спонтанний характер розробляння ОС призвів до наростання кризових явищ. Створювані операційні системи були достатньо складними та великими за розмірами, не використовували всіх можливих потужностей комп’ютерів, неоптимально виконувались або взагалі не працювали на менш потужних комп’ютерах. Проте головним недоліком було те, що всі створені ОС були повністю несумісними між собою. Тому в 1969 р. співробітники Массачусетського технологічного інституту Кен Томпсон, Деніс Рітчі та Брайан Керніган розробили та реалізували ОС UNIX. Вона була зручним інструментальним середови щем і стала прототипом єдиної ОС. Її можна було використовувати в різних обчислювальних системах та в разі потреби швидко перенести на іншу апаратну архітектуру.</p><p>Наприкінці 70-х років XX ст. співробітники Каліфорнійського університету в Берклі удосконалили початкові коди UNIX. Їх розробка отримала назву BSD) (Berkeley Systems Distribution).</p><p>Одну з найстаріших та найпоширеніших операційних систем - DOS було створено фірмою Майкрософт на замовлення корпорації IBM для встановлення на перші персональні комп’ютери. Найпоширенішою на сьогодні операційною системою є Windows (близько 90 % світового ринку настільних систем). Її первинно проектували як графічну надбудову над старим середовищем MS DOS. Ця система втрачає визначні позиції лише завдяки інтересу користувачів до UNIX-подібних систем з відкритими кодами. Їх на початку 90-х років XX ст. почав розробляти студент Гельсинкського університету Лінус Торвальдс. Він створив ядро поширеної сьогодні операційної системи GNU/Linux.</p><p>24 березня 2000 р. на ринку операційних систем з’явився ще один конкурент — ряд графічних операційних систем MacOS X, розроблених компанією Apple. </p>'),
	(822, 130, 9, 'test', 12, 'Як називається перша створена Microsoft операційна система?'),
	(823, 130, 10, 'label', 8, '<p><strong>Сьогодення операційних систем.</strong></p>'),
	(824, 130, 11, 'text', 1, '<p>Таким чином на сьогодні існує декілька родин операційних систем.</p><p>1. Родина операційних систем Microsoft Windows (це такі операційні системи як Windows XP, Windows 7, Windows 8, та найсучасніша - Windows 10).</p><p>Перевагою операційних систем Windows є їх надзвичайна поширеність - біля 90% користувацьких комп’ютерів використовують ту чи іншу операційну систему родини Windows. Завдяки цьому виробники обладнання при розробіці драйверів (спеціальні програми, які забезпечують взаємодію операційної системи та обладнання) у першу чергу розробляють драйвера для цієї операційної системи.</p><p>Недоліком є висока вартість ліцензійної копії операційної системи. Крім того, через широке поширення ціїє операційної системи є дуже багато шкидливого програмного забезпечення (віруси, трояни та інше), яке працює на цій операційній системи, тому, зазвичай, користувач має вживати додаткові заходи для захисту свого комп’ютера від такого програмного забезпечення.</p><p>2. Родина операційних систем, які основані на ядрі операційної системи Linux (Ubuntu, Red Hat Linux, Suse та багато інших).</p><p>Перевагою цих операційних систем є те що вони зазвичай безкоштовні (за виключенням деяких комерційних проектів), програмний код даних операційних систем зазвичай відкритий та користувач, який має відповідні знання може її дуже тонко налаштувати, або навіть допрацювати. Через вбудовані засоби безпеки у родині даних операційних систем існує дуже мало шкідливого програмного забезпечення, яке працює на цій операційній системі. </p><p>Недоліком є низька підтримка цих операційних систем з боку виробників обладнання. Операційні системи родини Linux дуже часто використовуються на серверах, оскільки вони є досить гнучкими у налаштуванні, мають вбудовані інструменти захисту від шкідливого програмного забезпечення та безкоштовними.</p><p>3. Родина операційних систем Mac OS. Ці операційні системи постачаються разом з комп’ютерами виробництва Apple. Вони є умовно-безкоштовними - вартість операційної системи фактично включена у вартість комп’ютера. Через те, що ці операційні системи розроблені виключно під комп’ютери виробництва Apple розповсюдження її досить обмежене.</p><p>Перевагою цієї операційної системи є те, що вона максимально оптимізована під конкретні характеристики комп’ютерів, на які вона встановлюється з урахуванням всіх особливостей конкретної архітектури обладнання.</p><p>4. Інші операційні системи. Крім найпоширеніших операційних систем існує велика кількість спеціалізованих операційних систем які розроблені для функціонування у конкретних ситуаціях. Наприклад для забезпечення роботи супер-комп’ютерів, спеціальних програмно-апаратних комплексів, які використовуються у науковій діяльності та інше. </p><p>5. Зараз є передумови для створення та розповсюдження хмарних операційних систем. Основна ідея такої системи — легкий перехід від одного комп\'ютера до іншого. Тут можуть виникнути мимовільні аналогії з акаунтом соціальної мережі, який можна підвантажувати на будь-якому доступному терміналі з доступом до Мережі в незалежності від встановленої ОС. Приблизно така ідея і переслідується творцями цієї нової революційної операційної системи.</p>'),
	(825, 130, 12, 'test', 12, 'Які переваги притаманні ОС родини Linux?'),
	(826, 130, 13, 'label', 8, '<p><strong>Складові операційних систем.</strong></p>'),
	(827, 130, 14, 'text', 1, '<p>Різні операційні системи мають однакову структуру, до скла­ду якої входять:</p><p>Ядро ОС, що є центральною частиною ОС. Воно забезпечує прикладним програмам координований доступ до ресурсів комп\'ютера (процесорного часу, оперативної пам\'яті, зовнішніх пристроїв уведення та виведення інформації), перекла­даючи їх команди з мови прикладних програм мовою двійкових кодів, яку розуміє комп\'ютер.</p><p>Драйвери, які є програмами-перекладачами, що перекладають команди комп\'ютера мовою певного пристрою (принтера, сканера, звукової або відеокарти) та навпаки. Без наявності драйверів функціонування підключених пристроїв неможливо.</p><p>Утиліти, що є набором допоміжних програм, призначених обслуговувати диски, перевіряти комп\'ютер, налаштовувати певні параметри роботи. </p><p>Інтерфейс, що надає командний проце­сор, — правила взаємодії операційної систе­ми та користувача, які визначають зруч­ність роботи. Інтерфейс може бути у вигляді командної строки, та у графічному вигляді (наприклад робочий стіл ОС Windows). </p>'),
	(828, 130, 15, 'test', 12, 'Що з переліченого не входить у структуру операційної системи?'),
	(829, 180, 1, 'test', 12, '!!!!!!!!!!!!!!!!!!!1'),
	(830, 180, 2, 'final test', 13, 'Свойствами алгоритма являются:'),
	(831, 180, 3, 'test', 12, 'Алгоритм может быть задан следующими способами:'),
	(832, 180, 4, 'test', 12, 'скільки?'),
	(833, 180, 5, 'test', 12, 'Программа — это:'),
	(834, 180, 6, 'instruction', 7, '<p><span style="background-color: rgb(79, 129, 189);">Программа — это:</span></p>\n<p>1) система правил, описывающая последовательность действий, которые необходимо выполнить для решения задачи</p>\n<p>2) указание на выполнение действий из заданного набора</p>\n<p>3) область внешней памяти для хранения текстовых, числовых данных и другой информации</p>\n<ul><span style="background-color: rgb(192, 80, 77);"></span>\n</ul>\n<p><span style="background-color: rgb(192, 80, 77);">4) последовательность команд, реализующая алгоритм решения задачи.</span></p>'),
	(835, 180, 7, 'example', 4, '<p>6.5. Программа-интерпретатор выполняет:</p><ul><li>1) поиск файлов на диске</li><li>2) пооператорное выполнение программы</li><li>3) полное выполнение программы.</li></ul>'),
	(836, 180, 8, 'test', 12, 'Программа-компилятор выполняет:'),
	(837, 180, 9, 'test', 12, 'QBASIC — это'),
	(838, 180, 10, 'test', 12, 'Алфавит языка QBASIC включает:'),
	(839, 180, 11, 'test', 12, 'Алфавит языка QBASIC включает:'),
	(840, 180, 12, 'test', 12, 'В QBASIC существуют следующие типы данных:'),
	(841, 180, 13, 'test', 12, 'Числовые данные могут быть представлены как:'),
	(842, 180, 14, 'test', 12, 'Выберите правильно представленные числовые данные на QBASIC:'),
	(843, 180, 15, 'test', 12, 'Запись числа в форме с плавающей точкой — это экспоненциальная форма записи:'),
	(844, 180, 16, 'test', 12, ' Арифметические выражения состоят из:'),
	(845, 180, 17, 'test', 12, 'Переменная — это:'),
	(846, 180, 18, 'test', 12, 'Тест!?)('),
	(847, 181, 1, 'example', 4, '<p>6.14. Арифметические выражения состоят из:</p><ul><li>1) чисел</li><li>2) констант</li><li>3) команд MS-DOS</li><li>4) машинных команд</li><li>5) переменных</li><li>6) функций</li><li>7) круглых скобок</li><li>8) квадратных скобок.</li></ul><p>6.15. Переменная — это:</p><ul><li>1) служебное слово на языке QBASIC</li><li>2) область памяти, в которой хранится некоторое значение</li><li>3) значение регистра.</li></ul><p>6.16. Имя переменной — это:</p><ul><li>1) любая последовательность любых символов</li><li>2) последовательность латинских букв, цифр, специальных знаков (кроме пробел</li><li>3) , которая всегда должна начинаться с латинской буквы</li><li>4) последовательность русских, латинских букв, начинающихся с латинской буквы и из специальных знаков, допускающая знак подчеркивания.</li></ul>'),
	(848, 181, 2, 'instruction', 7, '<p>6.14. Арифметические выражения состоят из:</p><ul><li>1) чисел</li><li>2) констант</li><li>3) команд MS-DOS</li><li>4) машинных команд</li><li>5) переменных</li><li>6) функций</li><li>7) круглых скобок</li><li>8) квадратных скобок.</li></ul><p>6.15. Переменная — это:</p><ul><li>1) служебное слово на языке QBASIC</li><li>2) область памяти, в которой хранится некоторое значение</li><li>3) значение регистра.</li></ul><p>6.16. Имя переменной — это:</p><ul><li>1) любая последовательность любых символов</li><li>2) последовательность латинских букв, цифр, специальных знаков (кроме пробел</li><li>3) , которая всегда должна начинаться с латинской буквы</li><li>4) последовательность русских, латинских букв, начинающихся с латинской буквы и из специальных знаков, допускающая знак подчеркивания.</li></ul>');
/*!40000 ALTER TABLE `lecture_element` ENABLE KEYS */;


-- Dumping structure for table int_ita_db.lecture_type
DROP TABLE IF EXISTS `lecture_type`;
CREATE TABLE IF NOT EXISTS `lecture_type` (
  `id` int(11) NOT NULL AUTO_INCREMENT,
  `image` varchar(255) NOT NULL,
  `title_ua` varchar(50) NOT NULL,
  `title_ru` varchar(50) NOT NULL,
  `title_en` varchar(50) NOT NULL,
  `short` varchar(5) NOT NULL,
  `description` varchar(255) NOT NULL,
  PRIMARY KEY (`id`)
) ENGINE=InnoDB AUTO_INCREMENT=5 DEFAULT CHARSET=utf8;

-- Dumping data for table int_ita_db.lecture_type: ~4 rows (approximately)
/*!40000 ALTER TABLE `lecture_type` DISABLE KEYS */;
INSERT INTO `lecture_type` (`id`, `image`, `title_ua`, `title_ru`, `title_en`, `short`, `description`) VALUES
	(1, 'lectureType.png', 'лекція/практика', 'лекция/практика', 'lecture/practice', 'л/п', ''),
	(2, 'exam.png', 'екзамен', 'экзамен', 'exam', 'екз', ''),
	(3, 'imp.png', 'індивідуальний модульний проект', 'индивидуальный модульный проект', 'module individual project', 'ІМП', ''),
	(4, 'kdp.png', 'командний дипломний проект', 'комадный модульный проект', 'diploma team project', 'КДП', '');
/*!40000 ALTER TABLE `lecture_type` ENABLE KEYS */;


-- Dumping structure for table int_ita_db.letters
DROP TABLE IF EXISTS `letters`;
CREATE TABLE IF NOT EXISTS `letters` (
  `id` int(11) NOT NULL AUTO_INCREMENT,
  `sender_id` int(11) NOT NULL,
  `addressee_id` int(11) NOT NULL,
  `theme` varchar(255) NOT NULL,
  `text_letter` text NOT NULL,
  `date` datetime NOT NULL,
  `status` tinyint(1) NOT NULL DEFAULT '0',
  PRIMARY KEY (`id`)
) ENGINE=InnoDB AUTO_INCREMENT=52 DEFAULT CHARSET=utf8;

-- Dumping data for table int_ita_db.letters: ~51 rows (approximately)
/*!40000 ALTER TABLE `letters` DISABLE KEYS */;
INSERT INTO `letters` (`id`, `sender_id`, `addressee_id`, `theme`, `text_letter`, `date`, `status`) VALUES
	(1, 22, 38, 'Заняття 4', 'Привіт1', '2015-06-21 21:36:58', 1),
	(2, 22, 39, 'bnbnb', 'bnbvnv', '2015-07-06 09:37:16', 0),
	(3, 22, 38, 'vbv  bvnvbnbnb', 'bnbnbnvbnb ffgggfgf cbggffhg dhghgfhg fghghgh fggngffhgh', '2015-07-06 09:38:01', 1),
	(4, 22, 38, 'hjk', 'fhj', '2015-07-06 09:39:46', 1),
	(5, 22, 38, 'gdfgfdg', '                         gg', '2015-07-06 09:51:28', 1),
	(6, 22, 38, '                g', '        g   ', '2015-07-06 09:51:46', 1),
	(7, 38, 39, 'dghfm', 'cnvbnbvm', '2015-07-06 10:15:09', 0),
	(8, 38, 39, 'ggn,vhmjhkhkkkkkkkkkkkkkkkkkkkkkkkkkkkkkkkkkkkkkkkkkjjjjjjjjjjjjjjjjjjjjjjjjhhhh', 'hhhhhhhhhhhhhhhhhhhhhhhhhhhhhhhhhhhhhhhhhhhhhhhhhhhhhhhhhhhhhhhhhhhhhhhhhhhhhhhhhhhhhhhhhhhhhhhhhhhhhhhhhhhhhhhhhhhhhhhhhhhhhhgggggggggggggggggggggggggggggggggggggggggggggggggggggggggggggggggggggggggggggggggggggggggggggggggggggggggggggggggggggggggggggggggggggggggggggggggggggggggggggggggggggggggggggggggbbbbbbbbbbbbbbbbbbbbbbbbbbbbbbbbbbbbbbbbbbbbbbbbbbbbbbbbbbbbbbbbbbbbbbbbbbbbbbbbbbbbbbbbbbbbbbbbbbbbbbbbbbbbbbbbbbbbbbbbbbbbbbbbbbbbbbbbbbbbbbbbbbbbbbbbbbbbbbbbbbbbbbbbbbbbbbbbbbbbbbbbbbbbbbbbbbbbbbbbbbbbbbbbbbbbbbbbbbbbbbbbbbbbbbbbbbmmmmmmmmmmmmmmmmmmmmmmmmmmmmmmmmmmmmmmmmmmmmmmmmmmmmmmmmmmmmmmmm', '2015-07-06 10:16:05', 0),
	(9, 22, 38, 'bvbn', 'bbv', '2015-07-06 10:40:14', 1),
	(10, 22, 38, 'zzx xbvhm', 'fjfhjhjhfhfgghgfhghghghgghgfhghgfhghghghgghghgfbnbnb', '2015-07-06 14:01:17', 1),
	(11, 22, 39, 'kilj;l', 'hk;lj;k', '2015-07-07 08:37:02', 0),
	(12, 56, 38, '222', '1111', '2015-07-08 10:12:25', 1),
	(13, 38, 40, 'rr', 'eewewr', '2015-07-08 17:48:53', 0),
	(14, 38, 22, 'zzx xbvhm', 'ujuuyu', '2015-07-08 17:49:43', 1),
	(15, 22, 38, 'zzx xbvhm', 'аптртрь', '2015-07-09 06:30:26', 1),
	(16, 38, 22, 'Заняття 4', 'bvvmn,m.,', '2015-07-09 06:37:51', 1),
	(17, 38, 22, 'zzx xbvhm', 'chmghmgjk,', '2015-07-09 11:57:24', 1),
	(18, 38, 56, '222', ' nmb,b,', '2015-07-09 11:57:32', 0),
	(19, 22, 47, 'jghgjfghfhg', 'jhfgfgh', '2015-07-10 11:50:36', 0),
	(20, 22, 41, 'etthrjy', 'tsyj', '2015-07-10 11:50:43', 0),
	(21, 45, 50, '!!!!!!!!!!!!!!!!!!!!!!!!!!', '!!!!!!!!!!!!!!!!!!!!!!!!!!!!!!!!!!!!!!!!!!!!!!!', '2015-07-10 18:25:13', 0),
	(22, 22, 38, 'zzx xbvhm', 'ruytu', '2015-07-11 13:36:02', 1),
	(23, 22, 40, 'yuyuy', 'tyuyut', '2015-07-11 13:36:11', 1),
	(24, 22, 110, 'hgfhfhgfhfhh', 'ouytfghfhg', '2015-07-15 17:09:02', 0),
	(25, 38, 38, 'fbff', 'fdfgfg', '2015-07-15 17:41:55', 1),
	(26, 106, 110, 'hg', 'nm', '2015-07-16 08:43:40', 0),
	(27, 40, 38, 'hgjhgn', 'khjgjh', '2015-07-16 08:49:53', 1),
	(28, 40, 22, 'yuyuy', 'khgjghfh', '2015-07-16 08:50:08', 0),
	(29, 38, 38, 'mj', 'jkj', '2015-07-20 13:46:46', 0),
	(30, 38, 38, 'енр', 'нрн', '2015-07-20 13:52:08', 1),
	(31, 38, 38, 'иь', 'ро', '2015-07-20 13:58:37', 1),
	(32, 38, 39, 'в', 'в', '2015-07-20 14:01:31', 0),
	(33, 38, 38, 'иь', 'вав', '2015-07-20 14:01:47', 0),
	(34, 38, 39, 'bn', 'bn', '2015-07-21 06:13:55', 0),
	(35, 38, 38, ' m', ' nkm', '2015-07-21 08:52:56', 0),
	(36, 38, 38, 'енр', 'cgjhk', '2015-07-21 08:53:15', 0),
	(37, 49, 38, 'Тест', 'тест', '2015-07-21 12:06:20', 0),
	(38, 52, 38, 'ghgh', 'ggh', '2015-07-21 19:07:26', 0),
	(39, 52, 40, 'gggggggggggggggggggggggggggggggggggggggggggggggggggggggggggggggggggggggggggggggg', 'f', '2015-07-21 19:07:41', 0),
	(40, 52, 38, 'формулы сокращенного умножения и разложения на множители формулы сокращенного ум', 'в', '2015-07-21 19:12:22', 0),
	(41, 52, 38, 'формулысокращенногоумноженияиразложениянамножителиформулысокращенногоумноженияир', 'арп', '2015-07-21 19:13:42', 0),
	(42, 121, 39, 'авпрпр', 'аааааааааааааааааааааааааааааааааааааааввввввввввввввввввввввввввииииииииииииииииииииииииииииииииииииииииииииииииииииииииииииииииииииииииииииииииииииииииоооооооооооооооооооооооооооооооооооооооооооооооооооооооонннннннннннннннннннннннннннннннннннннннннннннннннннннннннннннккккккккккккккккккккккккккккккккккккккккккккккккккккккккккккккккккккккккккккккккккккккккккуууууууууууууууууууууууууууууууууууууууууууууууууууууууууууууууууууууууууууууууууууууууууууууууууууууууууууууууууууууууууууууууупппппппппппппппппппппппппппппппппппппппппппппппппппппппппппппппппппппппппппппппппппппппппппппппппппппппппппппппппппппппппппппппппппппппппппппппппплллллллллллллллллллллллллллллллллллллллллллллллллллллллллллллллллллллллллллллллллльььььььььььььььььььььььььььььььььььььььььььььььььььььььььььььььььььььььььььььььььььььььььььььььььььььььььььььььььдддддддддддддддддддддддддддддддддддддддддддддддддддддддддддддддддддддддддддддддддддддддддддддддддддддддддддддддддддддддддддддддддддддддддддддддддддддчччччччччччччччччччччччччччччччччччччччччччччччччччччччччччччччччччччччччччччььььььььььььььььььььььььььььььььььььььььььььььььььььььььссссссссссссссссссссссссссссссссссссссссссссссссссссссссссссссссссссссссссссссссссссссссссссссссссссссссссссссссссссссссссссссссссссссссссссссссссссссссссссссссссссссссссссссссссссссссссссссссссссссссссссссжжжжжжжжжжжжжжжжжжжжжжжжжжжжжжжжжжжжжжжжжжжжжжжжжжжжжжжжжжжжжжжжжжжжжжжжжжжжжжжжжжжжжжжжжжжжжжжжжжжжжжжжжжжжжжжжжжжжжжжжжжжжжжжжжжжжжжжжжжжжжжжжжжжжжжжжжжжжжжжжжжжжжжжжжжжжжжжжжжжжжжжжжжжжжжжжжжжжжжжжжжжжжцццццццццццццццццццццццццццццццццццццццццццццццццццццццццццццццццццццццццццццццццццццццццццццццццццццццццццццццццццццццццццццццццццццццццццццццццццццццццццццььььььььььььььььььььььььььььььььььььььььььььььььььььььььььььььььььььььььььффффффффффффффффффффффффффффффффффффффффффффффффффффффффффффффффффффффффффффффффффффффффффффффффффффффффффффффффффффффффффффффффффффффффффффффффффффффффффффффффффффффффззззззззззззззззззззззззззззззззззззззззззззззззззззззззззззззззззззззззззззззззззззззззззззззззззззззззззззззззззззззззззззззззззззззззззззззззззззззззззззззззззззззззззззззззззззззззззззззззззззззззззззззззззззззззззззззззззззззззззззззззззззззззззззззззззззззкккккккккккккккккккккккккккккккккккккккккккккккккккккккккккккккккккккккккккккккккккккккккккккккккккккккккккккккккккккккккккккккккккккккккккккккккккккккккккккккккккккккккккккккккккккккккккккккккккккккккккеееееееееееееееееееееееееееееееееееееееееееееееееееееееееееееееееееееееееееееееееееееееееееееееееееееееееееееееееееееееееееееееееееееееееееееееееееееееееееееееееееееееееееееееееееееееееееееееееееееееееееееееееееееееееееееееееееееееееееееееееееееееееееееееееееееееееееееееееееееееееееееееееееееееееееееееееееееееееаааааааааааааааааааааааааааааааааааааааааааааааааааааааааааааааааааааааааааааааааааааааааааааааааааааааааааааааааааааааааааааааааааааа', '2015-07-22 08:33:07', 0),
	(43, 121, 39, 'рспиь', 'сссссссссссссссссссссссссссссссссссссссссссссссссссссссссссссссссссссссссссссссссссссссссссссссссссссссссссссссссссссссссссссссссссссссссссссссссссссссссссссссссссссссссссссссссссссссссссссссссс', '2015-07-22 08:33:41', 0),
	(44, 121, 41, 'мрьбиьбтью', 'мллллллллллллллллллллллллллллллллллллллллллллллитиииимисмисмсти', '2015-07-22 08:33:54', 0),
	(45, 38, 38, '111', '111', '2015-07-22 17:04:13', 0),
	(46, 38, 38, 'и', 'м', '2015-07-24 13:45:41', 0),
	(47, 22, 40, 'hgchmnm', 'kgkjkh,kh', '2015-07-27 10:15:48', 0),
	(48, 22, 38, 'zzx xbvhm', 'fhmj', '2015-07-27 10:16:00', 1),
	(49, 121, 40, ' hvm', 'ghk', '2015-07-27 13:49:07', 0),
	(50, 129, 40, 'спсвравчр', 'рлаппв', '2015-07-29 10:53:58', 0),
	(51, 129, 40, 'влнол', 'вглнвгл', '2015-07-29 10:54:09', 0);
/*!40000 ALTER TABLE `letters` ENABLE KEYS */;


-- Dumping structure for table int_ita_db.mainpage
DROP TABLE IF EXISTS `mainpage`;
CREATE TABLE IF NOT EXISTS `mainpage` (
  `id` int(11) NOT NULL,
  `language` varchar(6) NOT NULL,
  `title` varchar(100) NOT NULL,
  `sliderHeader` varchar(50) NOT NULL,
  `sliderText` varchar(255) NOT NULL,
  `category` varchar(32) NOT NULL,
  `message` varchar(50) NOT NULL,
  `sliderTextureURL` varchar(255) NOT NULL,
  `sliderLineURL` varchar(255) NOT NULL,
  `sliderButtonText` varchar(20) NOT NULL,
  `header1` varchar(50) NOT NULL,
  `subLineImage` varchar(255) NOT NULL,
  `subheader1` varchar(100) NOT NULL,
  `arrayBlocks` varchar(10) NOT NULL,
  `header2` varchar(50) NOT NULL,
  `subheader2` varchar(100) NOT NULL,
  `arraySteps` varchar(10) NOT NULL,
  `stepSize` varchar(10) NOT NULL,
  `linkName` varchar(20) NOT NULL,
  `hexagon` varchar(255) NOT NULL,
  `formHeader1` varchar(50) NOT NULL,
  `formHeader2` varchar(50) NOT NULL,
  `regText` varchar(50) NOT NULL,
  `buttonStart` varchar(50) NOT NULL,
  `socialText` varchar(50) NOT NULL,
  `imageNetwork` varchar(255) NOT NULL,
  `formFon` varchar(255) NOT NULL,
  PRIMARY KEY (`id`)
) ENGINE=InnoDB DEFAULT CHARSET=utf8;

-- Dumping data for table int_ita_db.mainpage: ~1 rows (approximately)
/*!40000 ALTER TABLE `mainpage` DISABLE KEYS */;
INSERT INTO `mainpage` (`id`, `language`, `title`, `sliderHeader`, `sliderText`, `category`, `message`, `sliderTextureURL`, `sliderLineURL`, `sliderButtonText`, `header1`, `subLineImage`, `subheader1`, `arrayBlocks`, `header2`, `subheader2`, `arraySteps`, `stepSize`, `linkName`, `hexagon`, `formHeader1`, `formHeader2`, `regText`, `buttonStart`, `socialText`, `imageNetwork`, `formFon`) VALUES
	(0, 'ua', 'INTITA', 'ПРОГРАМУЙ  МАЙБУТНЄ', 'Не упусти свій шанс змінити світ - отримай якісну та сучасну освіту і стань класним спеціалістом!', 'mainpage', 'PROGRAM FUTURE', '/css/images/slider_img/texture.png', '/css/images/slider_img/line.png', 'ПОЧАТИ', 'Про нас', 'line1.png', 'дещо, що Вам потрібно знати про наші курси', '1', 'Як проводиться навчання?', 'далі пояснення як ви будете вчитися крок за кроком', '1', '958px', 'детальніше ...', 'hexagon.png', 'Готові розпочати?', 'Введіть дані в форму нижче', 'розширена реєстрація', 'ПОЧАТИ', 'Ви можете також зареєструватися через соцмережі:', 'networking.png', 'formFon.png');
/*!40000 ALTER TABLE `mainpage` ENABLE KEYS */;


-- Dumping structure for table int_ita_db.messages
DROP TABLE IF EXISTS `messages`;
CREATE TABLE IF NOT EXISTS `messages` (
  `id_record` int(10) NOT NULL AUTO_INCREMENT,
  `id` int(11) NOT NULL,
  `language` varchar(16) NOT NULL,
  `translation` text NOT NULL,
  PRIMARY KEY (`id_record`),
  KEY `FK_messages_sourcemessages` (`id`)
) ENGINE=InnoDB AUTO_INCREMENT=1861 DEFAULT CHARSET=utf8;

-- Dumping data for table int_ita_db.messages: ~1 843 rows (approximately)
/*!40000 ALTER TABLE `messages` DISABLE KEYS */;
INSERT INTO `messages` (`id_record`, `id`, `language`, `translation`) VALUES
	(2, 2, 'ua', 'Про нас'),
	(3, 3, 'ua', 'Як розпочати навчання?'),
	(4, 4, 'ua', 'детальніше ...'),
	(5, 5, 'ua', 'ПРОГРАМУЙ МАЙБУТНЄ!'),
	(6, 6, 'ua', 'Важлива інформація про навчання разом з нами'),
	(7, 7, 'ua', 'П’ять кроків до здійснення твоїх мрій'),
	(8, 8, 'ua', 'ПОЧАТИ  />'),
	(9, 9, 'ua', 'Реєстрація в один клік'),
	(10, 10, 'ua', 'Введіть дані в форму нижче'),
	(11, 11, 'ua', 'розширена реєстрація'),
	(12, 12, 'ua', 'Зареєструватись через соцмережі'),
	(13, 13, 'ua', 'ПОЧАТИ />'),
	(14, 14, 'ua', 'Електронна пошта'),
	(15, 15, 'ua', 'Пароль'),
	(16, 16, 'ua', 'Курси'),
	(17, 17, 'ua', 'Форум'),
	(18, 18, 'ua', 'Про нас'),
	(19, 19, 'ua', 'Вхід'),
	(20, 20, 'ua', 'Вихід'),
	(21, 21, 'ua', 'Викладачі'),
	(22, 22, 'ua', 'Вихід'),
	(23, 23, 'ua', 'телефон:  +38 0432 52 82 67'),
	(24, 24, 'ua', 'тел. моб. +38 067 431 20 10'),
	(25, 25, 'ua', 'ел. пошта: intita.hr@gmail.com'),
	(26, 26, 'ua', 'скайп: int.ita'),
	(27, 27, 'ua', 'Ми гарантуємо тобі отримання пропозиції працевлаштування<br>\r\nпісля успішного завершення навчання!'),
	(28, 28, 'ua', 'Не упусти свій шанс змінити світ - отримай якісну та сучасну освіту<br>\r\nі стань класним спеціалістом!'),
	(29, 29, 'ua', 'Один рік наполегливого та цікавого навчання - і ти станеш професійним програмістом<br>\r\nготовим працювати в індустрії інформаційних технологій!\r\n'),
	(30, 30, 'ua', 'Хочеш стати висококласним спеціалістом? Приймай вірне рішення - навчайся разом з нами!<br>\r\nМи працюємо на результат!'),
	(31, 31, 'ua', 'Не втрачай свій шанс на творчу, цікаву, гідну та перспективну працю –<br>\r\n плануй своє професійне майбутнє вже сьогодні!'),
	(32, 32, 'ua', 'Про що мрієш ти?'),
	(33, 33, 'ua', 'Навчання майбутнього'),
	(34, 34, 'ua', 'Важливі питання'),
	(35, 35, 'ua', 'Можливо, це свобода жити\r\nсвоїм життям? Самостійно керувати\r\nвласним часом з можливістю\r\nзаробляти, улюбленою справою\r\nі отримувати задоволення\r\nвід сучасної професії?'),
	(36, 36, 'ua', 'На відміну від традиційних\r\nзакладів, ми навчаємо \r\nне задля оцінок. Ми працюємо\r\nіндивідуально з кожним \r\nстудентом, щоб досягти 100%\r\nзасвоєння необхідних знань.'),
	(37, 37, 'ua', 'Ми пропонуємо кожному\r\nнашому випускнику гарантоване\r\nотримання пропозиції\r\nпрацевлаштування протягом 4-6-ти\r\nмісяців після успішного\r\nзавершення навчання.'),
	(38, 38, 'ua', 'Реєстрація на сайті'),
	(39, 39, 'ua', 'Вибір курсу чи модуля'),
	(40, 40, 'ua', 'Проплата за навчання'),
	(41, 41, 'ua', 'Освоєння матеріалу'),
	(42, 42, 'ua', 'Завершення курсу'),
	(43, 43, 'ua', 'крок'),
	(44, 44, 'ua', 'Щоб отримати доступ до курсів та пройти безкоштовні модулі і заняття зареєструйся на сайті. Реєстрація дозволить тобі оцінити якість та зручність нашого продукту, який стане для тебе надійним партнером і порадником в професійній самореалізації.'),
	(45, 45, 'ua', 'Щоб стати спеціалістом певного напрямку та рівня (отримати професійну спеціалізацію), вибери для проходження відповідний курс. Якщо Тебе цікавить виключно поглиблення знань в певному напрямку інформаційних технологій, то вибери відповідний модуль для проходження.'),
	(46, 46, 'ua', 'Щоб розпочати проходження курсу чи модуля вибери схему оплати (вся сума за курс, оплата модулів, оплата потриместрово, помісячно тощо) та здійсни оплату зручним Тобі способом (схему оплати курсу чи модуля можна змінювати, також можлива помісячна оплата в кредит).'),
	(47, 47, 'ua', 'Вивчення матеріалу можливе шляхом читання тексту чи/і перегляду відео для кожного заняття.\r\nПід час проходження заняття виконуй Проміжні тестові завдання. По завершенню кожного заняття виконуй Підсумкове тестове завдання. Кожен модуль завершується Індивідуальним проектом чи Екзаменом. 	Можна отримати індивідуальну консультацію викладача чи консультацію онлайн.'),
	(48, 48, 'ua', 'Підсумком курсу є Командний дипломний проект, який виконується разом з іншими студентами (склад команди формуєш самостійно чи рекомендує тренер, який затверджує тему і технічне завдання проекту). Здача проекту передбачає передзахист та захист в он-лайн режимі із представленням технічної документації. Після захисту видається диплом та рекомендація для стажування чи працевлаштування.'),
	(49, 49, 'ua', 'Головна'),
	(50, 50, 'ua', 'Курси'),
	(51, 51, 'ua', 'Про нас'),
	(52, 52, 'ua', 'Викладачі'),
	(53, 53, 'ua', 'Форум'),
	(54, 54, 'ua', 'Профіль'),
	(55, 55, 'ua', 'Редагувати профіль'),
	(56, 56, 'ua', 'Реєстрація'),
	(57, 57, 'ua', 'Профіль викладача'),
	(58, 58, 'ua', 'Наші викладачі'),
	(59, 59, 'ua', 'персональна сторінка'),
	(60, 60, 'ua', 'Якщо ви професійний ІТ-шник і бажаєте викладати окремі ІТ теми чи модулі і співпрацювати з нами в напрямку підготовки програмістів, напишіть нам листа.'),
	(61, 61, 'ua', 'Веде модулі:'),
	(62, 62, 'ua', 'Читати повністю'),
	(63, 63, 'ua', 'Відгуки'),
	(64, 64, 'ua', 'Розділ:'),
	(65, 65, 'ua', 'Про викладача:'),
	(66, 66, 'ua', 'Наші курси'),
	(67, 67, 'ua', 'Концепція підготовки'),
	(68, 68, 'ua', 'Рівень курсу:'),
	(69, 69, 'ua', 'Мови курсу:'),
	(70, 70, 'ua', 'Курс:'),
	(71, 71, 'ua', 'мова:'),
	(72, 72, 'ua', 'Модуль:'),
	(73, 73, 'ua', 'Заняття'),
	(74, 74, 'ua', 'Тип:'),
	(75, 75, 'ua', 'Тривалість:'),
	(76, 76, 'ua', 'хв'),
	(77, 77, 'ua', 'Викладач'),
	(78, 78, 'ua', 'детальніше'),
	(79, 79, 'ua', 'Запланувати консультацію'),
	(80, 80, 'ua', 'Зміст'),
	(81, 81, 'ua', 'показати'),
	(82, 82, 'ua', 'приховати'),
	(83, 83, 'ua', 'Відео'),
	(84, 84, 'ua', 'Зразок коду'),
	(85, 85, 'ua', 'Інструкція'),
	(86, 86, 'ua', 'Завдання'),
	(87, 87, 'ua', 'переглянути знову попереднє заняття'),
	(88, 88, 'ua', 'НАСТУПНЕ ЗАНЯТТЯ />'),
	(89, 89, 'ua', 'Відповісти'),
	(90, 90, 'ua', 'Підсумкове завдання'),
	(91, 91, 'ua', 'Увійти/зареєструватись через соцмережі'),
	(92, 92, 'ua', 'Забули пароль?'),
	(93, 93, 'ua', 'УВІЙТИ />'),
	(94, 94, 'ua', 'Стан курсу: '),
	(95, 95, 'ua', 'Профіль студента'),
	(96, 96, 'ua', 'Редагувати </br> профіль'),
	(97, 97, 'ua', ' років'),
	(98, 98, 'ua', ' рік'),
	(99, 99, 'ua', ' роки'),
	(100, 100, 'ua', 'Про себе:'),
	(101, 101, 'ua', 'Електронна пошта:'),
	(102, 102, 'ua', 'Телефон:'),
	(103, 103, 'ua', 'Освіта:'),
	(104, 104, 'ua', 'Інтереси:'),
	(105, 105, 'ua', 'Звідки дізнався про Вас:'),
	(106, 106, 'ua', 'Форма навчання:'),
	(107, 107, 'ua', 'Завершені курси:'),
	(108, 108, 'ua', 'Мої курси'),
	(109, 109, 'ua', 'Розклад'),
	(110, 110, 'ua', 'Консультації'),
	(111, 111, 'ua', 'Екзамени'),
	(112, 112, 'ua', 'Проекти'),
	(113, 113, 'ua', 'Мій рейтинг'),
	(114, 114, 'ua', 'Завантаження'),
	(115, 115, 'ua', 'Листування'),
	(116, 116, 'ua', 'Мої оцінювання'),
	(117, 117, 'ua', 'Фінанси'),
	(118, 118, 'ua', 'Поточний курс:'),
	(119, 119, 'ua', 'Незавершений курс:'),
	(120, 120, 'ua', 'Завершений курс:'),
	(121, 121, 'ua', 'Необхідно здійснити наступну проплату до'),
	(122, 122, 'ua', 'Сума проплати:'),
	(123, 123, 'ua', ' грн'),
	(124, 124, 'ua', 'Індивідуальний модульний проект'),
	(125, 125, 'ua', 'Командний дипломний проект'),
	(126, 126, 'ua', 'Тип'),
	(127, 127, 'ua', 'Дата'),
	(128, 128, 'ua', 'Час'),
	(129, 129, 'ua', 'Викладач'),
	(130, 130, 'ua', 'Тема'),
	(131, 131, 'ua', 'Е'),
	(132, 132, 'ua', 'К'),
	(133, 133, 'ua', 'ІМП'),
	(134, 134, 'ua', 'КДП'),
	(135, 135, 'ua', ' сильний початківець'),
	(136, 136, 'ua', ' українська'),
	(137, 137, 'ua', 'Випускники'),
	(138, 138, 'ua', 'Вибачте, Ви не можете переглядати цю лекцію. Щоб отримати доступ до цієї лекції, зареєструйтесь або увійдіть у свій аккаунт.'),
	(139, 139, 'ua', 'Вибачте, Ви не можете переглядати цю лекцію. Щоб отримати доступ до цієї лекції, увійдіть у свій аккаунт та оплатіть доступ до лекції.'),
	(140, 140, 'ua', 'Для початківців'),
	(141, 141, 'ua', 'Для спеціалістів'),
	(142, 142, 'ua', 'Для експертів'),
	(143, 143, 'ua', 'Усі курси'),
	(144, 144, 'ua', 'знижка'),
	(145, 145, 'ua', 'Оцінка:'),
	(146, 146, 'ua', 'детальніше ...'),
	(147, 147, 'ua', 'Вартість: '),
	(148, 148, 'ua', 'Спочатку навчання створюється стійкий фундамент для підготовки програмістів: необхідні знання елементарної математики, будови комп’ютера і основ програмування.'),
	(149, 149, 'ua', '<p>Потім вивчаються основні принципи програмування на базі класичних комп&rsquo;ютерних наук і методологій: алгоритмічна мова;елементи вищої та дискретної математики і комбінаторики; структури даних, розробка і аналіз алгоритмів.                                 \r\n<p>Після чого формується база для переходу до сучасних технологій програмування: об’єктно-орієнтоване програмування; проектування баз даних.\r\n<p>Завершення процесу підготовки шляхом конкретного застосування отриманих знань на реальних проектах із засвоєнням сучасних методів і технологій, які використовуються в ІТ індустрії компаніями.'),
	(150, 1, 'en', 'INTITA'),
	(151, 2, 'en', 'About us'),
	(152, 3, 'en', 'How to start learning?'),
	(153, 4, 'en', 'Read more...'),
	(154, 5, 'en', 'PROGRAM THE FUTURE'),
	(155, 6, 'en', 'Find out more about studying with us '),
	(156, 7, 'en', 'Five steps to make your dreams true.'),
	(157, 8, 'en', 'START />'),
	(158, 9, 'en', 'One click registration'),
	(159, 10, 'en', 'Fill out the form below:'),
	(160, 11, 'en', 'extended registration'),
	(161, 12, 'en', 'Sign up with social networks'),
	(162, 13, 'en', 'START />'),
	(163, 14, 'en', 'Email'),
	(164, 15, 'en', 'password'),
	(165, 16, 'en', 'Courses'),
	(166, 17, 'en', 'Forum'),
	(167, 18, 'en', 'About us'),
	(168, 19, 'en', 'log in'),
	(169, 20, 'en', 'log out'),
	(170, 21, 'en', 'Teachers'),
	(171, 22, 'en', 'log out'),
	(172, 23, 'en', 'phone: +38 0432 52 82 67'),
	(173, 24, 'en', 'cell phone: +38 067 431 20 10'),
	(174, 25, 'en', 'e-mail: intita.hr@gmail.com'),
	(175, 26, 'en', 'skype: int.ita'),
	(176, 27, 'en', 'We guarantee you will receive offers of employment <br> after the successful completion of the course!\r\n'),
	(177, 28, 'en', 'Don`t miss your chance to change the world! Get up-to-date quality education<br> and become a professional programmer!'),
	(178, 29, 'en', 'A year of persistent but interesting learning is enough to become a professional programmer<br>\r\nready to work in the  field of information technology!'),
	(179, 30, 'en', 'Would you like to become a highly qualified programmer? Make the right decision,<br> join us for learning! We aim for results!'),
	(180, 31, 'en', 'Don`t lose the chance to find creative, interesting and perspective work,<br>\r\nplan your future today!'),
	(181, 32, 'en', 'What do you dream about?'),
	(182, 33, 'en', 'Education of the  future'),
	(183, 34, 'en', 'Notice:'),
	(184, 35, 'en', 'Perhaps, it is the freedom to live your own way of life?\r\nManage your time and \r\nearn  good money by  doing what you like \r\nand enjoy\r\nmodern profession?'),
	(185, 36, 'en', 'Unlike traditional schools	                             \r\nwe teach not for  the sake of good marks.                                  \r\nWe work individually   	                                 \r\nwith each student to help him/her get                          \r\n100% of sufficient  knowledge he/she needs.'),
	(186, 37, 'en', 'We guarantee all our graduates will have an internship and offers of employment during 4-6 months after successful course completion…'),
	(187, 38, 'en', 'Register on the site'),
	(188, 39, 'en', 'Choosing a course or a module'),
	(189, 40, 'en', 'Payment for study'),
	(190, 41, 'en', 'Learning the material'),
	(191, 42, 'en', 'Ending the course'),
	(192, 43, 'en', 'step'),
	(193, 44, 'en', 'To get access to the course, free modules and classes you may register on the site.\r\nRegistration enables you to try quality and convenience of our product, which  will be your  reliable partner and professional  adviser.'),
	(194, 45, 'en', 'To gain competence in definite direction and level (to get professional specialization) you may \r\nselect an appropriate course. If you are interested only in deepening your knowledge of certain IT area, choose appropriate module for studying.'),
	(195, 46, 'en', 'Before you start a course or a  module select one of the payment methods (full course payment, payment for each module, payment for each trimester, monthly payment, loan  payment  etc.) or  pay in convenient for YOU  way (you can change the payment scheme, loan monthly payment is possible).'),
	(196, 47, 'en', 'You can learn the material by either  reading the text or/and watching the video of each lesson. You may do Intermediate test assignments during the lessons. You may do Final test assignment after each lesson. Each module ends with Individual project or Exam. Besides we provide individual or online consultations.'),
	(197, 48, 'en', 'Team capstone  project is a summary of the course, you will do it together with other students (you may form the team  by yourself or it can be recommended by your supervisor, who claims  \r\nthe theme and specification of your project). There are two stages of defending the project,  previous \r\ndefense and online defense,  you should also   provide  technical documentation for your project. After  completing and defending the project you get a diploma and internship or  employment recommendations.'),
	(198, 49, 'en', 'Home'),
	(199, 50, 'en', 'Courses'),
	(200, 51, 'en', 'About us'),
	(201, 52, 'en', 'Teachers'),
	(202, 53, 'en', 'Forum'),
	(203, 54, 'en', 'Profile'),
	(204, 55, 'en', 'Edit profile'),
	(205, 56, 'en', 'Registration'),
	(206, 57, 'en', 'Teacher profile'),
	(207, 58, 'en', 'Our teachers'),
	(208, 59, 'en', 'personal <br>page'),
	(209, 60, 'en', 'If you are an expert in IT and want to teach IT material or modules and collaborate with us on  educating future   programmers, contact us...'),
	(210, 61, 'en', 'His/her modules'),
	(211, 62, 'en', 'Read more'),
	(212, 63, 'en', 'Students reviews'),
	(213, 64, 'en', 'Section:'),
	(214, 65, 'en', 'About the teacher:'),
	(215, 66, 'en', 'Our courses'),
	(216, 67, 'en', 'The concept of learning with INTITA'),
	(217, 68, 'en', 'Level: '),
	(218, 69, 'en', 'Languages: '),
	(219, 70, 'en', 'Course:'),
	(220, 71, 'en', 'lang:'),
	(221, 72, 'en', 'Module:'),
	(222, 73, 'en', 'Lecture '),
	(223, 74, 'en', 'Type:'),
	(224, 75, 'en', 'Duration:'),
	(225, 76, 'en', 'min'),
	(226, 77, 'en', 'Teacher'),
	(227, 78, 'en', 'more'),
	(228, 79, 'en', 'Plan consultation'),
	(229, 80, 'en', 'Content'),
	(230, 81, 'en', 'show'),
	(231, 82, 'en', 'hide'),
	(232, 83, 'en', 'Videos'),
	(233, 84, 'en', 'Sample code'),
	(234, 85, 'en', 'Instruction'),
	(235, 86, 'en', 'Task'),
	(236, 87, 'en', 'review the previous lesson'),
	(237, 88, 'en', 'NEXT LECTURE />'),
	(238, 89, 'en', 'Reply'),
	(239, 90, 'en', 'Final task'),
	(240, 91, 'en', 'Social login/Sign up with social networks'),
	(241, 92, 'en', 'Forget password?'),
	(242, 93, 'en', 'SIGN IN />'),
	(243, 94, 'en', 'Course availability:'),
	(244, 95, 'en', 'Student Profile'),
	(245, 96, 'en', 'Edit </br> profile'),
	(246, 97, 'en', ' years'),
	(247, 98, 'en', ' year'),
	(248, 99, 'en', ' years'),
	(249, 100, 'en', 'About myself:'),
	(250, 101, 'en', 'Email:'),
	(251, 102, 'en', 'Phone:'),
	(252, 103, 'en', 'Education:'),
	(253, 104, 'en', 'Interests:'),
	(254, 105, 'en', 'Where learned you:'),
	(255, 106, 'en', 'Learning:'),
	(256, 107, 'en', 'Completion of the course:'),
	(257, 108, 'en', 'My courses'),
	(258, 109, 'en', 'Timetable'),
	(259, 110, 'en', 'Consultation'),
	(260, 111, 'en', 'Exams'),
	(261, 112, 'en', 'Projects'),
	(262, 113, 'en', 'My rating'),
	(263, 114, 'en', 'Downloads'),
	(264, 115, 'en', 'Correspondence'),
	(265, 116, 'en', 'My assessment'),
	(266, 117, 'en', 'Finances'),
	(267, 118, 'en', 'Current course:'),
	(268, 119, 'en', 'Unfinished course:'),
	(269, 120, 'en', 'Completed course:'),
	(270, 121, 'en', 'Please make the following payments to'),
	(271, 122, 'en', 'Amount of payment:'),
	(272, 123, 'en', ' UAH'),
	(273, 124, 'en', 'Individual modular project'),
	(274, 125, 'en', 'Team thesis project'),
	(275, 126, 'en', 'Type'),
	(276, 127, 'en', 'Date'),
	(277, 128, 'en', 'Time'),
	(278, 129, 'en', 'Teacher'),
	(279, 130, 'en', 'Theme'),
	(280, 131, 'en', 'E'),
	(281, 132, 'en', 'C'),
	(282, 133, 'en', 'IMP'),
	(283, 134, 'en', 'TTP'),
	(284, 135, 'en', ' strong junior'),
	(285, 136, 'en', ' ukrainian'),
	(286, 137, 'en', 'Alumni'),
	(287, 138, 'en', 'Sorry, you couldn\\\'t view this lecture.Please login for getting access to this material.'),
	(288, 139, 'en', 'Sorry, you couldn\\\'t view this lecture.\r\nYou don\\\'t have access to this lecture.\r\nPlease go to your profile and pay access.'),
	(289, 140, 'en', 'For beginners'),
	(290, 141, 'en', 'For professionals'),
	(291, 142, 'en', 'For experts'),
	(292, 143, 'en', 'All courses'),
	(293, 144, 'en', 'discount'),
	(294, 145, 'en', 'Сourse rate:'),
	(295, 146, 'en', 'details ...'),
	(296, 147, 'en', 'Price:'),
	(297, 148, 'en', 'We start with fundamental skills required to become a programmer: needed knowledge of Elementary Math, Computer Architecture and Programming basics.'),
	(298, 149, 'en', '<P>Then we teach the main principles of programming based on classical computer science and methodology, algorithmic language, higher and discrete math elements and combinatorics, data structure and algorithm development and analyses.\r\n<P>After that we form the basis for learning modern programming technologies like object-oriented programming and database designing\r\n<P>Ultimately, the acquired knowledge is implemented in real projects which include modern methods and technologies which IT companies use.'),
	(299, 1, 'ru', 'INTITA'),
	(300, 2, 'ru', 'О нас'),
	(301, 3, 'ru', 'Как проходит обучение?'),
	(302, 4, 'ru', 'далее ...'),
	(303, 5, 'ru', 'ПРОГРАММИРУЙ БУДУЩЕЕ'),
	(304, 6, 'ru', 'Важная информация про обучение вместе с нами'),
	(305, 7, 'ru', 'Пять шагов к исполнения твоих желаний'),
	(306, 8, 'ru', 'НАЧАТЬ  />'),
	(307, 9, 'ru', 'Готовы начать?'),
	(308, 10, 'ru', 'Введите данные в форму ниже'),
	(309, 11, 'ru', 'расширенная регистрация'),
	(310, 12, 'ru', 'Регистрация через соцсети'),
	(311, 13, 'ru', 'НАЧАТЬ />'),
	(312, 14, 'ru', 'Электронная почта'),
	(313, 15, 'ru', 'Пароль'),
	(314, 16, 'ru', 'Курсы'),
	(315, 17, 'ru', 'Форум'),
	(316, 18, 'ru', 'О нас'),
	(317, 19, 'ru', 'Вход'),
	(318, 20, 'ru', 'Выход'),
	(319, 21, 'ru', 'Преподаватели'),
	(320, 22, 'ru', 'Выход'),
	(321, 23, 'ru', 'телефон: +38 0432 52 82 67 '),
	(322, 24, 'ru', 'тел. моб. +38 067 431 20 10'),
	(323, 25, 'ru', 'эл. почта: intita.hr@gmail.com'),
	(324, 26, 'ru', 'скайп: int.ita'),
	(325, 27, 'ru', 'Мы гарантируем получение предложения работы<br>\r\nпосле успешного завершения обучения!'),
	(326, 28, 'ru', 'Хочешь стать классным специалистом?<br>\r\nпринимай правильное решение - поступай в IТ Академию  ИНТИТА!'),
	(327, 29, 'ru', 'Один год упорного и интересного обучения - и ты станешь проессиональным программистом.<br>\r\nУчиться тяжело -зато легко найти работу!'),
	(328, 30, 'ru', 'Не упускай свой шанс на достойную и интересную работу - <br>\r\nпрограммируй свое будущее уже сегодня!'),
	(329, 31, 'ru', 'Текст на пятой картинке слайдера'),
	(330, 32, 'ru', 'О чем ты мечтаешь?'),
	(331, 33, 'ru', 'Обучение будущего'),
	(332, 34, 'ru', 'Вопросы'),
	(333, 35, 'ru', 'Может, это возможность жить своей жизнью? Самостоятельно распоряжаться своим временем с возможностью зарабатывать, занимаясь любимым делом и получать удовольстие от современной профессии?'),
	(334, 36, 'ru', 'В отличие от традиционных заведений, мы не учим ради оценок. Мы индивидуально работаем с каждым студентом, чтобы достичь 100% усвоения необходимых знаний.'),
	(335, 37, 'ru', 'Мы предлагаем каждому выпускнику гарантированное получение предложения работы в течении 4-6-ти месяцев после успешного завершения обучения.'),
	(336, 38, 'ru', 'Регистрация на сайте'),
	(337, 39, 'ru', 'Выбор курса или модуля'),
	(338, 40, 'ru', 'Оплата'),
	(339, 41, 'ru', 'Изучение материала'),
	(340, 42, 'ru', 'Завершение курса'),
	(341, 43, 'ru', 'шаг'),
	(342, 44, 'ru', 'Чтобы получить доступ к курсам и пройти бесплатные модули и занятия зарегистрируйся на сайте. Регистрация позволит тебе оценить качество и удобство нашего продукт , который станет для тебя надежным партнером и советчиком в профессиональной самореализации.'),
	(343, 45, 'ru', 'Чтобы стать специалистом определенного направления и уровня ( получить профессиональную специализацию ) выбери для прохождения соответствующий курс . Если Тебя интересует исключительно углубления знаний в определенном направлении информационных технологий , то выбери соответствующий модуль для прохождения .'),
	(344, 46, 'ru', 'Чтобы начать прохождении курса модуля выбери схему оплаты ( вся сумма за курс , оплата модулей , оплата потриместрово , помесячно и т.д.) и исполни оплату удобным Тебе способом ( схему оплаты курса или модуля можно изменять , также возможна помесячная оплата в кредит ) .'),
	(345, 47, 'ru', 'Изучать материал возможно путем чтения текста и/или просмотра видео для каждого занятия. Во время прохождения занятия решай Промежуточные тестовые задания. По завершению каждого занятия решай Финальное тестовое задание. Каждый модуль завершается И ндивидуальным проектом или Экзаменом. Можно получить индивидуальную консультацию преподавателя или консультацию онлайн.'),
	(346, 48, 'ru', 'Завершением курса есть Командный дипломный проект, который исполняется вместе с другими студентами (склад команды формируешь самостоятельно или рекондует тренер, который утверждает тему и техническое задание проекта). Сдача проекта предусматривает предзащиту и защиту в онлайн-режиме с представлением техдокументации. После защиты выдается диплом и рекомендация для трудоустройства. '),
	(347, 49, 'ru', 'Главная'),
	(348, 50, 'ru', 'Курсы'),
	(349, 51, 'ru', 'О нас'),
	(350, 52, 'ru', 'Преподаватели'),
	(351, 53, 'ru', 'Форум'),
	(352, 54, 'ru', 'Профиль'),
	(353, 55, 'ru', 'Редактировать профиль'),
	(354, 56, 'ru', 'Регистрация'),
	(355, 57, 'ru', 'Профиль преподавателя'),
	(356, 58, 'ru', 'Наши преподаватели'),
	(357, 59, 'ru', 'персональная страница'),
	(358, 60, 'ru', 'Если Вы профессиональный ІТ-шник и хотите преподавать некоторые ІТ курсы и сотрудничать с нами в подготовке программистов, напишите нам письмо.'),
	(359, 61, 'ru', 'Ведет модули:'),
	(360, 62, 'ru', 'Читать полностью'),
	(361, 63, 'ru', 'Отзывы'),
	(362, 64, 'ru', 'Раздел:'),
	(363, 65, 'ru', 'О преподавателе:'),
	(364, 66, 'ru', 'Наши курсы'),
	(365, 67, 'ru', 'Концепция подготовки'),
	(366, 68, 'ru', 'Уровень курса:'),
	(367, 69, 'ru', 'Языки курса:'),
	(368, 70, 'ru', 'Курс:'),
	(369, 71, 'ru', 'язык:'),
	(370, 72, 'ru', 'Модуль:'),
	(371, 73, 'ru', 'Занятие '),
	(372, 74, 'ru', 'Тип:'),
	(373, 75, 'ru', 'Время:'),
	(374, 76, 'ru', 'мин'),
	(375, 77, 'ru', 'Преподаватель'),
	(376, 78, 'ru', 'детальнее'),
	(377, 79, 'ru', 'Запланировать консультацию'),
	(378, 80, 'ru', 'Содержание'),
	(379, 81, 'ru', 'показать'),
	(380, 82, 'ru', 'скрыть'),
	(381, 83, 'ru', 'Видео'),
	(382, 84, 'ru', 'Пример кода'),
	(383, 85, 'ru', 'Инструкция'),
	(384, 86, 'ru', 'Задание'),
	(385, 87, 'ru', 'просмотреть снова предыдущее занятие'),
	(386, 88, 'ru', 'СЛЕДУЮЩЕЕ ЗАНЯТИЕ />'),
	(387, 89, 'ru', 'Ответить'),
	(388, 90, 'ru', 'Итоговое задание'),
	(389, 91, 'ru', 'Войти/зарегистрироваться через соцсети'),
	(390, 92, 'ru', 'Забыли пароль?'),
	(391, 93, 'ru', 'ВОЙТИ />'),
	(392, 94, 'ru', 'Статус курса: '),
	(393, 95, 'ru', 'Профиль студента'),
	(394, 96, 'ru', 'Редактировать </br> профиль'),
	(395, 97, 'ru', ' лет'),
	(396, 98, 'ru', ' год'),
	(397, 99, 'ru', ' года'),
	(398, 100, 'ru', 'Про себя:'),
	(399, 101, 'ru', 'Электронная почта:'),
	(400, 102, 'ru', 'Телефон:'),
	(401, 103, 'ru', 'Образование:'),
	(402, 104, 'ru', 'Интересы:'),
	(403, 105, 'ru', 'Откуда узнал о Вас:'),
	(404, 106, 'ru', 'Форма обучения:'),
	(405, 107, 'ru', 'Завершенные курсы:'),
	(406, 108, 'ru', 'Мои курсы'),
	(407, 109, 'ru', 'Расписание'),
	(408, 110, 'ru', 'Консультации'),
	(409, 111, 'ru', 'Экзамены'),
	(410, 112, 'ru', 'Проекты'),
	(411, 113, 'ru', 'Мой рейтинг'),
	(412, 114, 'ru', 'Загрузки'),
	(413, 115, 'ru', 'Переписка'),
	(414, 116, 'ru', 'Мои оценки'),
	(415, 117, 'ru', 'Финансы'),
	(416, 118, 'ru', 'Текущий курс:'),
	(417, 119, 'ru', 'Незавершенный курс:'),
	(418, 120, 'ru', 'Завершен курс:'),
	(419, 121, 'ru', 'Необходимо осуществить следующую проплату до'),
	(420, 122, 'ru', 'Сумма оплаты:'),
	(421, 123, 'ru', ' грн'),
	(422, 124, 'ru', 'Индивидуальный модульный проект'),
	(423, 125, 'ru', 'Командный дипломный проект'),
	(424, 126, 'ru', 'Тип'),
	(425, 127, 'ru', 'Дата'),
	(426, 128, 'ru', 'Время'),
	(427, 129, 'ru', 'Преподаватель'),
	(428, 130, 'ru', 'Тема'),
	(429, 131, 'ru', 'Э'),
	(430, 132, 'ru', 'К'),
	(431, 133, 'ru', 'ИМП'),
	(432, 134, 'ru', 'КДП'),
	(433, 135, 'ru', ' начинающий сильный'),
	(434, 136, 'ru', ' украинский'),
	(435, 137, 'ru', 'Выпускники'),
	(436, 138, 'ru', 'Извините, Вы не можете просматривать эту лекцию. Пожалуйста, зарестрируйтесь для доступа к этой лекции.'),
	(437, 139, 'ru', 'Извините, Вы не можете просматривать эту лекцию. Вы не имеете доступа к этой лекции. Пожалуйста, зайдите в свой аккаунт и оплатите доступ.'),
	(438, 140, 'ru', 'Для начинающих'),
	(439, 141, 'ru', 'Для специалистов'),
	(440, 142, 'ru', 'Для экспертов'),
	(441, 143, 'ru', 'Все курсы'),
	(442, 144, 'ru', 'скидка'),
	(443, 145, 'ru', 'Оценка:'),
	(444, 146, 'ru', 'детальнее ...'),
	(445, 147, 'ru', 'Стоимость:'),
	(446, 148, 'ru', 'В начале обучения формируется стойкий фундамент для подготовки программистов: необходимые знания элементарной математики, устройства компьютера и основ информатики.'),
	(447, 149, 'ru', '<p>Потом изучаются основные принципы программирования на базе классических компьютерних наук и методологий: алгоритмический язык; элементы высшей и дискретной математики, комбинаторики; структуры данных, разработка и анализ алгоритмов.\r\n<P> После чего формируется база для перехода к современным технологиям программирования: объектно-ориентированное программирование; проектирования баз данных.\r\n<P> Завершением процесса подготовки есть конкретное применение полученных знаний на реальных проектах с усвоением современных методов и технологий, используемых в ИТ индустрии компаниями.'),
	(448, 150, 'ua', 'Персональні дані'),
	(449, 150, 'ru', 'Персональные данные'),
	(450, 150, 'en', 'Personal info'),
	(451, 151, 'ua', 'Студент'),
	(452, 151, 'ru', 'Студент'),
	(453, 151, 'en', 'Student'),
	(454, 152, 'ua', 'введіть в форматі дд/мм/рррр'),
	(455, 152, 'ru', 'введите в формате дд/мм/гггг'),
	(456, 152, 'en', 'enter as dd/mm/yyyy'),
	(457, 153, 'ua', 'введіть Ваші інтереси (через кому)'),
	(458, 153, 'ru', 'введите Ваши интересы (через запятую)'),
	(459, 153, 'en', 'enter Your interests '),
	(460, 154, 'ua', 'звідки Ви про нас дізналися?'),
	(461, 154, 'en', 'where you hear about us?'),
	(462, 154, 'ru', 'откуда Вы о нас узнали?'),
	(463, 155, 'ua', 'ВІДПРАВИТИ />'),
	(464, 155, 'ru', 'ОТПРАВИТЬ />'),
	(465, 155, 'en', 'SEND />'),
	(466, 156, 'ua', 'Завантажити фото профілю'),
	(467, 156, 'ru', 'Загрузить фото профиля'),
	(468, 156, 'en', 'Download your profile avatar'),
	(469, 157, 'ua', 'ВИБЕРІТЬ ФАЙЛ'),
	(470, 157, 'ru', 'ВЫБЕРИТЕ ФАЙЛ'),
	(471, 157, 'en', 'CHOOSE FILE'),
	(472, 158, 'ua', 'Розмір фото до 5 Mб'),
	(473, 158, 'ru', 'Размер фото до 5 Mб'),
	(474, 158, 'en', 'Photo size to 5 Mб'),
	(475, 159, 'ua', 'Файл не вибрано...'),
	(476, 159, 'ru', 'Файл не выбран...'),
	(477, 159, 'en', 'The file is not selected'),
	(478, 160, 'ua', 'Ім\'я'),
	(479, 160, 'ru', 'Имя'),
	(480, 160, 'en', 'Name'),
	(481, 161, 'ua', 'Роль'),
	(482, 161, 'ru', 'Роль'),
	(483, 161, 'en', 'Role'),
	(484, 162, 'ua', 'Прізвище'),
	(485, 162, 'ru', 'Фамилия'),
	(486, 162, 'en', 'Last name'),
	(487, 163, 'ua', 'Нік'),
	(488, 163, 'ru', 'Ник'),
	(489, 163, 'en', 'Nickname'),
	(490, 164, 'ua', 'Дата народження'),
	(491, 164, 'ru', 'Дата рождения'),
	(492, 164, 'en', 'Date of birth'),
	(493, 165, 'ua', 'Телефон'),
	(494, 165, 'ru', 'Телефон'),
	(495, 165, 'en', 'Phone'),
	(496, 166, 'ua', 'Адреса'),
	(497, 166, 'ru', 'Адрес'),
	(498, 166, 'en', 'Address'),
	(499, 167, 'ua', 'Освіта'),
	(500, 167, 'ru', 'Образование'),
	(501, 167, 'en', 'Education'),
	(502, 168, 'ua', 'Форма навчання'),
	(503, 168, 'ru', 'Форма обучения'),
	(504, 168, 'en', 'Education form'),
	(505, 169, 'ua', 'Захоплення'),
	(506, 169, 'ru', 'Увлечения'),
	(507, 169, 'en', 'Interests'),
	(508, 170, 'ua', 'Про себе'),
	(509, 170, 'ru', 'О себе'),
	(510, 170, 'en', 'About myself'),
	(511, 171, 'ua', 'Пароль'),
	(512, 171, 'ru', 'Пароль'),
	(513, 171, 'en', 'Password'),
	(514, 172, 'ua', 'Повтор пароля'),
	(515, 172, 'ru', 'Повтор пароля'),
	(516, 172, 'en', 'Repeat password'),
	(517, 173, 'ua', 'ЗБЕРЕГТИ'),
	(518, 173, 'ru', 'СОХРАНИТЬ'),
	(519, 173, 'en', 'SAVE'),
	(520, 174, 'ua', 'Ім\'я'),
	(521, 174, 'ru', 'Имя'),
	(522, 174, 'en', 'Name'),
	(523, 175, 'ua', 'Прізвище'),
	(524, 175, 'ru', 'Фамилия'),
	(525, 175, 'en', 'Last name'),
	(526, 176, 'ua', 'Вік'),
	(527, 176, 'ru', 'Возраст'),
	(528, 176, 'en', 'Age'),
	(529, 177, 'ua', 'Освіта'),
	(530, 177, 'ru', 'Образование'),
	(531, 177, 'en', 'Education'),
	(532, 178, 'ua', 'Телефон'),
	(533, 178, 'ru', 'Телефон'),
	(534, 178, 'en', 'Phone'),
	(535, 179, 'ua', 'Які курси Ви готові викладати'),
	(536, 179, 'ru', 'Какие курсы Вы готовы преподавать'),
	(537, 179, 'en', 'What courses you ready to teach '),
	(538, 180, 'ua', 'Відправити'),
	(539, 180, 'ru', 'Отправить'),
	(540, 180, 'en', 'Send'),
	(541, 181, 'ua', 'Відгуки студентів про викладача:'),
	(542, 181, 'ru', 'Отзывы студентов о преподавателе:'),
	(543, 181, 'en', 'Guest students of the teacher:'),
	(544, 182, 'ua', 'Середня оцінка: '),
	(545, 182, 'ru', 'Средний балл:'),
	(546, 182, 'en', 'Average rate:'),
	(547, 183, 'ua', 'Знання: '),
	(548, 183, 'ru', 'Знания:'),
	(549, 183, 'en', 'Knowledge:'),
	(550, 184, 'ua', 'Ефективність: '),
	(551, 184, 'ru', 'Эффективность:'),
	(552, 184, 'en', 'Efficiency:'),
	(553, 185, 'ua', 'Відношення до студента: '),
	(554, 185, 'ru', 'Отношение к студенту:'),
	(555, 185, 'en', 'Relationship to student:'),
	(556, 186, 'ua', 'Оцінка: '),
	(557, 186, 'ru', 'Оценка:'),
	(558, 186, 'en', 'Rating:'),
	(559, 187, 'ua', 'Твій відгук'),
	(560, 187, 'ru', 'Твой отзыв'),
	(561, 187, 'en', 'Your review:'),
	(562, 188, 'ua', 'Ваша оцінка'),
	(563, 188, 'ru', 'Ваша оценка'),
	(564, 188, 'en', 'Your rate'),
	(565, 189, 'ua', 'Знання викладача:'),
	(566, 189, 'ru', 'Знания преподавателя:'),
	(567, 189, 'en', 'Teacher knowledge:'),
	(568, 190, 'ua', 'Ефективність: '),
	(569, 190, 'ru', 'Эффективность:'),
	(570, 190, 'en', 'Efficiency:'),
	(571, 191, 'ua', 'Ставлення до студента:'),
	(572, 191, 'ru', 'Отношение к студенту:'),
	(573, 191, 'en', 'Relationship to student:'),
	(574, 192, 'ua', 'Відправити'),
	(575, 192, 'ru', 'Отправить'),
	(576, 192, 'en', 'Send'),
	(577, 193, 'ua', 'Рівень: '),
	(578, 193, 'ru', 'Уровень:'),
	(579, 193, 'en', 'Level:'),
	(580, 194, 'ua', 'Тривалість: '),
	(581, 194, 'ru', 'Длительность:'),
	(582, 194, 'en', 'Course duration:'),
	(583, 195, 'ua', 'Відгуків немає.'),
	(584, 195, 'ru', 'Отзывов нет.'),
	(585, 195, 'en', 'There are not any reviews.'),
	(586, 196, 'ua', 'Схеми проплат'),
	(587, 196, 'ru', 'Схемы оплаты'),
	(588, 196, 'en', 'Ways of pay'),
	(589, 197, 'ua', 'Ціна за весь курс наперід:'),
	(590, 197, 'ru', 'Цена за весь курс наперед:'),
	(591, 197, 'en', 'Advance payment  for the whole course:'),
	(592, 198, 'ua', 'проплати за курс:'),
	(593, 198, 'ru', 'оплаты за курс:'),
	(594, 198, 'en', ' payments of'),
	(595, 199, 'ua', 'проплати за курс:'),
	(596, 199, 'ru', 'оплаты за курс:'),
	(597, 199, 'en', 'pays for course:'),
	(598, 200, 'ua', 'помісячно:'),
	(599, 200, 'ru', 'ежемесячно:'),
	(600, 200, 'en', '12 monthly payments of'),
	(601, 201, 'ua', 'кредит на 2 роки:'),
	(602, 201, 'ru', 'кредит на 2 года:'),
	(603, 201, 'en', '2 year loan:'),
	(604, 202, 'ua', 'кредит на 3 роки:'),
	(605, 202, 'ru', 'кредит на 3 года:'),
	(606, 202, 'en', '3-year-loan'),
	(607, 203, 'ua', 'Оцінка: '),
	(608, 203, 'ru', 'Оценка:'),
	(609, 203, 'en', 'Course rate: '),
	(610, 204, 'ua', 'Для кого:'),
	(611, 204, 'ru', 'Для кого:'),
	(612, 204, 'en', 'For whom:'),
	(613, 205, 'ua', 'Чому Ти навчишся?'),
	(614, 205, 'ru', 'Чему Ты научишься?'),
	(615, 205, 'en', 'Why do you learn ?'),
	(616, 206, 'ua', 'Що Ти отримаєш?'),
	(617, 206, 'ru', 'Что ты получишь?'),
	(618, 206, 'en', 'What you get?'),
	(619, 207, 'ua', 'Викладачі'),
	(620, 207, 'ru', 'Преподаватели'),
	(621, 207, 'en', 'Teachers'),
	(622, 208, 'ua', 'Модуль'),
	(623, 208, 'ru', 'Модуль'),
	(624, 208, 'en', 'Module'),
	(625, 209, 'ua', 'орієнтовно'),
	(626, 209, 'ru', 'около'),
	(627, 209, 'en', 'approximately'),
	(628, 210, 'ua', 'знижка'),
	(629, 210, 'ru', 'скидка'),
	(630, 210, 'en', 'discount'),
	(631, 211, 'ua', 'Модуль:'),
	(632, 211, 'ru', 'Модуль:'),
	(633, 211, 'en', 'Module:'),
	(634, 212, 'ua', 'Заняття:'),
	(635, 212, 'ru', 'Занятие:'),
	(636, 212, 'en', 'lectures'),
	(637, 213, 'ua', 'Тривалість:'),
	(638, 213, 'ru', 'Длительность:'),
	(639, 213, 'en', 'Duration:'),
	(640, 214, 'ua', 'Рівень:'),
	(641, 214, 'ru', 'Уровень:'),
	(642, 214, 'en', 'Level:'),
	(643, 215, 'ua', 'Тривалість:'),
	(644, 215, 'ru', 'Длительность:'),
	(645, 215, 'en', 'Duration:'),
	(646, 216, 'ua', 'занять'),
	(647, 216, 'ru', 'занятий'),
	(648, 216, 'en', 'lessons'),
	(649, 217, 'ua', 'орієнтовно'),
	(650, 217, 'ru', 'ориентировочно'),
	(651, 217, 'en', 'approximately'),
	(652, 218, 'ua', 'міс.'),
	(653, 218, 'ru', 'мес.'),
	(654, 218, 'en', 'monthly'),
	(655, 219, 'ua', 'год./день'),
	(656, 219, 'ru', 'ч./день'),
	(657, 219, 'en', 'hours/a day'),
	(658, 220, 'ua', 'дні/тиждень'),
	(659, 220, 'ru', 'дня/неделю'),
	(660, 220, 'en', 'days/a week'),
	(661, 221, 'ua', 'Вартість:'),
	(662, 221, 'ru', 'Cтоимость:'),
	(663, 221, 'en', 'Cost:'),
	(664, 222, 'ua', 'грн.'),
	(665, 222, 'ru', 'грн.'),
	(666, 222, 'en', 'UAH'),
	(667, 223, 'ua', 'в межах курсу'),
	(668, 223, 'ru', 'в рамках курса'),
	(669, 223, 'en', 'within a year'),
	(670, 224, 'ua', 'Оцінка:'),
	(671, 224, 'ru', 'Оценка:'),
	(672, 224, 'en', 'Module rate:'),
	(673, 225, 'ua', 'Заняття модуля'),
	(674, 225, 'ru', 'Занятия модуля'),
	(675, 225, 'en', 'Lessons of module'),
	(676, 227, 'ua', 'Викладач:'),
	(677, 227, 'ru', 'Преподаватель:'),
	(678, 227, 'en', 'Teacher:'),
	(679, 228, 'ru', 'персональная страница'),
	(680, 228, 'en', 'personal page'),
	(681, 228, 'ua', 'персональна сторінка'),
	(682, 226, 'ru', 'Занятие'),
	(683, 226, 'en', 'Lecture'),
	(684, 226, 'ua', 'Заняття'),
	(685, 229, 'ua', '<p>Потім вивчаються основні принципи програмування на базі класичних комп’ютерних наук і методологій, алгоритмічна мова, eлементи вищої та дискретної математики і комбінаторики, структури даних, розробка і аналіз алгоритмів." +                                  "<p>Після чого формується база для переходу до сучасних технологій програмування об’єктно-орієнтоване програмування, проектування баз даних." +                                   "<p>Завершення процесу підготовки шляхом конкретного застосування отриманих знань на реальних проектах із засвоєнням сучасних методів і технологій, які використовуються в ІТ індустрії компаніями.'),
	(686, 229, 'ru', '<P>Затем изучаются основные принципы программирования на базе классических компьютерных наук и методологий, алгоритмический язык, eлементы высшей и дискретной математики и комбинаторики, структуры данных, разработка и анализ алгоритмов."+\r\n                                  "<P>После чего формируется база для перехода к современным технологиям программирования объектно-ориентированное программирование, проектирование баз данных." +\r\n                                   "<P>Завершение процесса подготовки путем конкретного применения полученных знаний на реальных проектах с усвоением современных методов и технологий, используемых в ИТ индустрии компаниями.'),
	(687, 229, 'en', '<P> Then we study the basic principles of programming based on classic computer books sciences and methodologies algorithmic language, elements of higher and discrete mathematics and combinatorics; data structures, design and analysis of algorithms. "+\r\n                                  "<P> After that formed the basis for the transition to modern programming technologies, object-oriented programming, database design." +\r\n                                   "<P> Completion of training by specific application of knowledge to real projects with the assimilation of modern methods and technologies used in IT industry companies.'),
	(688, 230, 'ua', 'розробляється'),
	(689, 230, 'ru', 'в разработке'),
	(690, 230, 'en', 'coming soon'),
	(691, 231, 'ua', 'доступний'),
	(692, 231, 'ru', 'доступен'),
	(693, 231, 'en', 'available'),
	(694, 232, 'ua', 'стажер'),
	(695, 232, 'ru', 'стажер'),
	(696, 232, 'en', 'intern'),
	(697, 233, 'ua', 'початківець'),
	(698, 233, 'ru', 'начинающий'),
	(699, 233, 'en', 'junior'),
	(700, 234, 'ua', 'сильний початківець'),
	(701, 234, 'ru', 'начинающий сильный'),
	(702, 234, 'en', 'strong junior'),
	(703, 235, 'ua', 'середній'),
	(704, 235, 'ru', 'средний'),
	(705, 235, 'en', 'middle'),
	(706, 236, 'ua', 'високий'),
	(707, 236, 'ru', 'высокий'),
	(708, 236, 'en', 'senior'),
	(709, 241, 'ua', 'Профіль викладача'),
	(710, 241, 'ru', 'Профиль преподавателя'),
	(711, 241, 'en', 'Teacher profile'),
	(712, 246, 'ua', 'Ім\'я або id Vkontakte'),
	(713, 246, 'ru', 'Имя или id Vkontakte'),
	(714, 245, 'en', 'Id on LinkedIn (for example in / username)'),
	(715, 247, 'ua', 'Ім\'я или id профиля Twitter'),
	(716, 247, 'ru', 'Имя профиля Twitter'),
	(717, 254, 'ua', 'Мої розрахунки'),
	(718, 254, 'ru', 'Мои расчеты'),
	(719, 254, 'en', 'My finance'),
	(720, 255, 'ua', 'Проплати:'),
	(721, 255, 'ru', 'Проплаты:'),
	(722, 255, 'en', 'Payment:'),
	(723, 256, 'ua', 'проплачені повністю'),
	(724, 256, 'ru', 'проплаченные полностью'),
	(725, 256, 'en', 'are paid completely'),
	(726, 257, 'ua', 'проплачені частково'),
	(727, 257, 'ru', 'проплаченные частично'),
	(728, 257, 'en', 'are paid partly'),
	(729, 247, 'en', 'Username Twitter'),
	(730, 248, 'ua', 'Змінити пароль'),
	(731, 248, 'ru', 'Изменить пароль'),
	(732, 248, 'en', 'Change password'),
	(733, 253, 'ua', 'Замовити </br>електронний </br>сертифікат'),
	(734, 253, 'ru', 'Заказать </ br> электронный </ br> сертификат'),
	(735, 253, 'en', 'Order </ br> e </ br> certificate'),
	(736, 249, 'ua', 'ЗБЕРЕГТИ />'),
	(737, 249, 'ru', 'СОХРАНИТЬ />'),
	(738, 249, 'en', 'SAVE />'),
	(739, 252, 'ua', 'Екзаменаційний проект'),
	(740, 252, 'ru', 'Экзаменационный проект'),
	(741, 252, 'en', 'Examination project'),
	(742, 250, 'ua', 'Модуль'),
	(743, 250, 'ru', 'Модуль'),
	(744, 250, 'en', 'Module'),
	(745, 251, 'ua', 'Екзамен'),
	(746, 251, 'ru', 'Экзамен'),
	(747, 251, 'en', 'Exam'),
	(748, 258, 'ua', 'Проплачено:'),
	(749, 258, 'ru', 'Проплачено:'),
	(750, 258, 'en', 'Paid for:'),
	(751, 259, 'ua', 'грн'),
	(752, 259, 'ru', 'грн'),
	(753, 259, 'en', 'UAH'),
	(754, 260, 'ua', 'Проплачені модулі:'),
	(755, 260, 'ru', 'Проплаченные модули:'),
	(756, 260, 'en', 'Bribed modules:'),
	(757, 261, 'ua', 'Сплатити зараз'),
	(758, 261, 'ru', 'Оплатить сейчас'),
	(759, 261, 'en', 'Pay now'),
	(760, 243, 'en', 'Username Facebook'),
	(761, 244, 'ua', 'Ім\'я або id профіля Google+'),
	(762, 244, 'ru', 'Имя или id профиля Google+'),
	(763, 244, 'en', 'Username or Id Google+ profile'),
	(764, 245, 'ua', 'Id на LinkedIn (наприклад in/username)'),
	(765, 245, 'ru', 'Id на LinkedIn (например in/username)'),
	(766, 262, 'ua', 'дд.мм.рррр'),
	(767, 262, 'ru', 'дд.мм.гггг'),
	(768, 262, 'en', 'dd.mm.yyyy'),
	(769, 263, 'ua', 'Діючий пароль'),
	(770, 263, 'ru', 'Действующий пароль'),
	(771, 263, 'en', 'Current password'),
	(772, 266, 'ua', 'Забули пароль?'),
	(773, 266, 'ru', 'Забыли пароль?'),
	(774, 266, 'en', 'Forgot your password?'),
	(775, 268, 'ua', 'Будь ласка заповніть поле'),
	(776, 268, 'ru', 'Пожалуйста заполните поле'),
	(777, 268, 'en', 'Please fill out the field'),
	(778, 269, 'ua', 'Паролі не співпадають'),
	(779, 269, 'ru', 'Пароли не совпадают'),
	(780, 269, 'en', 'Passwords do not match'),
	(781, 273, 'ua', 'Невірна електронна пошта або пароль'),
	(782, 273, 'ru', 'Неверная электронная почта или пароль'),
	(783, 273, 'en', 'Incorrect email or password'),
	(784, 274, 'ua', 'Невірний пароль'),
	(785, 274, 'ru', 'Неверный пароль'),
	(786, 274, 'en', 'Invalid password'),
	(787, 267, 'ua', 'ЗБЕРЕГТИ />'),
	(788, 267, 'ru', 'СОХРАНИТЬ />'),
	(789, 267, 'en', 'SAVE />'),
	(790, 264, 'ua', 'Новий пароль'),
	(791, 264, 'ru', 'Новый пароль'),
	(792, 264, 'en', 'New password'),
	(793, 265, 'ua', 'Повторіть новий пароль'),
	(794, 265, 'ru', 'Повторите новый пароль'),
	(795, 265, 'en', 'Repeat your new password'),
	(796, 242, 'ua', 'Електронна пошта'),
	(797, 242, 'ru', 'Электронная почта'),
	(798, 242, 'en', 'Email'),
	(799, 243, 'ua', 'Ім\'я користувача Facebook'),
	(800, 243, 'ru', 'Имя пользователя Facebook'),
	(801, 246, 'en', 'Username or Id Vkontakte'),
	(802, 270, 'ua', 'не може бути пустою'),
	(803, 270, 'ru', 'не может быть пустым'),
	(804, 270, 'en', 'can not be empty'),
	(805, 271, 'ua', 'Електронна пошта не являється правильною'),
	(806, 271, 'ru', 'Электронная почта не является правильной'),
	(807, 271, 'en', 'Email is incorrect'),
	(808, 272, 'ua', 'Електронна пошта уже зайнята'),
	(809, 272, 'ru', 'Электронная почта уже занята'),
	(810, 272, 'en', 'Email already occupied'),
	(811, 279, 'ua', 'ПОЧАТИ МОДУЛЬ />'),
	(812, 279, 'ru', 'НАЧАТЬ МОДУЛЬ />'),
	(813, 279, 'en', 'START MODULE />'),
	(814, 280, 'ua', 'ПОЧАТИ КУРС />'),
	(815, 280, 'ru', 'НАЧАТЬ КУРС />'),
	(816, 280, 'en', 'START THE COURSE />'),
	(817, 237, 'ru', 'Запрашиваемая страница не существует.'),
	(818, 237, 'en', 'The requested page does not exist.'),
	(819, 237, 'ua', 'Запрошена сторінка не існує.'),
	(820, 237, 'ru', 'Запрашиваемая страница не существует.'),
	(822, 237, 'ru', 'Запрашиваемая страница не существует.'),
	(824, 238, 'ua', 'Час дії посилання для відновлення паролю вичерпано.'),
	(825, 238, 'ru', 'Время действия ссылки для восстановления пароля исчерпан.'),
	(826, 238, 'en', 'Time for action restoration link exhausted.'),
	(827, 239, 'ua', 'Для відновлення паролю перейдіть по посиланню нижче:'),
	(828, 239, 'ru', 'Для восстановления пароля перейдите по ссылке ниже:'),
	(829, 239, 'en', 'To recover your password click on the link below:'),
	(830, 240, 'ua', 'Нажміть тут для відновлення паролю'),
	(831, 240, 'ru', 'Нажмите здесь для восстановления пароля'),
	(832, 240, 'en', 'Click here for password recovery'),
	(833, 238, 'ua', 'Час дії посилання для відновлення паролю вичерпано.'),
	(834, 238, 'ru', 'Время действия ссылки для восстановления пароля исчерпан.'),
	(836, 239, 'ua', 'Для відновлення паролю перейдіть по посиланню нижче:'),
	(837, 239, 'ru', 'Для восстановления пароля перейдите по ссылке ниже:'),
	(839, 240, 'ua', 'Нажміть тут для відновлення паролю'),
	(840, 240, 'ru', 'Нажмите здесь для восстановления пароля'),
	(842, 281, 'ua', 'Відновлення паролю'),
	(843, 281, 'ru', 'Восстановление пароля'),
	(844, 281, 'en', 'Password recovery'),
	(845, 282, 'ua', 'Підтвердження email'),
	(846, 282, 'ru', 'Подтверждение email'),
	(847, 282, 'en', 'Сonfirmation email'),
	(848, 283, 'ua', 'Для підтвердження email перейдіть по посиланню нижче:'),
	(849, 283, 'ru', 'Для подтверждения email перейдите по ссылке ниже:'),
	(850, 283, 'en', 'For confirmation email click on the link below:'),
	(851, 284, 'ua', 'Нажміть тут для підтвердження email'),
	(852, 284, 'ru', 'Нажмите здесь для подтверждения email'),
	(853, 284, 'en', 'Click here to confirm your email'),
	(854, 285, 'ua', 'Відновлення паролю'),
	(855, 285, 'ru', 'Восстановление пароля'),
	(856, 285, 'en', 'Password recovery'),
	(857, 286, 'ua', 'Зміна email'),
	(858, 286, 'ru', 'Смена email'),
	(859, 286, 'en', 'Change email'),
	(860, 287, 'ua', 'Вітаємо!'),
	(861, 287, 'ru', 'Поздравляем!'),
	(862, 287, 'en', 'Congratulations!'),
	(863, 288, 'ua', 'Ви успішно змінили пароль.'),
	(864, 288, 'ru', 'Вы успешно изменили пароль.'),
	(865, 288, 'en', 'You have successfully changed your password.'),
	(866, 289, 'ua', 'Відновлення паролю'),
	(867, 289, 'ru', 'Восстановление пароля'),
	(868, 289, 'en', 'Password recovery'),
	(869, 290, 'ua', 'Щоб відновити пароль, введіть свою електронну пошту нижче. На данну електронну пошту буде відправлено посиланням для відновлення паролю. Термін дії посилання 30 хв.'),
	(870, 290, 'ru', 'Чтобы восстановить пароль, введите свою электронную почту ниже. На эту электронную почту будет отправлено ссылкой для восстановления пароля. Срок действия ссылки 30 мин.'),
	(871, 290, 'en', 'To reset your password, enter your email below. In this e-mail will be sent a link to reset your password. The link 30 min.'),
	(872, 291, 'ua', 'ВІДПРАВИТИ />'),
	(873, 291, 'ru', 'ОТПРАВИТЬ />'),
	(874, 291, 'en', 'SEND />'),
	(875, 292, 'ua', 'Зміна email'),
	(876, 292, 'ru', 'Изменение email'),
	(877, 292, 'en', 'Changing email'),
	(878, 293, 'ua', 'Введіть нову електронну пошту в поле нижче.На дану електронну пошту буде відправлено посиланням для підтвердження дійсності адреси. Термін дії посилання 30 хв.'),
	(879, 293, 'ru', 'Введите новую электронную почту в поле ниже.На данную электронную почту будет отправлено ссылкой для подтверждения подлинности адреса. Срок действия ссылки 30 мин.'),
	(880, 293, 'en', 'Enter a new e-mail in this field below.Na email will be sent a link to confirm validity of the address. The link 30 min.'),
	(881, 294, 'ua', 'ВІДПРАВИТИ />'),
	(882, 294, 'ru', 'ОТПРАВИТЬ />'),
	(883, 294, 'en', 'SEND />'),
	(884, 295, 'ua', 'Змінити email'),
	(885, 295, 'ru', 'Изменить email'),
	(886, 295, 'en', 'Change email'),
	(887, 238, 'ua', 'Час дії посилання для відновлення паролю вичерпано.'),
	(888, 238, 'ru', 'Время действия ссылки для восстановления пароля исчерпан.'),
	(890, 239, 'ua', 'Для відновлення паролю перейдіть по посиланню нижче:'),
	(891, 239, 'ru', 'Для восстановления пароля перейдите по ссылке ниже:'),
	(893, 240, 'ua', 'Нажміть тут для відновлення паролю'),
	(894, 240, 'ru', 'Нажмите здесь для восстановления пароля'),
	(896, 281, 'ua', 'Відновлення паролю'),
	(897, 281, 'ru', 'Восстановление пароля'),
	(898, 281, 'en', 'Password recovery'),
	(899, 282, 'ua', 'Підтвердження email'),
	(900, 282, 'ru', 'Подтверждение email'),
	(901, 282, 'en', 'Сonfirmation email'),
	(902, 283, 'ua', 'Для підтвердження email перейдіть по посиланню нижче:'),
	(903, 283, 'ru', 'Для подтверждения email перейдите по ссылке ниже:'),
	(904, 283, 'en', 'For confirmation email click on the link below:'),
	(905, 284, 'ua', 'Нажміть тут для підтвердження email'),
	(906, 284, 'ru', 'Нажмите здесь для подтверждения email'),
	(907, 284, 'en', 'Click here to confirm your email'),
	(908, 285, 'ua', 'Відновлення паролю'),
	(909, 285, 'ru', 'Восстановление пароля'),
	(910, 285, 'en', 'Password recovery'),
	(911, 286, 'ua', 'Зміна email'),
	(912, 286, 'ru', 'Смена email'),
	(913, 286, 'en', 'Change email'),
	(914, 287, 'ua', 'Вітаємо!'),
	(915, 287, 'ru', 'Поздравляем!'),
	(916, 287, 'en', 'Congratulations!'),
	(917, 288, 'ua', 'Ви успішно змінили електронну пошту.'),
	(918, 288, 'ru', 'Вы успешно изменили email.'),
	(919, 288, 'en', 'You have successfully changed your email.'),
	(920, 289, 'ua', 'Відновлення паролю'),
	(921, 289, 'ru', 'Восстановление пароля'),
	(922, 289, 'en', 'Password recovery'),
	(923, 290, 'ua', 'Щоб відновити пароль, введіть свою електронну пошту нижче. На данну електронну пошту буде відправлено посилання для відновлення паролю. Термін дії посилання 30 хв.'),
	(924, 290, 'ru', 'Чтобы восстановить пароль, введите свою электронную почту ниже. На эту электронную почту будет отправлена ссылка для восстановления пароля. Срок действия ссылки 30 мин.'),
	(925, 290, 'en', 'To reset your password, enter your email below. In this e-mail will be sent a link to reset your password. The link 30 min.'),
	(926, 291, 'ua', 'ВІДПРАВИТИ />'),
	(927, 291, 'ru', 'ОТПРАВИТЬ />'),
	(928, 291, 'en', 'SEND />'),
	(929, 292, 'ua', 'Зміна email'),
	(930, 292, 'ru', 'Изменение email'),
	(931, 292, 'en', 'Changing email'),
	(932, 293, 'ua', 'Введіть нову електронну пошту в поле нижче.На дану електронну пошту буде відправлено посилання для підтвердження дійсності адреси. Термін дії посилання 30 хв.'),
	(933, 293, 'ru', 'Введите новую электронную почту в поле ниже.На данную электронную почту будет отправлена ссылка для подтверждения подлинности адреса. Срок действия ссылки 30 мин.'),
	(934, 293, 'en', 'Enter a new e-mail in this field below.Na email will be sent a link to confirm validity of the address. The link 30 min.'),
	(935, 294, 'ua', 'ВІДПРАВИТИ />'),
	(936, 294, 'ru', 'ОТПРАВИТЬ />'),
	(937, 294, 'en', 'SEND />'),
	(938, 295, 'ua', 'Змінити email'),
	(939, 295, 'ru', 'Изменить email'),
	(940, 295, 'en', 'Change email'),
	(941, 296, 'ua', 'Випускники'),
	(942, 296, 'ru', 'Выпускники'),
	(943, 296, 'en', 'Alumni'),
	(944, 297, 'ua', 'Наші випускники'),
	(945, 297, 'ru', 'Наши выпускники'),
	(946, 297, 'en', 'Our graduates'),
	(947, 298, 'ua', 'Дякуємо за реєстрацію!'),
	(948, 298, 'ru', 'Спасибо за регистрацию!'),
	(949, 298, 'en', 'Thanks for signing up!'),
	(950, 299, 'ua', 'Дякуємо за реєстрацію на сайті! Для активації Вашого облікового запису, будь ласка перейдіть за посиланням: '),
	(951, 299, 'ru', 'Thank you for registering on the site! To activate your account, please go to: '),
	(952, 299, 'en', 'Спасибо за регистрацию на сайте! Для активации учетной записи, пожалуйста перейдите по ссылке: '),
	(953, 300, 'ua', 'Ви ввели невірні дані.'),
	(954, 300, 'ru', 'Вы ввели неверные данные.'),
	(955, 300, 'en', 'You entered incorrect data.'),
	(956, 301, 'ua', 'Ви ввели не дійсну електронну адресу'),
	(957, 301, 'ru', 'You entered is not a valid email address'),
	(958, 301, 'en', 'Вы ввели недействительный электронный адрес'),
	(959, 302, 'ua', 'Розмір файла перевищує 5 Мб'),
	(960, 302, 'ru', 'Размер файла превышает 5 Мб'),
	(961, 302, 'en', 'File size exceeds 5 MB'),
	(962, 303, 'ua', 'Активація облікового запису'),
	(963, 303, 'ru', 'Активация учетной записи'),
	(964, 303, 'en', 'Account Activation'),
	(965, 304, 'ua', 'Ви успішно активували обліковий запис'),
	(966, 304, 'ru', 'Вы успешно активировали аккаунт'),
	(967, 304, 'en', 'You have successfully activated your account'),
	(968, 305, 'ua', 'Спасибі, тепер ваша реєстрація завершена. Щоб увійти на сайт під Вашим обліковим записом, введіть електронну пошту та пароль в формі Вхід.'),
	(969, 305, 'ru', 'Спасибо, теперь ваша регистрация завершена. Чтобы войти на сайт под вашей учетной записью, введите адрес электронной почты и пароль в форме Вход.'),
	(970, 305, 'en', 'Thank you, now your registration is complete. To enter the site under your account, enter your email and password in the login form.'),
	(971, 306, 'ua', 'Дякуємо за реєстрацію!'),
	(972, 306, 'ru', 'Спасибо за регистрацию!'),
	(973, 306, 'en', 'Thanks for signing up!'),
	(974, 307, 'ua', 'На адресу'),
	(975, 307, 'ru', 'На адрес'),
	(976, 307, 'en', 'Addressed'),
	(977, 308, 'ua', 'було відправлено листа з інструкціями щодо активації облікового запису. Після отримання листа по електронній пошті, ви ПОВИННІ відвідати URL, вказаний у листі, щоб активувати ваш аккаунт.'),
	(978, 308, 'ru', 'было отправлено письмо с инструкциями по активации аккаунта. После получения письма по электронной почте, вы ДОЛЖНЫ посетить URL, указанный в письме, чтобы активировать ваш аккаунт.'),
	(979, 308, 'en', 'was sent a letter with instructions to activate your account. After receiving an e-mail, you should visit URL, specified in the email to activate your account.'),
	(980, 309, 'ua', 'Зміна email'),
	(981, 309, 'ru', 'Изменение email'),
	(982, 309, 'en', 'Changing email'),
	(983, 310, 'ua', 'було відправлено листа з інструкціями процедури зміни email. Після отримання листа по електронній пошті, ВИ ПОВИННІ відвідати URL, вказаний у листі, щоб зміна email прошла успішно.'),
	(984, 310, 'ru', 'было отправлено письмо с инструкциями процедуры изменения email. После получения письма по электронной почте, ВЫ ДОЛЖНЫ посетить URL, указанный в письме, чтобы изменение email прошла успешно.'),
	(985, 310, 'en', 'sent a letter to the instructions procedures change email. After receiving an e-mail, you must visit the URL, specified in the letter to change email passed successfully.'),
	(986, 311, 'ua', 'Обліковий запис не активовано'),
	(987, 311, 'ru', 'Аккаунт не активирован'),
	(988, 311, 'en', 'Your account is not activated'),
	(989, 312, 'ua', 'Спочатку активуйте обліковий запис'),
	(990, 312, 'ru', 'Сначала активируйте аккаунт'),
	(991, 312, 'en', 'First activate account'),
	(992, 313, 'ua', 'Перед тим як увійти на сайт, активуйте Ваш обліковий запис. Лист з активацією був відправлений на електронну пошту:'),
	(993, 313, 'ru', 'Перед тем как войти на сайт, активируйте Ваш аккаунт. Письмо с активацией был отправлен на электронную почту:'),
	(994, 313, 'en', 'Before you sign activate your account. The letter was sent with the activation e-mail:'),
	(995, 314, 'ua', 'Зміна паролю'),
	(996, 314, 'ru', 'Изменение пароля'),
	(997, 314, 'en', 'Password Reset'),
	(998, 315, 'ua', 'було відправлено листа з інструкціями процедури зміни паролю. Після отримання листа по електронній пошті, ВИ ПОВИННІ відвідати URL, вказаний у листі, щоб змінити пароль.'),
	(999, 315, 'ru', 'было отправлено письмо с инструкциями процедуры смены пароля. После получения письма по электронной почте, ВЫ ДОЛЖНЫ посетить URL, указанный в письме, чтобы изменить пароль.'),
	(1000, 315, 'en', 'sent a letter with procedure instructions to reset your password. After receiving an e-mail, you must visit the URL, specified in the email to reset your password.'),
	(1001, 422, 'ua', 'У даному занятті ще нічого немає ('),
	(1002, 422, 'ru', 'В данном занятии еще ничего нет ('),
	(1003, 315, 'ru', 'было отправлено письмо с инструкциями процедуры смены пароля. После получения письма по электронной почте, ВЫ ДОЛЖНЫ посетить URL, указанный в письме, чтобы изменить пароль.'),
	(1004, 315, 'en', 'sent a letter with procedure instructions to reset your password. After receiving an e-mail, you must visit the URL, specified in the email to reset your password.'),
	(1005, 422, 'en', 'There are not any content in this lecture ('),
	(1009, 316, 'en', 'Position:'),
	(1010, 316, 'ua', 'Посада:'),
	(1011, 316, 'ru', 'Должность:'),
	(1012, 317, 'en', 'Place of work:'),
	(1013, 317, 'ua', 'Місце роботи:'),
	(1014, 317, 'ru', 'Место работы:'),
	(1015, 318, 'en', 'Completed by him/her:'),
	(1016, 318, 'ua', 'Курс закінчив:'),
	(1017, 318, 'ru', 'Курс закончил:'),
	(1018, 319, 'en', 'Rating:'),
	(1019, 319, 'ua', 'Рейтинг:'),
	(1020, 319, 'ru', 'Рейтинг:'),
	(1021, 320, 'en', 'Issue:'),
	(1022, 320, 'ua', 'Випуск:'),
	(1023, 320, 'ru', 'Выпуск:'),
	(1025, 337, 'ua', 'Спробуємо вгадати:'),
	(1026, 337, 'en', 'Try to guess:'),
	(1027, 337, 'ru', 'Попробуем угадать:'),
	(1028, 338, 'ua', 'власна квартира'),
	(1030, 338, 'ru', 'собственная квартира'),
	(1031, 339, 'ua', 'чи навіть будинок?'),
	(1032, 339, 'en', 'or even house?'),
	(1033, 339, 'ru', 'или даже дом?'),
	(1034, 340, 'ua', 'ГАРНИЙ'),
	(1035, 340, 'en', 'GOOD'),
	(1036, 340, 'ru', 'ХОРОШИЙ'),
	(1037, 341, 'ua', 'автомобіль'),
	(1038, 341, 'en', 'car'),
	(1039, 341, 'ru', 'автомобиль'),
	(1040, 342, 'ua', 'закордонні'),
	(1041, 342, 'en', 'foreign'),
	(1042, 342, 'ru', 'заграничные'),
	(1043, 343, 'ua', 'подорожі,'),
	(1044, 343, 'en', 'trips'),
	(1045, 343, 'ru', 'путешествия'),
	(1046, 344, 'ua', 'можливо'),
	(1047, 344, 'en', 'perhaps'),
	(1048, 344, 'ru', 'возможно'),
	(1049, 345, 'ua', 'ДО ЕКЗОТИЧНИХ КРАЇН?'),
	(1050, 345, 'en', 'TO EXOTIC COUNTRIES?'),
	(1051, 345, 'ru', 'В ЭКЗОТИЧЕСКИЕ СТРАНЫ?'),
	(1052, 346, 'ua', 'Забезпечене'),
	(1053, 346, 'en', 'Rich'),
	(1054, 346, 'ru', 'Обеспеченная'),
	(1055, 347, 'ua', 'життя'),
	(1056, 347, 'en', 'life'),
	(1057, 347, 'ru', 'жизнь'),
	(1058, 348, 'ua', 'для себе і близьких,'),
	(1059, 348, 'en', 'for themselves and loved once'),
	(1060, 348, 'ru', 'для себя и близких'),
	(1061, 349, 'ua', 'коли не доводиться думати про'),
	(1062, 349, 'en', 'when you have not think about'),
	(1063, 349, 'ru', 'когда не приходится думать о'),
	(1064, 350, 'ua', 'гроші?'),
	(1065, 350, 'en', 'money?'),
	(1066, 350, 'ru', 'деньгах?'),
	(1067, 351, 'ua', 'А, може, це свобода жити своїм <br>життям? Самостійно керувати <br> власним часом з можливістю <br>працювати за <span>зручним <br>графіком</span> без необхідності <br>щодня їздити на роботу, але<br> при цьому мати стабільно<br> високий дохід?'),
	(1068, 351, 'en', 'And, perhaps, is the freedom to live<br> their lives? Independently manage <br> own time with the ability to work on <br> <span>convenient schedule </ span> without the need <br> daily commute to work, but still have <br> <br> stable high income?'),
	(1069, 351, 'ru', 'А, может, это свобода жить своей жизнью? Самостоятельно управлять собственным временем с возможностью работать по <span> удобному графику </ span> без необходимости ежедневно ездить на работу, но при этом иметь стабильно высокий доход?'),
	(1070, 352, 'ua', 'Як щодо'),
	(1071, 352, 'en', 'What about'),
	(1072, 352, 'ru', 'Что насчёт'),
	(1073, 353, 'ua', '/в місяць?'),
	(1074, 353, 'en', ' per month?'),
	(1075, 353, 'ru', '/в месяц?'),
	(1076, 354, 'ua', 'з можливістю працювати за гнучким<br>графіком та дистанційно? Ти думаєш, що в<br>нашій країні такі умови лише у керівників<br>та власників бізнесу?<br><br>У нас хороша новина:<br>'),
	(1077, 354, 'en', 'with the ability to work flexible schedule and <br> remotely? You think that in our country <br> conditions only <br> managers and business owners? <br> <br> We have good news:<br>'),
	(1078, 354, 'ru', 'с возможностью работать по гибкому <br> графику и дистанционно? Ты думаешь, что в <br> нашей стране такие условия только у руководителей <br> и владельцев бизнеса? <br> <br> У нас хорошая новость: <br>'),
	(1079, 355, 'ua', 'вже через рік-два-три так зможеш<br>заробляти і<br><br>ТИ . . . '),
	(1080, 355, 'en', 'in a year or two or three so <br> able to earn and <br> <br> you. . .'),
	(1081, 355, 'ru', 'уже через год-два-три так сможешь <br> зарабатывать и <br> <br> ТЫ. . .'),
	(1082, 356, 'ua', 'Професія майбутнього'),
	(1083, 356, 'en', 'Occupation future'),
	(1084, 356, 'ru', 'Профессия будущего'),
	(1085, 357, 'ua', 'Сьогодні у тебе є реальна можливість <br>\r\n																				 поєднати хороший заробіток, гнучкий<br>\r\n																				 графік роботи та зручність<br>\r\n																				 дистанційної роботи. І це не<br>\r\n																				 “заработок в интернете”, про який<br>\r\n																				 кричить банерна реклама на багатьох<br>\r\n																				 сайтах. Ми віримо у те, що високого <br>\r\n																				 стабільного доходу можна досягти <br>\r\n																				 лише за допомогою власних зусиль.'),
	(1086, 357, 'en', 'Today you have a real opportunity <br>\r\n																				 combine the good salary, flexible <br>\r\n																				 schedule and convenience <br>\r\n																				 teleworking. This is not <br>\r\n																				 "Earnings on the Internet", which <br>\r\n																				 screaming banner ads on many <br>\r\n																				 sites. We believe that high <br>\r\n																				 stable income can be achieved <br>\r\n																				 only through their own efforts.'),
	(1087, 357, 'ru', 'Сегодня у тебя есть реальная возможность <br>\r\n																				 совместить хороший заработок, гибкий <br>\r\n																				 график работы и удобство <br>\r\n																				 дистанционной работы. И это не <br>\r\n																				 "Заработок в интернете", о котором <br>\r\n																				 кричит баннерная реклама на многих <br>\r\n																				 сайтах. Мы верим в то, что высокого <br>\r\n																				 стабильного дохода можно достичь <br>\r\n																				 только с помощью собственных усилий.'),
	(1088, 358, 'ua', 'Ми живемо в епоху, коли'),
	(1089, 358, 'en', 'We live in an era when'),
	(1090, 358, 'ru', 'Мы живем в эпоху, когда'),
	(1091, 359, 'ua', 'ГОЛОВНИМ ДВИГУНОМ РОЗВИТКУ СВІТОВОЇ ЕКОНОМІКИ Є ІНФОРМАЦІЙНІ   <br>ТЕХНОЛОГІЇ'),
	(1092, 359, 'en', 'THE MAIN ENGINE OF THE GLOBAL ECONOMY ARE <br> INFORMATION TECHNOLOGY'),
	(1093, 359, 'ru', 'ГЛАВНЫМ ДВИГАТЕЛЕМ РАЗВИТИЯ МИРОВОЙ ЭКОНОМИКИ ЕСТЬ ИНФОРМАЦИОННЫЕ <br> ТЕХНОЛОГИИ'),
	(1094, 360, 'ua', 'Як?'),
	(1095, 360, 'en', 'How?'),
	(1096, 360, 'ru', 'Как?'),
	(1097, 361, 'ua', '<li>Вони дозволяють досягти нових проривних результатів у   <br>\r\n																						 традиційних галузях: виробництві та послугах.</li>\r\n																				 <li>саме інформаційні технології повністю змінили і <br>\r\n																						 продовжують трансформувати індустрії звязку,   <br>\r\n																						 розваг (книги, музика, фільми), банківських послуг;</li>\r\n																				 <li>також такі традиційні бізнеси, як послуги таксі (Uber);</li>\r\n																				 <li>  готелів (Airbnb);</li>\r\n																				 <li>навчання (Coursera).</li>'),
	(1098, 361, 'en', '<li> They can achieve new breakthrough results in <br>\r\n																							traditional industries, manufacturing and services. </ li>\r\n																							<li> information technology is completely changed and <br>\r\n																							communication industry continues to transform, <br>\r\n																							entertainment (books, music, movies), banking services; </ li>\r\n																							<li> as traditional businesses such as taxi services (Uber); </ li>\r\n																							<li> hotels (Airbnb); </ li>\r\n																							<li> Learning (Coursera). </ li>'),
	(1099, 361, 'ru', '<li> Они позволяют достичь новых прорывных результатов в <br>\r\n																							традиционных отраслях: производстве и услугах. </ li>\r\n																							<li> именно информационные технологии полностью изменили и <br>\r\n																							продолжают трансформировать индустрии связи, <br>\r\n																							развлечений (книги, музыка, фильмы), банковских услуг; </ li>\r\n																							<li> также такие традиционные бизнесы, как услуги такси (Uber); </ li>\r\n																							<li> гостиниц (Airbnb); </ li>\r\n																							<li> обучения (Coursera). </ li>'),
	(1100, 362, 'ua', 'Герої інформаційної епохи - це спеціалісти з інформаційних технологій.<br>\r\n																				 Вони знаходяться на передовій змін, вони придумали та<br>\r\n																				 продовжують розвивати Windows, iOS, Android, а також мільйони<br>\r\n																				 додатків до них, вони створюють соціальні мережі, сайти та бази<br>\r\n																				 даних.'),
	(1101, 362, 'en', 'Heroes of the information age - the specialists in information technologies. <br>\r\n																				 They are at the forefront of change, they came up and <br>\r\n																				 continue to develop Windows, iOS, Android, and millions <br>\r\n																				 annexes, they create social networks, websites and database <br>\r\n																				 data.'),
	(1102, 362, 'ru', 'Герои информационной эпохи - это специалисты по информационным технологиям. <br>\r\n																				 Они находятся на передовой изменений, они придумали и <br>\r\n																				 продолжают развивать Windows, iOS, Android, а также миллионы <br>\r\n																				 приложений к ним, они создают социальные сети, сайты и базы <br>\r\n																				 данных.'),
	(1103, 363, 'ua', 'Розпочинай вчитися вже зараз!'),
	(1104, 363, 'en', 'Starts learn now!'),
	(1105, 363, 'ru', 'Начинай учиться уже сейчас!'),
	(1106, 337, 'ua', 'Спробуємо вгадати:'),
	(1107, 337, 'en', 'Try to guess:'),
	(1108, 337, 'ru', 'Попробуем угадать:'),
	(1109, 338, 'ua', 'власна квартира'),
	(1111, 338, 'ru', 'собственная квартира'),
	(1112, 339, 'ua', 'чи навіть будинок?'),
	(1113, 339, 'en', 'or even a house?'),
	(1114, 339, 'ru', 'или даже дом?'),
	(1115, 340, 'ua', 'ГАРНИЙ'),
	(1116, 340, 'en', 'A NICE'),
	(1117, 340, 'ru', 'ХОРОШИЙ'),
	(1118, 341, 'ua', 'автомобіль'),
	(1119, 341, 'en', 'car'),
	(1120, 341, 'ru', 'автомобиль'),
	(1121, 342, 'ua', 'закордонні'),
	(1122, 342, 'en', ' '),
	(1123, 342, 'ru', 'заграничные'),
	(1124, 343, 'ua', 'подорожі,'),
	(1125, 343, 'en', ' '),
	(1126, 343, 'ru', 'путешествия'),
	(1127, 344, 'ua', 'можливо'),
	(1128, 344, 'en', ' '),
	(1129, 344, 'ru', 'возможно'),
	(1130, 345, 'ua', 'ДО ЕКЗОТИЧНИХ КРАЇН?'),
	(1131, 345, 'en', 'TRAVELLING ABROAD?'),
	(1132, 345, 'ru', 'В ЭКЗОТИЧЕСКИЕ СТРАНЫ?'),
	(1133, 346, 'ua', 'Забезпечене'),
	(1134, 346, 'en', 'To have financial'),
	(1135, 346, 'ru', 'Обеспеченная'),
	(1136, 347, 'ua', 'життя'),
	(1137, 347, 'en', 'security'),
	(1138, 347, 'ru', 'жизнь'),
	(1139, 348, 'ua', 'для себе та близьких,'),
	(1140, 348, 'en', 'for yourself and your family?'),
	(1141, 348, 'ru', 'для себя и близких'),
	(1142, 349, 'ua', 'коли не доводиться думати про'),
	(1143, 349, 'en', ' '),
	(1144, 349, 'ru', 'когда не приходится думать о'),
	(1145, 350, 'ua', 'гроші?'),
	(1146, 350, 'en', ' '),
	(1147, 350, 'ru', 'деньгах?'),
	(1148, 351, 'ua', 'А, може, це свобода жити своїм життям? Самостійно керувати власним часом з можливістю працювати за зручним графіком без необхідності щодня їздити на роботу, але при цьому мати стабільно високий дохід?'),
	(1149, 351, 'en', 'Or, perhaps, it is the freedom to live your own way of  life? Manage your  own time  with a possibility to work flexitime without going to  work every day, but at the same time having a stable and high income?'),
	(1150, 351, 'ru', 'А, может, это свобода жить своей жизнью? Самостоятельно управлять собственным временем с возможностью работать по <span> удобному графику </ span> без необходимости ежедневно ездить на работу, но при этом иметь стабильно высокий доход?'),
	(1151, 352, 'ua', 'Як щодо'),
	(1152, 352, 'en', 'What about earning'),
	(1153, 352, 'ru', 'Что насчёт'),
	(1154, 353, 'ua', '/в місяць?'),
	(1155, 353, 'en', ' per month?'),
	(1156, 353, 'ru', '/в месяц?'),
	(1157, 354, 'ua', 'з можливістю працювати за гнучким графіком та дистанційно? Ти думаєш, що в нашій країні такі умови можливі лише для керівників та власників бізнесу?<br><br>У нас хороша новина:<br>'),
	(1158, 354, 'en', 'with a possibility to have  flexible  work schedule or work remotely? Do you think that in our country  only managers and business owners can have such benefits ?<br> <br> We have good news:<br>'),
	(1159, 354, 'ru', 'с возможностью работать по гибкому <br> графику и дистанционно? Ты думаешь, что в <br> нашей стране такие условия только у руководителей <br> и владельцев бизнеса? <br> <br> У нас хорошая новость: <br>'),
	(1160, 355, 'ua', 'вже через рік-два-три так зможеш<br>заробляти і<br><br>ТИ . . . '),
	(1161, 355, 'en', 'in a year , two or three you will have them as  well.'),
	(1162, 355, 'ru', 'уже через год-два-три так сможешь <br> зарабатывать и <br> <br> ТЫ. . .'),
	(1163, 356, 'ua', 'Професія майбутнього'),
	(1164, 356, 'en', 'Profession of the  future'),
	(1165, 356, 'ru', 'Профессия будущего'),
	(1166, 357, 'ua', 'Сьогодні у тебе є реальна можливість поєднати гарний заробіток, гнучкий графік роботи та зручність дистанційної роботи. І це не фантомні схеми швидкого збагачення, які обіцяє численна банерна реклама. Віримо, що високого стабільного доходу можна досягти лише за допомогою власних зусиль.'),
	(1167, 357, 'en', 'Today you have a real opportunity to combine  a good salary, flexible working hours with the  convenience of distance work. And it is not  phantom get - rich- quick schemes  promised by a lot of  banner ads.\r\nWe believe that stable , high income can be achieved only by dint of your efforts.'),
	(1168, 357, 'ru', 'Сегодня у тебя есть реальная возможность <br>\r\n																				 совместить хороший заработок, гибкий <br>\r\n																				 график работы и удобство <br>\r\n																				 дистанционной работы. И это не <br>\r\n																				 "Заработок в интернете", о котором <br>\r\n																				 кричит баннерная реклама на многих <br>\r\n																				 сайтах. Мы верим в то, что высокого <br>\r\n																				 стабильного дохода можно достичь <br>\r\n																				 только с помощью собственных усилий.'),
	(1169, 358, 'ua', 'Ми живемо в епоху, коли'),
	(1170, 358, 'en', 'We live in  the age when'),
	(1171, 358, 'ru', 'Мы живем в эпоху, когда'),
	(1172, 359, 'ua', 'ГОЛОВНИМ ДВИГУНОМ РОЗВИТКУ СВІТОВОЇ ЕКОНОМІКИ Є ІНФОРМАЦІЙНІ ТЕХНОЛОГІЇ (IT).'),
	(1173, 359, 'en', ' INFORMATION TECHNOLOGY (IT) IS THE ENFINE OF WORLD ECONOMY'),
	(1174, 359, 'ru', 'ГЛАВНЫМ ДВИГАТЕЛЕМ РАЗВИТИЯ МИРОВОЙ ЭКОНОМИКИ ЕСТЬ ИНФОРМАЦИОННЫЕ <br> ТЕХНОЛОГИИ'),
	(1175, 360, 'ua', 'Як?'),
	(1176, 360, 'en', 'How?'),
	(1177, 360, 'ru', 'Как?'),
	(1178, 361, 'ua', '<li>Вони дозволяють досягти проривних результатів у традиційних галузях: виробництві та послугах;</li>\r\n<li>Саме інформаційні технології повністю змінили і продовжують трансформувати індустрії звязку, розваг (книги, музика, фільми), банківських послуг;</li>\r\n<li>а також такі традиційні бізнеси, як послуги таксі (Uber);</li>\r\n<li>готелів (Airbnb);</li>\r\n<li>навчання (Coursera).</li>'),
	(1179, 361, 'en', '<li>IT allows us to achieve breakthrough results in traditional industries such as  manufacturing and  providing services;</ li>\r\n<li>Information technologies entirely transformed and continue changing communication, entertainment(books, music,films) industries , banking and traditional business services;</ li>\r\n<li>such as taxi(Uber);</ li>\r\n<li>hotels(Airbnb);</ li>\r\n<li>education(Coursera).</ li>'),
	(1180, 361, 'ru', '<li> Они позволяют достичь новых прорывных результатов в <br>\r\n																							традиционных отраслях: производстве и услугах. </ li>\r\n																							<li> именно информационные технологии полностью изменили и <br>\r\n																							продолжают трансформировать индустрии связи, <br>\r\n																							развлечений (книги, музыка, фильмы), банковских услуг; </ li>\r\n																							<li> также такие традиционные бизнесы, как услуги такси (Uber); </ li>\r\n																							<li> гостиниц (Airbnb); </ li>\r\n																							<li> обучения (Coursera). </ li>'),
	(1181, 362, 'ua', 'Герої інформаційної епохи - це спеціалісти з інформаційних технологій. Вони знаходяться на передовій змін, вони придумали та продовжують розвивати Windows, iOS, Android, а також мільйони додатків до них, вони створюють соціальні мережі, сайти та бази даних.'),
	(1182, 362, 'en', 'The heroes of  the information age are information technologies specialists who are at the forefront of changes. They have  invented and continue developing Windows, iOS, Android and millions apps  for them. They create social networks, sites and databases.'),
	(1183, 362, 'ru', 'Герои информационной эпохи - это специалисты по информационным технологиям. <br>\r\n																				 Они находятся на передовой изменений, они придумали и <br>\r\n																				 продолжают развивать Windows, iOS, Android, а также миллионы <br>\r\n																				 приложений к ним, они создают социальные сети, сайты и базы <br>\r\n																				 данных.'),
	(1184, 363, 'ua', 'Розпочинай вчитися вже зараз!'),
	(1185, 363, 'en', 'Starts learn now!'),
	(1186, 363, 'ru', 'Начинай учиться уже сейчас!'),
	(1187, 321, 'en', 'Contents:'),
	(1188, 321, 'ua', 'Зміст:'),
	(1189, 321, 'ru', 'Содержание:'),
	(1190, 364, 'ua', 'Модуль'),
	(1191, 364, 'ru', 'Модуль'),
	(1192, 364, 'en', 'Module'),
	(1193, 365, 'ua', 'Новий модуль:'),
	(1194, 365, 'ru', 'Новый модуль:'),
	(1195, 365, 'en', 'New module:'),
	(1196, 366, 'ua', 'Модуль'),
	(1197, 366, 'ru', 'Модуль'),
	(1198, 366, 'en', 'Module'),
	(1199, 367, 'ua', 'Додати'),
	(1200, 367, 'ru', 'Добавить'),
	(1201, 367, 'en', 'Add'),
	(1202, 368, 'ua', 'Скасувати'),
	(1203, 368, 'ru', 'Отменить'),
	(1204, 368, 'en', 'Cancel'),
	(1205, 369, 'ua', 'Введіть назву модуля'),
	(1206, 369, 'ru', 'Введите название модуля'),
	(1207, 369, 'en', 'Enter the name of the module'),
	(1208, 370, 'ua', 'Введіть кількість годин в день'),
	(1209, 370, 'ru', 'Введите количество часов в день'),
	(1210, 370, 'en', 'Enter the number of hours per day'),
	(1211, 371, 'ua', 'Введіть кількість днів на тиждень'),
	(1212, 371, 'ru', 'Введите количество дней в неделю'),
	(1213, 371, 'en', 'Enter the number of days a week'),
	(1214, 372, 'ua', 'Введіть ціну модуля'),
	(1215, 372, 'ru', 'Введите цену модуля'),
	(1216, 372, 'en', 'Enter price module'),
	(1217, 373, 'ua', 'Редагувати список занять'),
	(1218, 373, 'ru', 'Редактировать список занятий'),
	(1219, 373, 'en', 'Edit the list of classes'),
	(1220, 374, 'ua', 'Додати заняття'),
	(1221, 374, 'ru', 'Добавить занятия'),
	(1222, 374, 'en', 'Add occupation'),
	(1223, 375, 'ua', 'У даному модулі занять немає.'),
	(1224, 375, 'ru', 'В данном модуле занятий нет.'),
	(1225, 375, 'en', 'This module classes there.'),
	(1226, 376, 'ua', 'Ви впевнені, що хочете видалити дане заняття?'),
	(1227, 376, 'ru', 'Вы уверены, что хотите удалить данное занятие?'),
	(1228, 376, 'en', 'Are you sure you want to remove this class?'),
	(1229, 377, 'ua', 'Ви впевнені, що хочете видалити це заняття?'),
	(1230, 377, 'ru', 'Вы уверены, что хотите удалить это занятие?'),
	(1231, 377, 'en', 'Are you sure you want to delete this session?'),
	(1232, 378, 'ua', 'Дезактивувати заняття'),
	(1233, 378, 'ru', 'Дезактивировать занятие'),
	(1234, 378, 'en', 'Deactivate lesson'),
	(1235, 379, 'ua', 'Підняти заняття вгору на 1 позицію'),
	(1236, 379, 'ru', 'Поднять занятие вверх на 1 позицию'),
	(1237, 379, 'en', 'Lift the lesson up to the 1 position'),
	(1238, 380, 'ua', 'Опустити модуль вниз на 1 позицію'),
	(1239, 380, 'ru', 'Опустить занятие вниз на 1 позицию'),
	(1240, 380, 'en', 'Lower the lesson down to the 1 position'),
	(1241, 381, 'ua', 'Заняття'),
	(1242, 381, 'ru', 'Занятие'),
	(1243, 381, 'en', 'Lesson'),
	(1244, 382, 'ua', 'Нове заняття:'),
	(1245, 382, 'ru', 'Новое занятие:'),
	(1246, 382, 'en', 'New lesson:'),
	(1247, 383, 'ua', 'Додати'),
	(1248, 383, 'ru', 'Добавить'),
	(1249, 383, 'en', 'Add'),
	(1250, 384, 'ua', 'Скасувати'),
	(1251, 384, 'ru', 'Отменить'),
	(1252, 384, 'en', 'Cancel'),
	(1253, 385, 'ua', 'Спочатку оцініть викладача по трьох критеріях'),
	(1254, 385, 'ru', 'Сначала оцените преподавателя по трем критериям'),
	(1255, 385, 'en', 'At first rate teacher three criteria'),
	(1256, 386, 'ua', 'Ваш відгук відправлено. Зачекайте модерації.'),
	(1257, 386, 'ru', 'Ваш отзыв отправлен. Подождите модерации.'),
	(1258, 386, 'en', 'Your review has been sent. Wait moderation.'),
	(1259, 387, 'ua', 'Поле обов\'язкове для заповнення'),
	(1260, 387, 'ru', 'Поле обязательное для заполнения'),
	(1261, 387, 'en', 'This field is required'),
	(1262, 388, 'ua', 'Введіть ціле невід\'ємне число'),
	(1263, 388, 'ru', 'Введите целое неотрицательное число'),
	(1264, 388, 'en', 'Enter a non-negative integer'),
	(1265, 389, 'ua', 'Введіть дату в форматі рррр-мм-дд'),
	(1266, 389, 'ru', 'Введите дату в формате гггг-мм-дд'),
	(1267, 389, 'en', 'Enter the date in yyyy-mm-dd'),
	(1268, 390, 'ua', 'Курси'),
	(1269, 390, 'ru', 'Курсы'),
	(1270, 390, 'en', 'Courses'),
	(1271, 391, 'ua', 'Створити'),
	(1272, 391, 'ru', 'Создать'),
	(1273, 391, 'en', 'Create'),
	(1274, 392, 'ua', 'Список курсів'),
	(1275, 392, 'ru', 'Список курсов'),
	(1276, 392, 'en', 'List of courses'),
	(1277, 393, 'ua', 'Управління курсами'),
	(1278, 393, 'ru', 'Управление курсами'),
	(1279, 393, 'en', 'Management courses'),
	(1280, 394, 'ua', 'Створити курс'),
	(1281, 394, 'ru', 'Создать курс'),
	(1282, 394, 'en', 'Create course'),
	(1283, 395, 'ua', 'РРРР-ММ-ДД'),
	(1284, 395, 'ru', 'ГГГГ-ММ-ДД'),
	(1285, 395, 'en', 'YYYY-MM-DD'),
	(1286, 396, 'ua', 'В розробці'),
	(1287, 396, 'ru', 'В разработке'),
	(1288, 396, 'en', 'In development'),
	(1289, 397, 'ua', 'Готовий'),
	(1290, 397, 'ru', 'Готовый'),
	(1291, 397, 'en', 'Ready'),
	(1292, 398, 'ua', 'Створити'),
	(1293, 398, 'ru', 'Создать'),
	(1294, 398, 'en', 'Create'),
	(1295, 399, 'ua', 'Зберегти'),
	(1296, 399, 'ru', 'Сохранить'),
	(1297, 399, 'en', 'Save'),
	(1298, 400, 'ua', 'Мова'),
	(1299, 400, 'ru', 'Язык'),
	(1300, 400, 'en', 'Language'),
	(1301, 401, 'ua', 'Назва'),
	(1302, 401, 'ru', 'Название'),
	(1303, 401, 'en', 'Title'),
	(1304, 402, 'ua', 'Тривалість в годинах'),
	(1305, 402, 'ru', 'Продолжительность в часах'),
	(1306, 402, 'en', 'Duration in hours'),
	(1307, 403, 'ua', 'Кількість модулів'),
	(1308, 403, 'ru', 'Количество модулей'),
	(1309, 403, 'en', 'Number of units'),
	(1310, 404, 'ua', 'Вартість'),
	(1311, 404, 'ru', 'Стоимость'),
	(1312, 404, 'en', 'Price'),
	(1313, 405, 'ua', 'Для кого'),
	(1314, 405, 'ru', 'Для кого'),
	(1315, 405, 'en', 'For whom'),
	(1316, 406, 'ua', 'Що навчитеся'),
	(1317, 406, 'ru', 'Что научитесь'),
	(1318, 406, 'en', 'What learn'),
	(1319, 407, 'ua', 'Що отримаєте'),
	(1320, 407, 'ru', 'Что получите'),
	(1321, 407, 'en', 'Things get'),
	(1322, 408, 'ua', 'Зображення'),
	(1323, 408, 'ru', 'Изображения'),
	(1324, 408, 'en', 'Image'),
	(1325, 409, 'ua', 'Рівень'),
	(1326, 409, 'ru', 'Уровень'),
	(1327, 409, 'en', 'Level'),
	(1328, 410, 'ua', 'Початок'),
	(1329, 410, 'ru', 'Начало'),
	(1330, 410, 'en', 'Beginning'),
	(1331, 411, 'ua', 'Статус'),
	(1332, 411, 'ru', 'Статус'),
	(1333, 411, 'en', 'Status'),
	(1334, 412, 'ua', 'Поле обов\'язкове для заповнення'),
	(1335, 412, 'ru', 'Поле обязательное для заполнения'),
	(1336, 412, 'en', 'This field is required'),
	(1337, 413, 'ua', 'Введіть ціле невід\'ємне число'),
	(1338, 413, 'ru', 'Введите целое неотрицательное число'),
	(1339, 413, 'en', 'Enter a non-negative integer'),
	(1340, 322, 'ua', 'грн.'),
	(1341, 322, 'ru', 'грн.'),
	(1342, 322, 'en', 'UAH'),
	(1343, 323, 'ua', 'проплати'),
	(1344, 323, 'ru', 'проплаты'),
	(1345, 323, 'en', 'payments'),
	(1346, 324, 'ua', 'проплат'),
	(1347, 324, 'ru', 'проплат'),
	(1348, 324, 'en', 'payments'),
	(1349, 325, 'ua', 'кредит на 3 роки, помісячно:'),
	(1350, 325, 'ru', 'кредит на 3 года, помесячно:'),
	(1351, 325, 'en', 'credit for 3 years, month:'),
	(1352, 326, 'ua', 'кредит на 4 роки, помісячно:'),
	(1353, 326, 'ru', 'кредит на 4 года, помесячно:'),
	(1354, 326, 'en', 'credit for 4 years, month:'),
	(1355, 322, 'ua', 'грн.'),
	(1356, 322, 'ru', 'грн.'),
	(1357, 322, 'en', 'UAH'),
	(1358, 323, 'ua', 'проплати'),
	(1359, 323, 'ru', 'проплаты'),
	(1360, 323, 'en', 'payments'),
	(1361, 324, 'ua', 'проплат'),
	(1362, 324, 'ru', 'проплат'),
	(1363, 324, 'en', 'payments'),
	(1364, 325, 'ua', 'кредит на 3 роки, помісячно:'),
	(1365, 325, 'ru', 'кредит на 3 года, помесячно:'),
	(1366, 325, 'en', 'credit for 3 years, month:'),
	(1367, 326, 'ua', 'кредит на 4 роки, помісячно:'),
	(1368, 326, 'ru', 'кредит на 4 года, помесячно:'),
	(1370, 326, 'ua', 'кредит на 4 роки, помісячно:'),
	(1371, 326, 'ru', 'кредит на 4 года, помесячно:'),
	(1373, 327, 'ua', 'кредит на 5 роки, помісячно:'),
	(1374, 327, 'ru', 'кредит на 5 года, помесячно:'),
	(1375, 327, 'en', 'credit for 5 years, month:'),
	(1376, 328, 'ua', 'ПОЧАТИ КУРС />'),
	(1377, 328, 'ru', 'НАЧАТЬ КУРС />'),
	(1378, 328, 'en', 'START THE COURSE />'),
	(1379, 329, 'ua', 'Редагувати список модулів'),
	(1380, 329, 'ru', 'Редактировать список модулей'),
	(1381, 329, 'en', 'Edit the list of modules'),
	(1382, 330, 'ua', 'Модулі'),
	(1383, 330, 'ru', 'Модули'),
	(1384, 330, 'en', 'Modules'),
	(1385, 331, 'ua', 'У даному курсі модулів немає.'),
	(1386, 331, 'ru', 'В данном курсе модулей нет.'),
	(1387, 331, 'en', 'In this course modules there.'),
	(1388, 332, 'ua', 'Ви впевнені що хочете видалити модуль?'),
	(1389, 332, 'ru', 'Вы уверены что хотите удалить модуль?'),
	(1390, 332, 'en', 'Are you sure you want to delete the module?'),
	(1391, 333, 'ua', 'Дезактивувати модуль'),
	(1392, 333, 'ru', 'Дезактивировать модуль'),
	(1393, 333, 'en', 'Deactivate module'),
	(1394, 334, 'ua', 'Підняти модуль вгору на 1 позицію'),
	(1395, 334, 'ru', 'Поднять модуль вверх на 1 позицию'),
	(1396, 334, 'en', 'Lift the module up to the 1 position'),
	(1397, 335, 'ua', 'Опустити модуль вниз на 1 позицію'),
	(1398, 335, 'ru', 'Опустить модуль вниз на 1 позицию'),
	(1399, 335, 'en', 'Lower the module down to the 1 position'),
	(1400, 336, 'ua', 'Додати модуль'),
	(1401, 336, 'ru', 'Добавить модуль'),
	(1402, 336, 'en', 'Add your module'),
	(1403, 414, 'ua', 'Розгорнути схеми проплат'),
	(1404, 414, 'ru', 'Развернуть схемы проплат'),
	(1405, 414, 'en', 'Show the payment plan'),
	(1406, 415, 'ua', 'Згорнути схеми проплат'),
	(1407, 415, 'ru', 'Свернуть схемы проплат'),
	(1408, 415, 'en', 'Hide the payment plan'),
	(1409, 416, 'ua', 'Недопустимі символи!'),
	(1410, 416, 'ru', 'Недопустимые символы!'),
	(1411, 416, 'en', 'Invalid characters!'),
	(1412, 417, 'ua', 'Для відображення у вигляді не нумерованого списку, розділяйте пункти символом \';\''),
	(1413, 417, 'ru', 'Для отражения в виде не нумерованного списка, разделяйте пункты символом \';\''),
	(1414, 417, 'en', 'To display as a not numbered list, separate the items with \';\''),
	(1415, 418, 'ua', 'Email'),
	(1416, 418, 'ru', 'Email'),
	(1417, 418, 'en', 'Email'),
	(1418, 420, 'ua', 'Відео'),
	(1419, 420, 'ru', 'Видео'),
	(1420, 420, 'en', 'Video'),
	(1421, 419, 'ua', 'Введіть ціле невід\'ємне число'),
	(1422, 419, 'ru', 'Введите целое неотрицательное число'),
	(1423, 419, 'en', 'Enter a non-negative integer'),
	(1424, 421, 'ua', 'безкоштовно'),
	(1425, 421, 'ru', 'бесплатно'),
	(1426, 421, 'en', 'free'),
	(1427, 424, 'ua', 'Розгорнути відгук про навчання'),
	(1428, 424, 'ru', 'Развернуть отзыв об обучении'),
	(1429, 424, 'en', 'Show the  review about study with us'),
	(1430, 423, 'ua', 'Згорнути відгук про навчання'),
	(1431, 423, 'ru', 'Свернуть отзыв об обучении'),
	(1432, 423, 'en', 'Hide the review about study with us'),
	(1433, 425, 'ua', 'кредит на '),
	(1434, 425, 'ru', 'кредит на'),
	(1435, 425, 'en', 'credit for'),
	(1436, 426, 'ua', 'роки:'),
	(1437, 426, 'ru', 'года:'),
	(1438, 426, 'en', 'years:'),
	(1439, 427, 'ua', 'Введіть дату народження в форматі дд/мм/рррр'),
	(1440, 427, 'ru', 'Введите дату рождения в формате дд/мм/гггг'),
	(1441, 427, 'en', 'Enter your date of birth in the format DD/MM/YYYY'),
	(1442, 428, 'ua', 'Введіть вік в числовому форматі (від 16 до 100)'),
	(1443, 428, 'ru', 'Введите возраст в числовом формате (от 16 до 100)'),
	(1444, 428, 'en', 'Enter age in numerical format (16 to 100)'),
	(1445, 429, 'ua', 'Недопустимі символи!'),
	(1446, 429, 'ru', 'Недопустимые символы!'),
	(1447, 429, 'en', 'Invalid characters!'),
	(1448, 430, 'ua', 'Розгорнути історію навчання'),
	(1449, 430, 'ru', 'Развернуть историю обучения'),
	(1450, 430, 'en', 'Open history teaching'),
	(1451, 431, 'ua', 'Згорнути історію навчання'),
	(1452, 431, 'ru', 'Свернуть историю обучения'),
	(1453, 431, 'en', 'Close study history'),
	(1454, 338, 'en', 'Your own apartment'),
	(1455, 432, 'ua', 'Не потрібно відвідувати навчальний заклад, Академія з тобою всюди.<br>'),
	(1456, 432, 'ru', 'Не нужно посещать учебное заведение, Академия с тобой повсюду.<br>'),
	(1457, 432, 'en', 'You needn`t go to the  Academy, it is  always with you.<br>'),
	(1458, 433, 'ua', 'Навіть якщо ти у місці, де немає звязку та інтернету, ти можеш переглядати лекції в <span class="pinkword">офлайн-режимі</span>, а практичну частину зробити пізніше, коли зявиться доступ.'),
	(1459, 433, 'ru', 'Даже если ты в месте, где нет связи и интернета, ты можешь просматривать лекции в <span class="pinkword"> офлайн-режиме</span>, а практическую часть сделать позже, когда появится доступ.'),
	(1460, 433, 'en', 'Even if you have no Internet connection, you can look through the material <span class="pinkword">offline</span>.'),
	(1461, 434, 'ua', 'Кит другий.<br> Орієнтація на ринок.'),
	(1462, 434, 'ru', 'Кит второй.<br> Ориентация на рынок.'),
	(1463, 434, 'en', 'Principle 2<br>  Market targeting'),
	(1464, 435, 'ua', 'Ми даємо тобі лише <span class="pinkword">100%</span> необхідні знання. Ми поважаємо гуманітарні дисципліни та фундаментальні точні науки, які входять до  складу обовязкових для вивчення у вишах, але переконані, що вони не є обовязковими для того, щоб стати <span class="blueword">професіоналом у сфері ІТ</span>. Ми вважаємо, що кожен має вирішувати індивідуально, що вивчати та чим цікавитись за межами своєї професії.<br>У той же час у програмах вишів відсутні критичні для професійного успіху дисципліни, або ж вони викладаються недостатньо професійно (англійська мова для ІТ-спеціалістів, проектний менеджмент тощо).<br>'),
	(1465, 435, 'ru', 'Мы даем тебе только <span class = "pinkword"> 100%</span> необходимые знания. Мы уважаем гуманитарные дисциплины и фундаментальные точные науки, которые входят в состав обязательных для изучения в вузах, но убеждены, что они не являются обязательными для того, чтобы стать <span class = "blueword"> профессионалом в сфере ИТ</span>. Мы считаем, что каждый должен решать индивидуально, что изучать и чем интересоваться вне своей профессии. <br>В то же время в программах вузов отсутствуют критические для профессионального успеха дисциплины, или же они излагаются недостаточно профессионально (английский язык для ИТ-специалистов, проектный менеджмент). <br>'),
	(1466, 435, 'en', 'We are giving you <span class="pinkword">100%</span> only  necessary knowledge. We respect the humanitarian  and fundamental exact sciences, which university students are obliged to study, but we consider  that you will not require such  knowledge  to become a  <span class="blueword">professional in the field of information technology</span>. You can  certainly decide what to study and what hobby to have in your free time. <br>At the same time, university programs are missing some subjects critical for professional success or  they are not professionally taught (English for IT, project management, etc.).<br>'),
	(1467, 436, 'ua', 'Інформаційні технології - це дисципліна, яка змінюється кожного дня, програми вишів просто не встигають адаптуватися до такої швидкості змін. <span class="blueword">ІНТІТА</span> слідкує за змінами щодня, і адаптує як навчальну програму, так і зміст окремих предметів за необхідністю миттєво. Ми завжди у пошуку нового матеріалу, який можна передати студентам академії.'),
	(1468, 436, 'ru', 'Информационные технологии - это дисциплина, которая меняется каждый день, программы вузов просто не успевают адаптироваться к такой скорости изменений. <span class = "blueword"> ИНТИТА</span> следит за изменениями в день, и адаптирует как учебную программу, так и содержание отдельных предметов при необходимости мгновенно. Мы всегда в поиске нового материала, который можно передать студентам академии.'),
	(1469, 436, 'en', 'Information technology is a  subject which is constantly changing,  universities do not manage to adapt to such  fast changes.  <span class="blueword">INTITA</span> monitors changes every day  and instantly  adapts both  the program and subject content to new requirements. We are always in search of new material to share with our students.'),
	(1470, 437, 'ua', 'Порівнюючи звичайний технічний виш та академію <span class="blueword">ІНТІТА</span>, ти можеш думати про сімейний <span class="pinkword">універсал</span> та болід <span class="sunword">Формула-1</span>. Перший підходить для широкого кола завдань, але він значно програє позашляховикам у прохідності, міні-венам у місткості, лімузинам - у комфорті, спoртивним автомобілям - у швидкості та керуванні.'),
	(1471, 437, 'ru', 'Сравнивая обычный технический вуз и академию <span class = "blueword"> ИНТИТА</span>, ты можешь думать о семейном <span class = "pinkword"> универсал</span> и болид <span class = "sunword"> Формула 1</span>. Первый подходит для широкого круга задач, но он значительно проигрывает внедорожникам в проходимости, мини-венам в емкости, лимузинам - в комфорте, спoртивним автомобилям - в скорости и управлении.'),
	(1472, 437, 'en', 'Comparing average technical university  with <span class = "blueword">INTITA</span> Academy is like comparing  the <span class = "pinkword">family car</span> with  <span class = "sunword">formula 1</span> bolid. The first is suitable for a wide range of tasks, but it is not so permeable like  off-road cars, not so capacious like minivans, not so comfortable like limousines and not so fast and controlled like sport cars.'),
	(1473, 438, 'ua', 'Другий сконструйовано лише заради максимальної швидкості та маневреності, жертвуючи усім іншим. І в результаті ми не зробимо з тебе універсально освічену людину, яка розбирається потрохи у всьому, ми підготуємо тебе <span class = "blueword">професіоналом світового класу</span> в області програмування.'),
	(1474, 438, 'ru', 'Второй сконструирован исключительно для максимальной скорости и маневренности, жертвуя всем остальным. И в результате мы не сделаем из тебя универсально образованного человека, который разбирается понемногу во всем, мы подготовим тебя <span class = "blueword">профессионалом мирового класса</span> в области программирования.'),
	(1475, 438, 'en', 'The second one is designed only for maximal speed and maneuverability, sacrificing everything else. So, we don’t try to give you knowledge in a variety of  different subjects to make you know-it-all specialist, we teach you to become a <span class = "blueword">world-class professional programmer</span>.'),
	(1476, 439, 'ua', 'Кит третій.<br> Результативність.'),
	(1477, 439, 'ru', 'Кит третий.<br> Результативность.'),
	(1478, 439, 'en', ' Principle 3<br> Managing for result'),
	(1479, 440, 'ua', 'На відміну від традиційних закладів, ми навчаємо не задля оцінок. Ми працюємо <span class="sunword">індивідуально</span> з кожним студентом, щоб досягти 100% засвоєння необхідних знань (ми даємо лише необхідні знання).'),
	(1480, 440, 'ru', 'В отличие от традиционных заведений, мы учим не для оценок. Мы работаем <span class = "sunword"> индивидуально</span> с каждым студентом, чтобы достичь 100% усвоение необходимых знаний (мы даем только необходимые знания).'),
	(1481, 440, 'en', 'Unlike traditional educational institutions we don`t teach you for the sake of  getting a good mark. We work <span class = "sunword">individually</span> with every student to help him/her achieve 100%  sufficient knowledge (we don`t provide you with  unnecessary things at all).'),
	(1482, 441, 'ua', 'Ми не обмежуємо тебе у часі, теоретично ти можеш навчатися як завгодно довго. Ми беремо на себе зобовязання навчити тебе програмуванню, незважаючи на те, які знання у тебе вже є. Єдиними передумовами для початку занять є <span class="blueword">бажання</span>, час на навчання, наявність хоча б простенького комп’ютера та вміння читати та писати.'),
	(1483, 441, 'ru', 'Мы не ограничиваем тебя во времени, теоретически ты можешь учиться сколь угодно долго. Мы берем на себя обязательства научить тебя программированию, несмотря на то, какие знания у тебя уже есть. Единственными предпосылками для начала занятий является <span class = "blueword"> желание</span>, время на обучение, наличие хотя бы простенького компьютера и умение читать и писать.'),
	(1484, 441, 'en', 'We don`t limit your time of studying you may take as long as you need. We take responsibility to teach you programming  independently of  the knowledge you have already possess.\r\nThe only prerequisites for starting the course is a <span class = "blueword">desire</span> and  time for learning, a computer and an ability to read and write.'),
	(1485, 442, 'ua', 'Починаючи з першого заняття, ти робитимеш завдання з реального світу програмування. Ближче до закінчення навчання ти будеш приймати участь у створенні реальних програмних продуктів для ринку.'),
	(1486, 442, 'ru', 'Начиная с первого занятия, ты будешь делать задачи из реального мира программирования. Ближе к окончанию учебы ты будешь принимать участие в создании реальных программных продуктов для рынка.'),
	(1487, 442, 'en', 'Starting from the first lesson you will perform real programming tasks and finishing the course you will participate in real software development practices.'),
	(1488, 443, 'ua', '“Три кити” Академії ІНТІТА'),
	(1489, 443, 'ru', 'Три кита Академии ИНТИТА'),
	(1490, 443, 'en', 'Three  basic principles of INTITA Academy'),
	(1491, 444, 'ua', 'Кит перший. Гнучкість та зручність.'),
	(1492, 444, 'ru', 'Кит первый. Гибкость и удобство.'),
	(1493, 444, 'en', 'Principle 1 Flexibility and convenience'),
	(1494, 445, 'ua', 'Ти можеш <span class="blueword">самостійно</span> будувати графік навчання, виходячи з власних потреб та цілей. Якщо ти хочеш закінчити навчання та почати працювати вже через рік, обирай інтенсивне навчання та займайся 6-8 годин в день. Якщо ти хочеш освоїти програмування '),
	(1495, 445, 'ru', 'Ты можешь <span class = "blueword"> самостоятельно</span> строить график обучения, исходя из собственных потребностей и целей. Если ты хочешь закончить учебу и начать работать уже через год, выбирай интенсивное обучение и занимайся 6-8 часов в день. Если ты хочешь освоить программирование'),
	(1496, 445, 'en', 'You can schedule courses <span class = "blueword">at your convenience</span> taking into consideration  your own needs and goals. If you want to complete education and start working just  in a year, select intensive learning for  6-8 hours  daily. But  if you want to learn programming'),
	(1497, 446, 'ua', '<span class="redword"> поступово</span>, не жертвуючи іншими важливими для тебе речами, ти можеш займатися ті ж 6-8 годин, але у тиждень.'),
	(1498, 446, 'ru', '<span class =" redword "> постепенно</span>, не жертвуя другими важными для тебя вещами, ты можешь заниматься те же 6-8 часов, но в неделю.'),
	(1499, 446, 'en', '<span class =" redword "> steadily</span> without sacrificing important things in your life, then you can study   6-8 hours per week.'),
	(1500, 447, 'ua', 'Ми <span class="pinkword">гарантуємо</span> тобі стажування і <span class="blackword">100%</span> отримання пропозиції працевлаштування протягом 4-6-ти місяців після успішного завершення навчання. Так впевнено стверджувати нам дозволяє той факт, що усі наші випускники працюють тими на кого навчались - <span class="blueword">програмістами</span>.'),
	(1501, 447, 'ru', 'Мы <span class = "pinkword"> гарантируем</span> тебе стажировку и <span class = "blackword"> 100%</span> получение предложения трудоустройства в течение 4-6 месяцев после успешного завершения обучения. Так уверенно утверждать нам позволяет тот факт, что все наши выпускники работают теми на кого учились - <span class = "blueword"> программистами</span>.'),
	(1502, 447, 'en', 'We  <span class = "pinkword">guarantee</span> you will have an internship and offers of employment during 4-6 months after successful completion of a  course. The proof is in our graduates : <span class = "blackword">100% </span>of them  work as <span class = "blueword">programmers</span>.'),
	(1503, 448, 'ua', 'ІНТІТА.<br> переваги наочно:'),
	(1504, 448, 'ru', 'ИНТИТА.<br> преимущества наглядно:'),
	(1505, 448, 'en', 'INTITA.<br> Demonstrably advantages:'),
	(1506, 449, 'ua', 'Традиційне навчання'),
	(1507, 449, 'ru', 'Традиционное обучение'),
	(1508, 449, 'en', 'Traditional education'),
	(1509, 450, 'ua', 'Необхідність відвідувати заняття у класі'),
	(1510, 450, 'ru', 'Необходимость заниматься в классе'),
	(1511, 450, 'en', 'Necessity to attend  classes'),
	(1512, 451, 'ua', 'Заняття за фіксованим графіком'),
	(1513, 451, 'ru', 'Занятия по фиксированному графику'),
	(1514, 451, 'en', 'Fixed class-schedule'),
	(1515, 452, 'ua', 'Жорстко визначена навчальна програма, привязана до часових рамок (академічний рік)'),
	(1516, 452, 'ru', 'Жестко определена учебная программа, привязана к временных рамок (академический год)'),
	(1517, 452, 'en', 'Fixed education programme and academic calendar'),
	(1518, 453, 'ua', 'Лекції та семінари, як основа навчального процесу (вивчення теорії)'),
	(1519, 453, 'ru', 'Лекции и семинары, как основа учебного процесса (изучение теории)'),
	(1520, 453, 'en', 'Lectures and seminars are the basis of learning process (theory learning)'),
	(1521, 454, 'ua', 'Оцінки за якість засвоєних знань за певний час'),
	(1522, 454, 'ru', 'Оценки за качество усвоенных знаний за определенное время'),
	(1523, 454, 'en', 'Marks are given during educational process'),
	(1524, 455, 'ua', 'Диплом про вищу освіту видається через 5-6 років за умови засвоєння великої кількості непрофільних знань (мова, історія, філософія тощо)'),
	(1525, 455, 'ru', 'Диплом о высшем образовании выдается через 5-6 лет при условии усвоения большого количества непрофильных знаний (язык, история, философия и т.д.)'),
	(1526, 455, 'en', 'Certificates are given after 5-6 years of studies only after a huge amount of non-core knowledge has been gained (culture, history, philosophy, etc.)'),
	(1527, 456, 'ua', 'ІНТІТА'),
	(1528, 456, 'ru', 'ИНТИТА'),
	(1529, 456, 'en', 'INTITA'),
	(1530, 457, 'ua', 'Навчання у себе вдома'),
	(1531, 457, 'ru', 'Обучение у себя дома'),
	(1532, 457, 'en', 'Education at home'),
	(1533, 458, 'ua', 'Заняття за індивідуальним графіком'),
	(1534, 458, 'ru', 'Занятия по индивидуальному графику'),
	(1535, 458, 'en', 'Self-paced course'),
	(1536, 459, 'ua', 'Можливість обирати предмети та термін навчання'),
	(1537, 459, 'ru', 'Возможность выбирать предметы и срок обучения'),
	(1538, 459, 'en', 'Possibility to choose learning subjects and time frames'),
	(1539, 460, 'ua', 'Практичні заняття з першого дня навчання, створення реальних працюючих проектів'),
	(1540, 460, 'ru', 'Практические занятия с первого дня обучения, создание реальных работающих проектов'),
	(1541, 460, 'en', 'Practical lessons starting from the first day, developing real projects'),
	(1542, 461, 'ua', 'Оцінок немає, лише “знання засвоєні” чи “потрібно навчатися далі”'),
	(1543, 461, 'ru', 'Оценок нет, только "знания усвоены" или "нужно учиться дальше"'),
	(1544, 461, 'en', 'No marks, only “passed” or “have to continue studying”'),
	(1545, 462, 'ua', 'Лише практичні знання, які будуть потрібні тобі у роботі та житті: програмування, англійська мова, побудова карєри на ринку інформаційних технологій, основи життєвого успіху.'),
	(1546, 462, 'ru', 'Только практические знания, которые будут нужны тебе в работе и жизни: программирование, английский язык, построение карьеры на рынке информационных технологий, основы жизненного успеха.'),
	(1547, 462, 'en', 'Only practical knowledge that is needed in future work and life: programming, English , IT career building, life success seminars.'),
	(1548, 463, 'ua', 'Переваги'),
	(1549, 463, 'ru', 'Преимущества'),
	(1550, 463, 'en', 'Advantages'),
	(1551, 464, 'ua', 'Комфортна домашня атмосфера, економія часу та коштів на поїздки'),
	(1552, 464, 'ru', 'Комфортная домашняя атмосфера, экономия времени и средств на поездки'),
	(1553, 464, 'en', 'Comfort home atmosphere,saving  time and transportation costs'),
	(1554, 465, 'ua', 'Можливість підлаштувати графік навчання під власні потреби'),
	(1555, 465, 'ru', 'Возможность подстроить график обучения под собственные нужды'),
	(1556, 465, 'en', 'Possibility to adjust  schedule to your own needs'),
	(1557, 466, 'ua', 'Навчання в комфортному темпі за власним графіком, не обмежене часом'),
	(1558, 466, 'ru', 'Обучение в комфортном темпе по собственному графику, не ограниченное время'),
	(1559, 466, 'en', 'Comfort education tempo driven by your own, not limited schedule'),
	(1560, 467, 'ua', 'Отримання реального робочого досвіду вже протягом навчання, портфоліо готових робіт на момент закінчення навчання'),
	(1561, 467, 'ru', 'Получение реального рабочего опыта уже в течение обучения, портфолио готовых работ на момент окончания обучения'),
	(1562, 467, 'en', 'Real work experience during education and a portfolio of completed projects after graduation'),
	(1563, 468, 'ua', 'Навчання до позитивного результату: до повного засвоєння необхідних знань'),
	(1564, 468, 'ru', 'Обучение к положительному результату: к полного усвоения необходимых знаний'),
	(1565, 468, 'en', 'Education for a positive result: until all the necessary skills are gained'),
	(1566, 469, 'ua', 'Весь час навчання витрачається на отримання <span class="blueword">корисних практичних знань</span>, тому термін навчання скорочуються, а кількість практичних засвоєних знань більша, ніж у традиційних закладах.'),
	(1567, 469, 'ru', 'Все время обучения тратится на получение <span class="blueword">полезных практических знаний</span>, поэтому срок обучения сокращаются, а количество практических усвоенных знаний больше, чем в традиционных заведениях.'),
	(1568, 469, 'en', 'All  time is assigned for getting <span class="blueword">useful practical knowledge</span>, thus education terms are decreased and the amount of gained skills is greater than in traditional institutions'),
	(1569, 470, 'ua', 'Чи ви відрізняєтесь від інших?'),
	(1570, 470, 'ru', 'Отличаетесь ли вы от других?'),
	(1571, 470, 'en', 'What makes your course different from all the  others?'),
	(1572, 471, 'ua', 'Скільки триває навчання, як швидко я зможу почати заробляти?'),
	(1573, 471, 'ru', 'Сколько длится обучение, как быстро я смогу начать зарабатывать?'),
	(1574, 471, 'en', 'How long is the course and how soon  can I start  making  money?'),
	(1575, 472, 'ua', 'Чи отримаю я державний диплом про освіту?'),
	(1576, 472, 'ru', 'Получу ли я государственный диплом об образовании?'),
	(1577, 472, 'en', 'Will I receive a state- recognized education diploma?'),
	(1578, 473, 'ua', 'Чому навчання коштує так дешево (дорого) у порівнянні з іншими курсами?'),
	(1579, 473, 'ru', 'Почему обучение стоит так дешево (дорого) по сравнению с другими курсами?'),
	(1580, 473, 'en', 'Why is the course so cheap(expensive) compared  to alternatives?'),
	(1581, 474, 'ua', 'Чому онлайн навчання коштує дорожче у порівнянні з офлайн навчанням?'),
	(1582, 474, 'ru', 'Почему онлайн обучение стоит дороже по сравнению с оффлайн обучением?'),
	(1583, 474, 'en', 'Why is online education  more expensive than offline one?'),
	(1584, 475, 'ua', 'У мене зараз немає необхідних коштів, чи можу я навчатися у кредит?'),
	(1585, 475, 'ru', 'У меня сейчас нет средств, могу ли я учиться в кредит?'),
	(1586, 475, 'en', 'Now I do not have enough money to pay for the course  can I get a study loan?'),
	(1587, 476, 'ua', 'Чи маю я укладати договір на навчання?'),
	(1588, 476, 'ru', 'Имею ли я заключать договор на обучение?'),
	(1589, 476, 'en', 'Should I conclude a study contract?'),
	(1590, 477, 'ua', 'Я чув від знайомого, що він освоїв програмування самотужки, це можливо?'),
	(1591, 477, 'ru', 'Я слышал от знакомого, что он освоил программирование самостоятельно, это возможно?'),
	(1592, 477, 'en', 'I heard from a friend that he had  learnt programming on his own. Is it possible?'),
	(1593, 478, 'ua', 'У мене у школі було погано з математикою / я давно не займався математикою. Це може завадити мені навчитися програмуванню?'),
	(1594, 478, 'ru', 'У меня в школе было плохо с математикой / я давно не занимался математикой. Это может помешать мне научиться программированию?'),
	(1595, 478, 'en', 'I was bad at math at school/I have not not been learning mathematics for a long time. Can this be an obstacle to learning programming?'),
	(1596, 479, 'ua', 'Мені 34 роки, чи можу я зараз розпочати навчання?'),
	(1597, 479, 'ru', 'Мне 34 года, могу ли я сейчас начать обучение?'),
	(1598, 479, 'en', 'I am 34 years old. Can I start learning now?'),
	(1599, 480, 'ua', 'Я чув думку, що професія програміста технічна, а я - людина творча. Чи підійде програмування мені?'),
	(1600, 480, 'ru', 'Я слышал мнение, что профессия программиста техническая, а я - человек творческий. Подойдет программирования мне?'),
	(1601, 480, 'en', 'I heard that profession of a  programmer is technical, but I am creative. Will programming fit me?'),
	(1602, 481, 'ua', 'Ми гарантуємо стажування і 100% отримання пропозиції працевлаштування протягом 4-6-ти місяців після успішного завершення навчання. Так впевнено стверджувати нам дозволяє той факт, що усі наші випускники працюють програмістами.'),
	(1603, 481, 'ru', 'Мы гарантируем стажировку и 100% получения предложения трудоустройства в течение 4-6 месяцев после успешного завершения обучения. Так уверенно утверждать нам позволяет тот факт, что все наши выпускники работают программистами.'),
	(1604, 481, 'en', 'We guarantee you will have an internship and offers of employment during 4-6 months after successful completion of a  course. The proof is in our graduates : 100% of them  work as programmers.'),
	(1605, 482, 'ua', 'Навчання не має фіксованого терміну і залежить виключно від темпу, який обереш ти. Ми рекомендуємо кожному студенту його індивідуальний темп.'),
	(1606, 482, 'ru', 'Обучение не имеет фиксированного срока и зависит исключительно от темпа, который выберешь ты. Мы рекомендуем каждому студенту его индивидуальный темп.'),
	(1607, 482, 'en', 'The time for learning is not limited it depends only on your own pace. We suggest  that every student choose  his/her own tempo of learning.'),
	(1608, 483, 'ua', 'Ми видаємо диплом після проходження курсу та сертифікат після проходження модуля власного зразка. Ми не видаємо дипломів державного зразка, наша ціль - забезпечити передумови для гарантованого працевлаштування слухачів.'),
	(1609, 483, 'ru', 'Мы выдаем диплом после прохождения курса и сертификат после прохождения модуля собственного образца. Мы не выдаем дипломов государственного образца, наша цель - обеспечить предпосылки для гарантированного трудоустройства слушателей.'),
	(1610, 483, 'en', 'We give a  personalized diploma after completion of the course and  a personalized certificate after you finish the module. We don`t provide a state- recognized education diploma because our goal  is to ensure job opportunities for graduates.'),
	(1611, 484, 'ua', 'Вартість навчання економічно обгрунтована і буде тобою відроблена менше, ніж за рік роботи на позиції програміста-початківця.'),
	(1612, 484, 'ru', 'Стоимость обучения экономически обоснована и будет тобой отработанных меньше, чем за год работы на позиции программиста начинающего.'),
	(1613, 484, 'en', 'The cost of our course is economically justified and you can make the money in less than a year working as a junior programmer.'),
	(1614, 485, 'ua', 'При онлайн навчанні ми використовуємо персоналізований підхід до кожного студента, що вимагає більшої уваги викладачів, аніж при навчанні груп.'),
	(1615, 485, 'ru', 'При онлайн обучении мы используем персонализированный подход к каждому студенту, что требует большего внимания преподавателей, чем при обучении групп.'),
	(1616, 485, 'en', 'We use individual approach to every student teaching him/her  online, it requires more time and effort of teachers than working in groups.'),
	(1617, 486, 'ua', 'Так, ми пропонуємо гнучкий підхід в оплаті за навчання - можливе кредитування навчання на 2-3 роки, що дозволить тобі виплачувати основну суму вже після працевлаштування.'),
	(1618, 486, 'ru', 'Так, мы предлагаем гибкий подход в оплате за обучение - возможно кредитование обучения на 2-3 года, что позволит тебе выплачивать основную сумму уже после трудоустройства.'),
	(1619, 486, 'en', 'Yes. We offer a flexible approach to payment for a course. It is possible to get 2-3 year  loan  that will allow you to pay the bigger part after you find a job.'),
	(1620, 487, 'ua', 'Договір уладається лише при оформленні кредиту на навчання.'),
	(1621, 487, 'ru', 'Договор уладаеться только при оформлении кредита на обучение.'),
	(1622, 487, 'en', 'Only when you take a study  loan.'),
	(1623, 488, 'ua', 'Так, на ринку багато “програмістів-самоучок”, але вони, як правило, пройшли довгий шлях (як правило більше 5 років) для того, щоб навчитись програмуванню, ми - один із ефективних варіантів стати кваліфікованим програмістом за короткий час.'),
	(1624, 488, 'ru', 'Так, на рынке много "программистов-самоучек", но они, как правило, прошли долгий путь (как правило более 5 лет) для того, чтобы научиться программированию, мы - один из эффективных вариантов стать квалифицированным программистом за короткое время.'),
	(1625, 488, 'en', 'Yes, there are a lot of “self-taught programmers” in the labor market, but they as a rule come  a long way (more than 5 years) to learn programming. We offer one of the most effective ways to become a skilled programmer in a short term.'),
	(1626, 489, 'ua', 'Математика допомагає краще розвинути логічне мислення і знання елементарної математики необхідні обов’язково, проте, не математичне, а логічне мислення визначає наскільки гарний програміст і тільки невеликий відсоток гарних математиків стають професійними програмістами.'),
	(1627, 489, 'ru', 'Математика помогает лучше развить логическое мышление и знание элементарной математики необходимы обязательно, однако, математическое, а логическое мышление определяет насколько хороший программист и только небольшой процент хороших математиков становятся профессиональными программистами.'),
	(1628, 489, 'en', 'Math helps to improve logical thinking that is why knowledge  of elementary math is a must. However, not mathematical but logical thinking defines how good a programmer is and only a small percentage of good mathematicians become professional programmers.'),
	(1629, 490, 'ua', 'Верхньої вікової межі для того, щоб вивчати програмування - немає, люди і старшого віку розпочинали і досягали гарних результатів. Життєвий досвід людям старшого віку дозволяє ефективніше побудувати навчальний процес і швидше кар’єрно зростати.'),
	(1630, 490, 'ru', 'Верхней возрастной границы для того, чтобы изучать программирование - нет, люди и старшего возраста начинали и достигали хороших результатов. Жизненный опыт людям старшего возраста позволяет эффективнее построить учебный процесс и быстрее карьерно расти.'),
	(1631, 490, 'en', 'There is no age maximum for participants.  Even older people started  learning and reached good results. Experience allows older adults arrange an  educational process more effectively and  improve a career faster.'),
	(1632, 491, 'ua', 'Програмування - це і є творчість, варто спробувати, щоб зрозуміти чи це твоє покликання.'),
	(1633, 491, 'ru', 'Программирование - это и есть творчество, стоит попробовать, чтобы понять это твое призвание.'),
	(1634, 491, 'en', 'Programming is creative. You need to try it  to understand whether the profession fits you or not.'),
	(1635, 492, 'ua', 'Викладач'),
	(1636, 492, 'ru', 'Преподаватель'),
	(1637, 492, 'en', 'Lecturer'),
	(1638, 493, 'ua', 'у Вас буде запланована консультація по темі'),
	(1639, 493, 'ru', 'у Вас будет запланирована консультация по теме'),
	(1640, 493, 'en', 'you will be scheduled consultations on the topic'),
	(1641, 494, 'ua', 'викладач'),
	(1642, 494, 'ru', 'преподаватель'),
	(1643, 494, 'en', 'lecturer'),
	(1644, 495, 'ua', 'Для підтвердження натисніть \'Добре\'.'),
	(1645, 495, 'ru', 'Для подтверждения нажмите \'Хорошо\'.'),
	(1646, 495, 'en', 'To confirm, click \'OK\'.'),
	(1647, 496, 'ua', 'Добре'),
	(1648, 496, 'ru', 'Хорошо'),
	(1649, 496, 'en', 'OK'),
	(1650, 497, 'ua', 'Скасувати'),
	(1651, 497, 'ru', 'Отменить'),
	(1652, 497, 'en', 'Сancel'),
	(1653, 498, 'ua', 'Вітаємо!'),
	(1654, 498, 'ru', 'Поздравляем!'),
	(1655, 498, 'en', 'Congratulations!'),
	(1656, 499, 'ua', 'Виберіть годину'),
	(1657, 499, 'ru', 'Выберите время'),
	(1658, 499, 'en', 'Choose a time'),
	(1659, 500, 'ua', 'Ви можете обрати декілька консультацій. Використовуйте клавіші <span class="colorP">Ctrl</span> або <span class="colorP">Shift</span>.'),
	(1660, 500, 'ru', 'Вы можете выбрать несколько консультаций. Используйте клавиши <span class = "colorP"> Ctrl </span> или <span class = "colorP"> Shift </span>.'),
	(1661, 500, 'en', 'You can select multiple consultations. Use the <span class = "colorP"> Ctrl </span> or <span class = "colorP"> Shift </span>.'),
	(1662, 501, 'ua', 'Назад'),
	(1663, 501, 'ru', 'Назад'),
	(1664, 501, 'en', 'Back'),
	(1665, 502, 'ua', 'Далі'),
	(1666, 502, 'ru', 'Дальше'),
	(1667, 502, 'en', 'Next'),
	(1668, 503, 'ua', 'Вибачте, час даної консультації вже зайнятий. Перейдіть на'),
	(1669, 503, 'ru', 'Извините, время данной консультации уже занято. Перейдите на'),
	(1670, 503, 'en', 'Sorry, this time consultations are unavailable. Go to'),
	(1671, 504, 'ua', 'сторінку'),
	(1672, 504, 'ru', 'страницу'),
	(1673, 504, 'en', 'page'),
	(1674, 505, 'ua', 'консультацій та виберіть інший час.'),
	(1675, 505, 'ru', 'консультаций и выберите другое время.'),
	(1676, 505, 'en', 'of consultations and choose another time.'),
	(1677, 506, 'ua', 'Консультації'),
	(1678, 506, 'ru', 'Консультации'),
	(1679, 506, 'en', 'Consultations'),
	(1680, 507, 'ua', 'Консультація зайнята'),
	(1681, 507, 'ru', 'Консультация занята'),
	(1682, 507, 'en', 'Consultation unavailable'),
	(1683, 508, 'ua', 'Курси'),
	(1684, 508, 'ru', 'Курсы'),
	(1685, 508, 'en', 'Courses'),
	(1686, 509, 'ua', 'Управління'),
	(1687, 509, 'ru', 'Управление'),
	(1688, 509, 'en', 'Management'),
	(1689, 510, 'ua', 'Список курсів'),
	(1690, 510, 'ru', 'Список курсов'),
	(1691, 510, 'en', 'List of courses'),
	(1692, 511, 'ua', 'Створити курс'),
	(1693, 511, 'ru', 'Создать курс'),
	(1694, 511, 'en', 'Create course'),
	(1695, 512, 'ua', 'Управління курсами'),
	(1696, 512, 'ru', 'Управление курсами'),
	(1697, 512, 'en', 'Management courses'),
	(1698, 513, 'ua', 'Ви можете використовувати вирази'),
	(1699, 513, 'ru', 'Вы можете использовать выражения'),
	(1700, 513, 'en', 'You can use expressions'),
	(1701, 514, 'ua', 'або'),
	(1702, 514, 'ru', 'или'),
	(1703, 514, 'en', 'or'),
	(1704, 515, 'ua', 'Розширений пошук'),
	(1705, 515, 'ru', 'Расширенный поиск'),
	(1706, 515, 'en', 'Advanced Search'),
	(1707, 516, 'ua', 'Показано курсів'),
	(1708, 516, 'ru', 'Показано курсов'),
	(1709, 516, 'en', 'Showing courses'),
	(1710, 517, 'ua', 'Нічого не знайдено'),
	(1711, 517, 'ru', 'Ничего не найдено'),
	(1712, 517, 'en', 'Nothing found'),
	(1713, 518, 'ua', 'Ви впевнені?'),
	(1714, 518, 'ru', 'Вы уверены?'),
	(1715, 518, 'en', 'Are you sure?'),
	(1716, 519, 'ua', 'Назва курсу'),
	(1717, 519, 'ru', 'Название курса'),
	(1718, 519, 'en', 'Name of course'),
	(1719, 520, 'ua', 'Рівень'),
	(1720, 520, 'ru', 'Уровень'),
	(1721, 520, 'en', 'Level'),
	(1722, 521, 'ua', 'Тривалість курсу'),
	(1723, 521, 'ru', 'Продолжительность курса'),
	(1724, 521, 'en', 'Duration of course'),
	(1725, 522, 'ua', 'Вартість курсу'),
	(1726, 522, 'ru', 'Стоимость курса'),
	(1727, 522, 'en', 'Price of course'),
	(1728, 523, 'ua', 'Показати курс'),
	(1729, 523, 'ru', 'Показать курс'),
	(1730, 523, 'en', 'Show course'),
	(1731, 524, 'ua', 'Оновити курс'),
	(1732, 524, 'ru', 'Обновить курс'),
	(1733, 524, 'en', 'Refresh course'),
	(1734, 525, 'ua', 'Видалити курс'),
	(1735, 525, 'ru', 'Удалить курс'),
	(1736, 525, 'en', 'Remove course'),
	(1737, 526, 'ua', 'Виберіть адресата'),
	(1738, 526, 'ru', 'Выберите адресата'),
	(1739, 526, 'en', 'Choose a addressee'),
	(1740, 527, 'ua', 'Тема:'),
	(1741, 527, 'ru', 'Тема: '),
	(1742, 527, 'en', 'Theme: '),
	(1743, 528, 'ua', 'Статус: '),
	(1744, 528, 'ru', 'Статус: '),
	(1745, 528, 'en', 'Status: '),
	(1746, 529, 'ua', 'лист прочитаний отримувачем'),
	(1747, 529, 'ru', 'письмо прочитано получателем'),
	(1748, 529, 'en', 'letter read by the recipient'),
	(1749, 530, 'ua', 'отримувач ще не прочитав листа'),
	(1750, 530, 'ru', 'получатель еще не прочитал письмо'),
	(1751, 530, 'en', 'the recipient has not read the letter'),
	(1752, 531, 'ua', 'Листування'),
	(1753, 531, 'ru', 'Переписка'),
	(1754, 531, 'en', 'Correspondence'),
	(1755, 532, 'ua', 'Вхідні'),
	(1756, 532, 'ru', 'Входные'),
	(1757, 532, 'en', 'Incoming'),
	(1758, 533, 'ua', 'Вихідні'),
	(1759, 533, 'ru', 'Исходящие'),
	(1760, 533, 'en', 'Output'),
	(1761, 534, 'ua', 'Створити'),
	(1762, 534, 'ru', 'Создать'),
	(1763, 534, 'en', 'Create'),
	(1764, 535, 'ua', 'Отриманих листів немає'),
	(1765, 535, 'ru', 'Полученных писем нет'),
	(1766, 535, 'en', 'No received Letters'),
	(1767, 536, 'ua', 'Відправлених листів немає'),
	(1768, 536, 'ru', 'Отправленных писем нет'),
	(1769, 536, 'en', 'No sent letters'),
	(1770, 537, 'ua', 'Ваш лист успішно відправлений'),
	(1771, 537, 'ru', 'Ваше письмо успешно отправлено'),
	(1772, 537, 'en', 'Your letter sent successfully'),
	(1773, 538, 'ua', 'Заповніть всі поля перед відправкою'),
	(1774, 538, 'ru', 'Заполните все поля перед отправкой'),
	(1775, 538, 'en', 'Fill in all the fields before sending'),
	(1776, 539, 'ua', 'Кому:'),
	(1777, 539, 'ru', 'Кому:'),
	(1778, 539, 'en', 'To:'),
	(1779, 540, 'ua', 'Зміст:'),
	(1780, 540, 'ru', 'Содержание:'),
	(1781, 540, 'en', 'Contents'),
	(1782, 541, 'ua', 'Надіслати'),
	(1783, 541, 'ru', 'Отправить'),
	(1784, 541, 'en', 'Send'),
	(1785, 542, 'ua', 'Відповісти'),
	(1786, 542, 'ru', 'Ответить'),
	(1787, 542, 'en', 'Answer'),
	(1788, 543, 'ua', 'Проплачених курсів немає'),
	(1789, 543, 'ru', 'Проплаченных курсов нет'),
	(1790, 543, 'en', 'No courses paid for'),
	(1791, 544, 'ua', 'Відгук не може бути пустим'),
	(1792, 544, 'ru', 'Отзыв не может быть пустым'),
	(1793, 544, 'en', 'Feedback can not be empty'),
	(1794, 545, 'ua', 'Розклад пустий'),
	(1795, 545, 'ru', 'Расписание пустое'),
	(1796, 545, 'en', 'Timetable empty'),
	(1797, 546, 'ua', 'Ви впевнені, що хочете відмінити консультацію?'),
	(1798, 546, 'ru', 'Вы уверены, что хотите отменить консультацию?'),
	(1799, 546, 'en', 'Are you sure You want to cancel the consultation?'),
	(1800, 547, 'ua', 'Відмінити консультацію'),
	(1801, 547, 'ru', 'Отменить консультацию'),
	(1802, 547, 'en', 'Delete consultation'),
	(1803, 548, 'ua', 'Оцінювань немає'),
	(1804, 548, 'ru', 'Оценок нет'),
	(1805, 548, 'en', 'No mark'),
	(1806, 549, 'ua', 'ПРО ЩО МРІЄШ ТИ?'),
	(1807, 549, 'ru', 'О ЧЕМ МЕЧТАЕШЬ ТЫ?'),
	(1808, 549, 'en', 'WHAT DO YOU DREAM ABOUT?'),
	(1809, 550, 'ua', 'Власна квартира в <br>сучасному мегаполісі? <br>Чи гарний автомобіль?'),
	(1810, 550, 'ru', 'Собственная квартира в <br>современном мегаполисе? <br>Хороший автомобиль?'),
	(1811, 550, 'en', 'Having your own apartment<br> in modern megapolis?<br> Or a nice car?'),
	(1812, 551, 'ua', 'Професія майбутнього?<br> Цікава і перспективна, яка <br>проникає в усі сфери нашого життя!'),
	(1813, 551, 'ru', 'Профессия будущего? <br>Интересная и перспективная, которая <br>проникает во все сферы нашей жизни!'),
	(1814, 551, 'en', 'A profession of the future?<br>Interesting and perspective work<br> which improves all spheres of our life!'),
	(1815, 552, 'ua', 'Гарний автомобіль? <br>Чи власний будинок <br>в затишній місцині?'),
	(1816, 552, 'ru', 'Хороший автомобиль? <br>ли собственный дом <br>в тихом местечке?'),
	(1817, 552, 'en', 'A nice car<br> or a private house<br> in a quiet place?'),
	(1818, 553, 'ua', 'Мандрівки за кордон? <br>Цікаві подорожі з гарними друзями <br>чи коханою людиною!'),
	(1819, 553, 'ru', 'Путешествия за границу? <br>Интересные путешествия с хорошими друзьями <br>или любимым человеком!'),
	(1820, 553, 'en', 'Travelling abroad?<br> Interesting trips with close friends<br> and beloved person?'),
	(1821, 554, 'ua', 'Забезпечене життя <br>для себе та близьких, коли <br>не доводиться думати про гроші?'),
	(1822, 554, 'ru', 'Обеспеченную жизнь <br>для себя и близких, когда <br>не приходится думать о деньгах?'),
	(1823, 554, 'en', 'Financial security<br>  for yourself<br> and your family?'),
	(1824, 555, 'ua', 'Може, це свобода жити своїм життям? <br>Самостійно керувати <br>власним часом!'),
	(1825, 555, 'ru', 'Может, это свобода жить своей жизнью? <br>Самостоятельно управлять <br>собственным временем!'),
	(1826, 555, 'en', 'Or, perhaps, it is the freedom<br> to live your own<br> way of  life?'),
	(1827, 556, 'ua', 'Про що зараз мрієш ти?'),
	(1828, 556, 'ru', 'О чем сейчас мечтаешь ты?'),
	(1829, 556, 'en', 'What are you dreaming  about now?'),
	(1830, 557, 'ua', 'Навчання майбутнього вже сьогодні'),
	(1831, 557, 'ru', 'Обучение будущего уже сегодня'),
	(1832, 557, 'en', 'Education of the future available  today'),
	(1833, 558, 'ua', 'Питання, які нам часто ставлять'),
	(1834, 558, 'ru', 'Часто задаваемые вопросы'),
	(1835, 558, 'en', 'FAQ'),
	(1836, 559, 'ua', 'Не втрачай шансу на творчу, цікаву та перспективну працю –<br> плануй своє професійне майбутнє вже сьогодні!'),
	(1837, 559, 'ru', 'Не теряй шанса на творческую, интересную и перспективную работу - <br> планируй свое профессиональное будущее уже сегодня!'),
	(1838, 559, 'en', 'Don`t lose the chance to find creative, interesting and perspective work,<br>  plan your future today!'),
	(1839, 560, 'ua', 'Мрієш заробляти улюбленою справою і отримувати задоволення від сучасної професії?<br> Скористайся можливістю потрапити у світ інформаційних технологій!'),
	(1840, 560, 'ru', 'Мечтаешь зарабатывать любимым делом и получать удовольствие от современной профессии?<br> Воспользуйся возможностью попасть в мир информационных технологий!'),
	(1841, 560, 'en', 'You wish to make money  doing what you like and enjoy modern career, don`t you!<br> Choose your  way to IT world!'),
	(1842, 561, 'ua', 'Видалити аватар'),
	(1843, 561, 'ru', 'Удалить аватар'),
	(1844, 561, 'en', 'Remove avatar'),
	(1845, 562, 'ua', 'Основне'),
	(1846, 562, 'ru', 'Основное'),
	(1847, 562, 'en', 'Main'),
	(1848, 563, 'ua', 'Додаткове'),
	(1849, 563, 'ru', 'Дополнительное'),
	(1850, 563, 'en', 'Advanced'),
	(1851, 564, 'ua', 'Ваше повідомлення відправлено'),
	(1852, 564, 'ru', 'Ваше сообщение отправлено'),
	(1853, 564, 'en', 'Your message has been sent'),
	(1854, 1, 'ua', 'INTITA'),
	(1855, 565, 'ua', 'Тест'),
	(1856, 565, 'ru', 'Тест'),
	(1857, 565, 'en', 'Test'),
	(1858, 566, 'ua', 'Підсумковий тест'),
	(1859, 566, 'ru', 'Финальный тест'),
	(1860, 566, 'en', 'Final test');
/*!40000 ALTER TABLE `messages` ENABLE KEYS */;


-- Dumping structure for table int_ita_db.migrations
DROP TABLE IF EXISTS `migrations`;
CREATE TABLE IF NOT EXISTS `migrations` (
  `migration` varchar(255) COLLATE utf8_unicode_ci NOT NULL,
  `batch` int(11) NOT NULL
) ENGINE=InnoDB DEFAULT CHARSET=utf8 COLLATE=utf8_unicode_ci;

-- Dumping data for table int_ita_db.migrations: ~4 rows (approximately)
/*!40000 ALTER TABLE `migrations` DISABLE KEYS */;
INSERT INTO `migrations` (`migration`, `batch`) VALUES
	('2014_10_12_000000_create_users_table', 1),
	('2014_10_12_100000_create_password_resets_table', 1),
	('2015_06_06_140859_create_userlist_table', 1),
	('2015_06_09_174158_create_vacancies_table', 1);
/*!40000 ALTER TABLE `migrations` ENABLE KEYS */;


-- Dumping structure for table int_ita_db.module
DROP TABLE IF EXISTS `module`;
CREATE TABLE IF NOT EXISTS `module` (
  `module_ID` int(11) NOT NULL AUTO_INCREMENT,
  `title_ru` varchar(255) DEFAULT NULL,
  `title_en` varchar(255) DEFAULT NULL,
  `title_ua` varchar(255) NOT NULL,
  `alias` varchar(10) NOT NULL,
  `language` varchar(6) NOT NULL,
  `module_duration_hours` int(11) NOT NULL,
  `module_duration_days` int(11) NOT NULL DEFAULT '0',
  `lesson_count` int(11) DEFAULT '0',
  `module_price` decimal(10,0) DEFAULT '0',
  `for_whom` text,
  `what_you_learn` text,
  `what_you_get` text,
  `module_img` varchar(255) DEFAULT 'courseimg1.png',
  `about_module` text,
  `owners` varchar(100) DEFAULT NULL,
  `level` enum('intern','junior','strong junior','middle','senior') DEFAULT NULL,
  `hours_in_day` int(11) DEFAULT '3',
  `days_in_week` int(11) DEFAULT '3',
  `rating` tinyint(2) DEFAULT NULL,
  PRIMARY KEY (`module_ID`)
) ENGINE=InnoDB AUTO_INCREMENT=126 DEFAULT CHARSET=utf8;

-- Dumping data for table int_ita_db.module: ~66 rows (approximately)
/*!40000 ALTER TABLE `module` DISABLE KEYS */;
INSERT INTO `module` (`module_ID`, `title_ru`, `title_en`, `title_ua`, `alias`, `language`, `module_duration_hours`, `module_duration_days`, `lesson_count`, `module_price`, `for_whom`, `what_you_learn`, `what_you_get`, `module_img`, `about_module`, `owners`, `level`, `hours_in_day`, `days_in_week`, `rating`) VALUES
	(1, 'Введение в программирование', 'Intro to Programming ', 'Вступ до програмування', 'module1', 'ua', 313, 20, 10, 6500, 'для менеджерів проектів і тих, хто відповідає за постановку завдань на розробку;для дизайнерів, які готові почати не просто малювати красиві картинки, а й навчитися тому, як створювати працюючі і зручні інтерфейси;для розробників, які хочуть самостійно створити або змінити свій проект;', 'Ви навчитеся писати чистий код;Користуватися системами контролю версій;Дізнаєтеся, з чого складається сучасний додаток;Для чого потрібен безперервна інтеграція (СІ) сервер;Чому потрібно тестувати свої програми і як це робити;', 'Відеозаписи та текстові матеріали всіх онлайн-занять;Спілкування з розумними одногрупниками;Сертифікат про закінчення навчання;Прилаштованість на робоче місце в силіконовій долині;', 'courseimg1.png', NULL, '1;2;3;4;', 'strong junior', 4, 6, NULL),
	(2, 'Элементарная математика', 'Elementary math', 'Елементарна математика', 'module2', 'ua', 30, 15, 9, 3200, NULL, NULL, NULL, 'courseimg1.png', NULL, '3;4;', 'junior', 3, 3, NULL),
	(3, 'Алгоритмизация и программирование на С', 'C  language programming and algorithmization', 'Алгоритмізація і програмування на мові С', 'module3', 'ua', 60, 30, 12, 3500, NULL, NULL, NULL, 'courseimg1.png', NULL, '1;4;5;', 'junior', 3, 3, NULL),
	(4, 'Элементы высшей математики', 'Higher Math elements', 'Елементи вищої математики', 'module4', 'ua', 60, 0, 0, 3000, NULL, NULL, NULL, 'courseimg1.png', NULL, '4;', 'junior', 3, 3, NULL),
	(7, 'Компьютерные сети. Основы', 'Computer networks', 'Комп\'ютерні мережі. Основи', 'module5', 'ua', 60, 0, 10, 3000, NULL, NULL, NULL, 'courseimg1.png', NULL, '1;2;', 'junior', 3, 3, NULL),
	(9, 'Разработка и анализ алгоритмов. Комбинаторные алгоритмы', 'Algorithms processing and analyses.Combinatorial algorithms', 'Розробка та аналіз алгоритмів. Комбінаторні алгоритми.', 'module6', 'ua', 60, 0, 1, 3000, NULL, NULL, NULL, 'courseimg1.png', NULL, '3;4;', 'junior', 3, 3, NULL),
	(10, 'Дискретная математика', 'Discrete Math', 'Дискретна математика', 'module7', 'ua', 60, 0, 0, 3000, NULL, NULL, NULL, 'courseimg1.png', NULL, '1;4;', 'junior', 3, 3, NULL),
	(11, 'Базы данных. Основы', 'Databases', 'Бази даних. Основи', 'module8', 'ua', 60, 0, 5, 3000, NULL, NULL, NULL, 'courseimg1.png', NULL, '1;3;', 'junior', 3, 3, NULL),
	(14, 'Английский язык', 'English', 'Англійська мова', 'module9', 'ua', 60, 0, 4, 3000, NULL, NULL, NULL, 'courseimg1.png', NULL, '4;5;6;', 'junior', 3, 3, NULL),
	(16, 'Программирование на РНР. Основы', 'PHP web programming (Part 1)', 'Програмування на PHP. Основи', 'module10', 'ua', 60, 0, 0, 3000, NULL, NULL, NULL, 'courseimg1.png', NULL, '6;', 'junior', 3, 3, NULL),
	(17, 'Программирование на РНР (Часть 2)', 'PHP web programming (Part 2)', 'Програмування на PHP (Частина 2)', 'module11', 'ua', 60, 0, 0, 3000, NULL, NULL, NULL, 'courseimg1.png', NULL, '5;6;', 'junior', 3, 3, NULL),
	(18, 'Верстка на HTML, CSS', 'HTML, CSS Website layout', 'Верстка на HTML, CSS', 'module12', 'ua', 60, 0, 1, 3000, NULL, NULL, NULL, 'courseimg1.png', NULL, '1;', 'junior', 3, 3, NULL),
	(20, 'Программирование на JavaScript', 'JavaScript Programming', 'Програмування на JavaScript', 'module13', 'ua', 60, 0, 4, 3000, NULL, NULL, NULL, 'courseimg1.png', NULL, '1;5;6;', 'junior', 3, 3, NULL),
	(22, 'Современные технологии разработки программ', 'Modern Technologies of Software Development', 'Сучасні технології розробки програм', 'module14', 'ua', 60, 0, 0, 3000, NULL, NULL, NULL, 'courseimg1.png', NULL, '5;4;6;', 'junior', 3, 3, NULL),
	(23, 'Командный дипломный проект', 'Diploma team project', 'Командний дипломний проект', 'module15', 'ua', 60, 0, 1, 3000, NULL, NULL, NULL, 'courseimg1.png', NULL, '1;4;', 'junior', 3, 3, NULL),
	(54, 'For beginners', 'For beginners', 'For beginners', 'module1', 'ua', 0, 0, 0, 0, NULL, NULL, NULL, 'courseimg1.png', NULL, NULL, 'strong junior', 3, 3, NULL),
	(55, 'Pre Intermediate', 'Pre Intermediate', 'Pre Intermediate', 'module2', 'ua', 0, 0, 0, 0, NULL, NULL, NULL, 'courseimg1.png', NULL, NULL, 'strong junior', 3, 3, NULL),
	(56, 'Intermediate', 'Intermediate', 'Intermediate', 'module3', 'ua', 0, 0, 0, 0, NULL, NULL, NULL, 'courseimg1.png', NULL, NULL, 'strong junior', 3, 3, NULL),
	(58, 'Построение индивидуального плана успешной ИТ карьеры.', 'How to build a  successful career in IT-high level', 'Побудова індивідуального плану успішної ІТ кар’єри', 'module2', 'ua', 0, 0, 0, 0, NULL, NULL, NULL, 'courseimg1.png', NULL, NULL, 'strong junior', 3, 3, NULL),
	(59, 'Эффективное трудоустройство', 'Effective employment', 'Ефективне працевлаштування', 'module2', 'ua', 0, 0, 0, 0, NULL, NULL, NULL, 'courseimg1.png', NULL, NULL, 'strong junior', 3, 3, NULL),
	(60, 'Психология успеха', 'The psychology of success', 'Психологія успіху', 'module3', 'ua', 0, 0, 0, 0, NULL, NULL, NULL, 'courseimg1.png', NULL, NULL, 'strong junior', 3, 3, NULL),
	(61, 'New module', 'New module', 'New module', 'module16', 'ua', 0, 0, 16, 0, NULL, NULL, NULL, 'courseimg1.png', NULL, NULL, 'strong junior', 3, 3, NULL),
	(62, 'Введение в программирование', 'Intro to Programming ', 'Вступ до програмування', 'module1', 'ru', 0, 0, 0, 0, NULL, NULL, NULL, 'courseimg1.png', NULL, NULL, 'strong junior', 3, 3, NULL),
	(63, 'Элементарная математика', 'Elementary math', 'Елементарна математика', 'module2', 'ru', 0, 0, 0, 0, NULL, NULL, NULL, 'courseimg1.png', NULL, NULL, 'strong junior', 3, 3, NULL),
	(64, 'Алгоритмизация и программирование на С', 'C  language programming and algorithmization', 'Алгоритмізація і програмування на мові С', 'module3', 'ru', 0, 0, 0, 0, NULL, NULL, NULL, 'courseimg1.png', NULL, NULL, 'strong junior', 3, 3, NULL),
	(65, 'Элементы высшей математики', 'Higher Math elements', 'Елементи вищої математики', 'module4', 'ru', 0, 0, 0, 0, NULL, NULL, NULL, 'courseimg1.png', NULL, NULL, 'strong junior', 3, 3, NULL),
	(66, 'Компьютерные сети. Основы', 'Computer networks', 'Комп\'ютерні мережі. Основи', 'module5', 'ru', 0, 0, 0, 0, NULL, NULL, NULL, 'courseimg1.png', NULL, NULL, 'strong junior', 3, 3, NULL),
	(67, 'Разработка и анализ алгоритмов. Комбинаторные алгоритмы', 'Algorithms processing and analyses.Combinatorial algorithms', 'Розробка та аналіз алгоритмів. Комбінаторні алгоритми.', 'module6', 'ru', 0, 0, 0, 0, NULL, NULL, NULL, 'courseimg1.png', NULL, NULL, 'strong junior', 3, 3, NULL),
	(68, 'Дискретная математика', 'Discrete Math', 'Дискретна математика', 'module7', 'ru', 0, 0, 0, 0, NULL, NULL, NULL, 'courseimg1.png', NULL, NULL, 'strong junior', 3, 3, NULL),
	(69, 'Базы данных. Основы', 'Databases', 'Бази даних. Основи', 'module8', 'ru', 0, 0, 0, 0, NULL, NULL, NULL, 'courseimg1.png', NULL, NULL, 'strong junior', 3, 3, NULL),
	(70, 'Программирование на РНР. Основы', 'PHP web programming (Part 1)', 'Програмування на PHP. Основи', 'module9', 'ru', 0, 0, 0, 0, NULL, NULL, NULL, 'courseimg1.png', NULL, NULL, 'strong junior', 3, 3, NULL),
	(71, 'Программирование на РНР (Часть 2)', 'PHP web programming (Part 2)', 'Програмування на PHP (Частина 2)', 'module10', 'ru', 0, 0, 0, 0, NULL, NULL, NULL, 'courseimg1.png', NULL, NULL, 'strong junior', 3, 3, NULL),
	(72, 'Верстка на HTML, CSS', 'HTML, CSS Website layout', 'Верстка на HTML, CSS', 'module11', 'ru', 0, 0, 0, 0, NULL, NULL, NULL, 'courseimg1.png', NULL, NULL, 'strong junior', 3, 3, NULL),
	(73, 'Программирование на JavaScript', 'JavaScript Programming', 'Програмування на JavaScript', 'module12', 'ru', 0, 0, 0, 0, NULL, NULL, NULL, 'courseimg1.png', NULL, NULL, 'strong junior', 3, 3, NULL),
	(74, 'Современные технологии разработки программ', 'Modern Technologies of Software Development', 'Сучасні технології розробки програм', 'module13', 'ru', 0, 0, 0, 0, NULL, NULL, NULL, 'courseimg1.png', NULL, NULL, 'strong junior', 3, 3, NULL),
	(75, 'Командный дипломный проект', 'Diploma team project', 'Командний дипломний проект', 'module14', 'ru', 0, 0, 0, 0, NULL, NULL, NULL, 'courseimg1.png', NULL, NULL, 'strong junior', 3, 3, NULL),
	(76, 'For beginners', 'For beginners', 'For beginners', 'module1', 'ru', 0, 0, 0, 0, NULL, NULL, NULL, 'courseimg1.png', NULL, NULL, 'middle', 3, 3, NULL),
	(77, 'Pre Intermediate', 'Pre Intermediate', 'Pre Intermediate', 'module2', 'ru', 0, 0, 0, 0, NULL, NULL, NULL, 'courseimg1.png', NULL, NULL, 'middle', 3, 3, NULL),
	(78, 'Intermediate', 'Intermediate', 'Intermediate', 'module3', 'ru', 0, 0, 0, 0, NULL, NULL, NULL, 'courseimg1.png', NULL, NULL, 'middle', 3, 3, NULL),
	(79, 'Построение индивидуального плана успешной ИТ карьеры.', 'How to build a  successful career in IT-high level', 'Побудова індивідуального плану успішної ІТ кар’єри', 'module1', 'ru', 0, 0, 0, 0, NULL, NULL, NULL, 'courseimg1.png', NULL, NULL, 'senior', 3, 3, NULL),
	(80, 'Эффективное трудоустройство', 'Effective employment', 'Ефективне працевлаштування', 'module2', 'ru', 0, 0, 0, 0, NULL, NULL, NULL, 'courseimg1.png', NULL, NULL, 'senior', 3, 3, NULL),
	(81, 'Психология успеха', 'The psychology of success', 'Психологія успіху', 'module3', 'ru', 0, 0, 0, 0, NULL, NULL, NULL, 'courseimg1.png', NULL, NULL, 'senior', 3, 3, NULL),
	(82, 'Введение в программирование', 'Intro to Programming ', 'Вступ до програмування', 'module1', 'ru', 0, 0, 0, 0, NULL, NULL, NULL, 'courseimg1.png', NULL, NULL, NULL, 3, 3, NULL),
	(83, 'Элементарная математика', 'Elementary math', 'Елементарна математика', 'module2', 'ru', 0, 0, 0, 0, NULL, NULL, NULL, 'courseimg1.png', NULL, NULL, NULL, 3, 3, NULL),
	(84, 'Алгоритмизация и программирование на С', 'C  language programming and algorithmization', 'Алгоритмізація і програмування на мові С', 'module3', 'ru', 0, 0, 0, 0, NULL, NULL, NULL, 'courseimg1.png', NULL, NULL, NULL, 3, 3, NULL),
	(85, 'Элементы высшей математики', 'Higher Math elements', 'Елементи вищої математики', 'module4', 'ru', 0, 0, 0, 0, NULL, NULL, NULL, 'courseimg1.png', NULL, NULL, NULL, 3, 3, NULL),
	(86, 'Компьютерные сети. Основы', 'Computer networks', 'Комп\'ютерні мережі. Основи', 'module5', 'ru', 0, 0, 0, 0, NULL, NULL, NULL, 'courseimg1.png', NULL, NULL, NULL, 3, 3, NULL),
	(87, 'Разработка и анализ алгоритмов. Комбинаторные алгоритмы', 'Algorithms processing and analyses.Combinatorial algorithms', 'Розробка та аналіз алгоритмів. Комбінаторні алгоритми.', 'module6', 'ru', 0, 0, 0, 0, NULL, NULL, NULL, 'courseimg1.png', NULL, NULL, NULL, 3, 3, NULL),
	(88, 'Дискретная математика', 'Discrete Math', 'Дискретна математика', 'module7', 'ru', 0, 0, 0, 0, NULL, NULL, NULL, 'courseimg1.png', NULL, NULL, NULL, 3, 3, NULL),
	(89, 'Базы данных. Основы', 'Databases', 'Бази даних. Основи', 'module8', 'ru', 0, 0, 0, 0, NULL, NULL, NULL, 'courseimg1.png', NULL, NULL, NULL, 3, 3, NULL),
	(90, 'Программирование на РНР. Основы', 'PHP web programming (Part 1)', 'Програмування на PHP. Основи', 'module9', 'ru', 0, 0, 0, 0, NULL, NULL, NULL, 'courseimg1.png', NULL, NULL, NULL, 3, 3, NULL),
	(91, 'Программирование на РНР (Часть 2)', 'PHP web programming (Part 2)', 'Програмування на PHP (Частина 2)', 'module10', 'ru', 0, 0, 0, 0, NULL, NULL, NULL, 'courseimg1.png', NULL, NULL, NULL, 3, 3, NULL),
	(92, 'Верстка на HTML, CSS', 'HTML, CSS Website layout', 'Верстка на HTML, CSS', 'module11', 'ru', 0, 0, 0, 0, NULL, NULL, NULL, 'courseimg1.png', NULL, NULL, NULL, 3, 3, NULL),
	(93, 'Программирование на JavaScript', 'JavaScript Programming', 'Програмування на JavaScript', 'module12', 'ru', 0, 0, 0, 0, NULL, NULL, NULL, 'courseimg1.png', NULL, NULL, NULL, 3, 3, NULL),
	(94, 'Современные технологии разработки программ', 'Modern Technologies of Software Development', 'Сучасні технології розробки програм', 'module13', 'ru', 0, 0, 0, 0, NULL, NULL, NULL, 'courseimg1.png', NULL, NULL, NULL, 3, 3, NULL),
	(95, 'Командный дипломный проект', 'Diploma team project', 'Командний дипломний проект', 'module14', 'ru', 0, 0, 0, 0, NULL, NULL, NULL, 'courseimg1.png', NULL, NULL, NULL, 3, 3, NULL),
	(96, 'Построение индивидуального плана успешной ИТ карьеры.', 'How to build a  successful career in IT-high level', 'Побудова індивідуального плану успішної ІТ кар’єри', 'module1', 'ru', 0, 0, 0, 0, NULL, NULL, NULL, 'courseimg1.png', NULL, NULL, NULL, 3, 3, NULL),
	(97, 'Эффективное трудоустройство', 'Effective employment', 'Ефективне працевлаштування', 'module2', 'ru', 0, 0, 0, 0, NULL, NULL, NULL, 'courseimg1.png', NULL, NULL, NULL, 3, 3, NULL),
	(98, 'Психология успеха', 'The psychology of success', 'Психологія успіху', 'module3', 'ru', 0, 0, 0, 0, NULL, NULL, NULL, 'courseimg1.png', NULL, NULL, NULL, 3, 3, NULL),
	(99, 'For beginners', 'For beginners', 'For beginners', 'module1', 'ru', 0, 0, 0, 0, NULL, NULL, NULL, 'courseimg1.png', NULL, NULL, NULL, 3, 3, NULL),
	(100, 'Pre Intermediate', 'Pre Intermediate', 'Pre Intermediate', 'module2', 'ru', 0, 0, 0, 0, NULL, NULL, NULL, 'courseimg1.png', NULL, NULL, NULL, 3, 3, NULL),
	(101, 'Intermediate', 'Intermediate', 'Intermediate', 'module3', 'ru', 0, 0, 0, 0, NULL, NULL, NULL, 'courseimg1.png', NULL, NULL, NULL, 3, 3, NULL),
	(121, 'Базы данных для интернет-программистов', 'Databases for web developers', 'Бази даних для інтернет-програмістів', 'module17', 'ua', 0, 0, 0, 0, NULL, NULL, NULL, 'courseimg1.png', NULL, NULL, NULL, 3, 3, NULL),
	(122, 'Регулярные выражения', 'Regular expressions', 'Регулярні вирази', 'module18', 'ua', 0, 0, 0, 0, NULL, NULL, NULL, 'courseimg1.png', NULL, NULL, NULL, 3, 3, NULL),
	(123, 'Стажировка', 'Traineeship', 'Стажування', 'module19', 'ua', 0, 0, 0, 0, NULL, NULL, NULL, 'courseimg1.png', NULL, NULL, NULL, 3, 3, NULL),
	(125, 'Російською', 'Англійською', 'Українською', 'module20', 'ua', 0, 0, 0, 0, NULL, NULL, NULL, 'courseimg1.png', NULL, NULL, NULL, 3, 3, NULL);
/*!40000 ALTER TABLE `module` ENABLE KEYS */;


-- Dumping structure for table int_ita_db.module_languages
DROP TABLE IF EXISTS `module_languages`;
CREATE TABLE IF NOT EXISTS `module_languages` (
  `id` int(10) NOT NULL AUTO_INCREMENT,
  `lang_ua` int(10) NOT NULL,
  `lang_ru` int(10) NOT NULL,
  `lang_en` int(10) NOT NULL,
  PRIMARY KEY (`id`),
  KEY `FK_module_languages_course` (`lang_ua`),
  KEY `FK_module_languages_course_2` (`lang_ru`),
  CONSTRAINT `FK_module_languages_course` FOREIGN KEY (`lang_ua`) REFERENCES `module` (`module_ID`),
  CONSTRAINT `FK_module_languages_course_2` FOREIGN KEY (`lang_ru`) REFERENCES `module` (`module_ID`)
) ENGINE=InnoDB AUTO_INCREMENT=12 DEFAULT CHARSET=utf8;

-- Dumping data for table int_ita_db.module_languages: ~10 rows (approximately)
/*!40000 ALTER TABLE `module_languages` DISABLE KEYS */;
INSERT INTO `module_languages` (`id`, `lang_ua`, `lang_ru`, `lang_en`) VALUES
	(1, 1, 62, 0),
	(2, 2, 63, 0),
	(3, 3, 64, 0),
	(5, 4, 65, 0),
	(6, 7, 66, 0),
	(7, 18, 72, 0),
	(8, 55, 77, 0),
	(9, 54, 76, 0),
	(10, 56, 78, 0),
	(11, 10, 68, 0);
/*!40000 ALTER TABLE `module_languages` ENABLE KEYS */;


-- Dumping structure for table int_ita_db.password_resets
DROP TABLE IF EXISTS `password_resets`;
CREATE TABLE IF NOT EXISTS `password_resets` (
  `email` varchar(255) COLLATE utf8_unicode_ci NOT NULL,
  `token` varchar(255) COLLATE utf8_unicode_ci NOT NULL,
  `created_at` timestamp NOT NULL DEFAULT '0000-00-00 00:00:00',
  KEY `password_resets_email_index` (`email`),
  KEY `password_resets_token_index` (`token`)
) ENGINE=InnoDB DEFAULT CHARSET=utf8 COLLATE=utf8_unicode_ci;

-- Dumping data for table int_ita_db.password_resets: ~0 rows (approximately)
/*!40000 ALTER TABLE `password_resets` DISABLE KEYS */;
/*!40000 ALTER TABLE `password_resets` ENABLE KEYS */;


-- Dumping structure for table int_ita_db.pay_courses
DROP TABLE IF EXISTS `pay_courses`;
CREATE TABLE IF NOT EXISTS `pay_courses` (
  `id_user` int(10) NOT NULL,
  `id_course` int(10) NOT NULL,
  `rights` tinyint(10) NOT NULL,
  KEY `FK_pay_course_user` (`id_user`),
  KEY `FK_pay_course_course` (`id_course`),
  CONSTRAINT `FK_pay_course_course` FOREIGN KEY (`id_course`) REFERENCES `course` (`course_ID`),
  CONSTRAINT `FK_pay_course_user` FOREIGN KEY (`id_user`) REFERENCES `user` (`id`)
) ENGINE=InnoDB DEFAULT CHARSET=utf8 COMMENT='User rights for courses: TINYINT(10) \r\n0 - read\r\n1 - edit\r\n2 - create\r\n3 - delete  ';

-- Dumping data for table int_ita_db.pay_courses: ~23 rows (approximately)
/*!40000 ALTER TABLE `pay_courses` DISABLE KEYS */;
INSERT INTO `pay_courses` (`id_user`, `id_course`, `rights`) VALUES
	(38, 1, 1),
	(46, 6, 1),
	(51, 4, 1),
	(22, 3, 1),
	(22, 1, 1),
	(22, 21, 1),
	(11, 1, 1),
	(38, 3, 1),
	(1, 1, 1),
	(45, 1, 1),
	(115, 19, 1),
	(106, 1, 1),
	(106, 7, 1),
	(40, 21, 1),
	(1, 21, 1),
	(121, 1, 1),
	(56, 5, 1),
	(42, 20, 1),
	(51, 1, 1),
	(51, 5, 1),
	(40, 1, 1),
	(129, 6, 1),
	(51, 14, 1);
/*!40000 ALTER TABLE `pay_courses` ENABLE KEYS */;


-- Dumping structure for table int_ita_db.pay_modules
DROP TABLE IF EXISTS `pay_modules`;
CREATE TABLE IF NOT EXISTS `pay_modules` (
  `id_user` int(10) NOT NULL,
  `id_module` int(10) NOT NULL,
  `rights` tinyint(10) NOT NULL,
  KEY `FK_pay_modules_user` (`id_user`),
  KEY `FK_pay_modules_module` (`id_module`),
  CONSTRAINT `FK_pay_modules_module` FOREIGN KEY (`id_module`) REFERENCES `module` (`module_ID`),
  CONSTRAINT `FK_pay_modules_user` FOREIGN KEY (`id_user`) REFERENCES `user` (`id`)
) ENGINE=InnoDB DEFAULT CHARSET=utf8 COMMENT='User rights for modules: TINYINT(10) \r\n0 - read\r\n1 - edit\r\n2 - create\r\n3 - delete  ';

-- Dumping data for table int_ita_db.pay_modules: ~58 rows (approximately)
/*!40000 ALTER TABLE `pay_modules` DISABLE KEYS */;
INSERT INTO `pay_modules` (`id_user`, `id_module`, `rights`) VALUES
	(38, 1, 3),
	(38, 61, 3),
	(38, 1, 3),
	(39, 1, 3),
	(40, 1, 3),
	(41, 1, 3),
	(40, 2, 3),
	(41, 2, 3),
	(38, 3, 3),
	(41, 3, 3),
	(41, 4, 3),
	(40, 9, 3),
	(41, 9, 3),
	(38, 10, 3),
	(41, 10, 3),
	(38, 7, 3),
	(42, 7, 3),
	(39, 11, 3),
	(38, 14, 3),
	(41, 16, 3),
	(40, 17, 3),
	(38, 18, 3),
	(40, 20, 3),
	(41, 22, 3),
	(39, 23, 3),
	(38, 20, 3),
	(39, 2, 3),
	(22, 3, 1),
	(22, 1, 1),
	(22, 23, 1),
	(22, 7, 1),
	(11, 3, 1),
	(39, 61, 1),
	(22, 55, 1),
	(109, 1, 3),
	(39, 14, 3),
	(22, 2, 1),
	(108, 2, 3),
	(115, 2, 1),
	(106, 2, 1),
	(117, 3, 3),
	(117, 10, 3),
	(38, 23, 1),
	(38, 100, 1),
	(38, 101, 1),
	(51, 22, 1),
	(52, 1, 1),
	(52, 2, 1),
	(121, 1, 1),
	(121, 23, 1),
	(1, 61, 1),
	(1, 2, 1),
	(129, 1, 1),
	(129, 3, 1),
	(1, 7, 1),
	(129, 7, 1),
	(129, 61, 1),
	(130, 11, 3);
/*!40000 ALTER TABLE `pay_modules` ENABLE KEYS */;


-- Dumping structure for table int_ita_db.permissions
DROP TABLE IF EXISTS `permissions`;
CREATE TABLE IF NOT EXISTS `permissions` (
  `id_user` int(11) NOT NULL,
  `id_resource` int(11) NOT NULL,
  `rights` tinyint(10) NOT NULL,
  PRIMARY KEY (`id_user`,`id_resource`),
  KEY `FK_permissions_lectures` (`id_resource`)
) ENGINE=InnoDB DEFAULT CHARSET=utf8 COMMENT='User rights for lectures: TINYINT(10) \r\n0 - read\r\n1 - edit\r\n2 - create\r\n3 - delete  ';

-- Dumping data for table int_ita_db.permissions: ~0 rows (approximately)
/*!40000 ALTER TABLE `permissions` DISABLE KEYS */;
/*!40000 ALTER TABLE `permissions` ENABLE KEYS */;


-- Dumping structure for table int_ita_db.phpbb_acl_groups
DROP TABLE IF EXISTS `phpbb_acl_groups`;
CREATE TABLE IF NOT EXISTS `phpbb_acl_groups` (
  `group_id` mediumint(8) unsigned NOT NULL DEFAULT '0',
  `forum_id` mediumint(8) unsigned NOT NULL DEFAULT '0',
  `auth_option_id` mediumint(8) unsigned NOT NULL DEFAULT '0',
  `auth_role_id` mediumint(8) unsigned NOT NULL DEFAULT '0',
  `auth_setting` tinyint(2) NOT NULL DEFAULT '0',
  KEY `group_id` (`group_id`),
  KEY `auth_opt_id` (`auth_option_id`),
  KEY `auth_role_id` (`auth_role_id`)
) ENGINE=InnoDB DEFAULT CHARSET=utf8 COLLATE=utf8_bin;

-- Dumping data for table int_ita_db.phpbb_acl_groups: ~106 rows (approximately)
/*!40000 ALTER TABLE `phpbb_acl_groups` DISABLE KEYS */;
INSERT INTO `phpbb_acl_groups` (`group_id`, `forum_id`, `auth_option_id`, `auth_role_id`, `auth_setting`) VALUES
	(1, 0, 88, 0, 1),
	(1, 0, 97, 0, 1),
	(1, 0, 115, 0, 1),
	(5, 0, 0, 5, 0),
	(5, 0, 0, 1, 0),
	(2, 0, 0, 6, 0),
	(3, 0, 0, 6, 0),
	(4, 0, 0, 5, 0),
	(4, 0, 0, 10, 0),
	(7, 0, 0, 23, 0),
	(1, 15, 0, 17, 0),
	(2, 15, 0, 22, 0),
	(5, 15, 0, 14, 0),
	(1, 16, 0, 17, 0),
	(2, 16, 0, 22, 0),
	(5, 16, 0, 14, 0),
	(1, 17, 0, 17, 0),
	(2, 17, 0, 22, 0),
	(5, 17, 0, 14, 0),
	(1, 18, 0, 17, 0),
	(2, 18, 0, 22, 0),
	(5, 18, 0, 14, 0),
	(1, 19, 0, 17, 0),
	(2, 19, 0, 22, 0),
	(5, 19, 0, 14, 0),
	(1, 20, 0, 17, 0),
	(2, 20, 0, 22, 0),
	(5, 20, 0, 14, 0),
	(1, 21, 0, 17, 0),
	(2, 21, 0, 22, 0),
	(5, 21, 0, 14, 0),
	(1, 24, 0, 17, 0),
	(2, 24, 0, 22, 0),
	(5, 24, 0, 14, 0),
	(1, 25, 0, 17, 0),
	(2, 25, 0, 22, 0),
	(5, 25, 0, 14, 0),
	(1, 26, 0, 17, 0),
	(2, 26, 0, 22, 0),
	(5, 26, 0, 14, 0),
	(1, 27, 0, 17, 0),
	(2, 27, 0, 22, 0),
	(5, 27, 0, 14, 0),
	(1, 28, 0, 17, 0),
	(2, 28, 0, 22, 0),
	(5, 28, 0, 14, 0),
	(1, 29, 0, 17, 0),
	(2, 29, 0, 22, 0),
	(5, 29, 0, 14, 0),
	(1, 30, 0, 17, 0),
	(2, 30, 0, 22, 0),
	(5, 30, 0, 14, 0),
	(1, 31, 0, 17, 0),
	(2, 31, 0, 22, 0),
	(5, 31, 0, 14, 0),
	(1, 32, 0, 17, 0),
	(2, 32, 0, 22, 0),
	(5, 32, 0, 14, 0),
	(1, 33, 0, 17, 0),
	(2, 33, 0, 22, 0),
	(5, 33, 0, 14, 0),
	(1, 34, 0, 17, 0),
	(2, 34, 0, 22, 0),
	(5, 34, 0, 14, 0),
	(1, 35, 0, 17, 0),
	(2, 35, 0, 22, 0),
	(5, 35, 0, 14, 0),
	(1, 36, 0, 17, 0),
	(2, 36, 0, 22, 0),
	(5, 36, 0, 14, 0),
	(1, 37, 0, 17, 0),
	(2, 37, 0, 22, 0),
	(5, 37, 0, 14, 0),
	(1, 38, 0, 17, 0),
	(2, 38, 0, 22, 0),
	(5, 38, 0, 14, 0),
	(1, 39, 0, 17, 0),
	(2, 39, 0, 22, 0),
	(5, 39, 0, 14, 0),
	(1, 40, 0, 17, 0),
	(2, 40, 0, 22, 0),
	(5, 40, 0, 14, 0),
	(1, 41, 0, 17, 0),
	(2, 41, 0, 22, 0),
	(5, 41, 0, 14, 0),
	(1, 42, 0, 17, 0),
	(2, 42, 0, 22, 0),
	(5, 42, 0, 14, 0),
	(1, 43, 0, 17, 0),
	(2, 43, 0, 22, 0),
	(5, 43, 0, 14, 0),
	(1, 44, 0, 17, 0),
	(2, 44, 0, 22, 0),
	(5, 44, 0, 14, 0),
	(1, 45, 0, 17, 0),
	(2, 45, 0, 22, 0),
	(5, 45, 0, 14, 0),
	(1, 46, 0, 17, 0),
	(2, 46, 0, 22, 0),
	(5, 46, 0, 14, 0),
	(1, 47, 0, 17, 0),
	(2, 47, 0, 22, 0),
	(5, 47, 0, 14, 0),
	(1, 48, 0, 17, 0),
	(2, 48, 0, 22, 0),
	(5, 48, 0, 14, 0);
/*!40000 ALTER TABLE `phpbb_acl_groups` ENABLE KEYS */;


-- Dumping structure for table int_ita_db.phpbb_acl_options
DROP TABLE IF EXISTS `phpbb_acl_options`;
CREATE TABLE IF NOT EXISTS `phpbb_acl_options` (
  `auth_option_id` mediumint(8) unsigned NOT NULL AUTO_INCREMENT,
  `auth_option` varchar(50) COLLATE utf8_bin NOT NULL DEFAULT '',
  `is_global` tinyint(1) unsigned NOT NULL DEFAULT '0',
  `is_local` tinyint(1) unsigned NOT NULL DEFAULT '0',
  `founder_only` tinyint(1) unsigned NOT NULL DEFAULT '0',
  PRIMARY KEY (`auth_option_id`),
  UNIQUE KEY `auth_option` (`auth_option`)
) ENGINE=InnoDB AUTO_INCREMENT=122 DEFAULT CHARSET=utf8 COLLATE=utf8_bin;

-- Dumping data for table int_ita_db.phpbb_acl_options: ~121 rows (approximately)
/*!40000 ALTER TABLE `phpbb_acl_options` DISABLE KEYS */;
INSERT INTO `phpbb_acl_options` (`auth_option_id`, `auth_option`, `is_global`, `is_local`, `founder_only`) VALUES
	(1, 'f_', 0, 1, 0),
	(2, 'f_announce', 0, 1, 0),
	(3, 'f_attach', 0, 1, 0),
	(4, 'f_bbcode', 0, 1, 0),
	(5, 'f_bump', 0, 1, 0),
	(6, 'f_delete', 0, 1, 0),
	(7, 'f_download', 0, 1, 0),
	(8, 'f_edit', 0, 1, 0),
	(9, 'f_email', 0, 1, 0),
	(10, 'f_flash', 0, 1, 0),
	(11, 'f_icons', 0, 1, 0),
	(12, 'f_ignoreflood', 0, 1, 0),
	(13, 'f_img', 0, 1, 0),
	(14, 'f_list', 0, 1, 0),
	(15, 'f_noapprove', 0, 1, 0),
	(16, 'f_poll', 0, 1, 0),
	(17, 'f_post', 0, 1, 0),
	(18, 'f_postcount', 0, 1, 0),
	(19, 'f_print', 0, 1, 0),
	(20, 'f_read', 0, 1, 0),
	(21, 'f_reply', 0, 1, 0),
	(22, 'f_report', 0, 1, 0),
	(23, 'f_search', 0, 1, 0),
	(24, 'f_sigs', 0, 1, 0),
	(25, 'f_smilies', 0, 1, 0),
	(26, 'f_sticky', 0, 1, 0),
	(27, 'f_subscribe', 0, 1, 0),
	(28, 'f_user_lock', 0, 1, 0),
	(29, 'f_vote', 0, 1, 0),
	(30, 'f_votechg', 0, 1, 0),
	(31, 'f_softdelete', 0, 1, 0),
	(32, 'm_', 1, 1, 0),
	(33, 'm_approve', 1, 1, 0),
	(34, 'm_chgposter', 1, 1, 0),
	(35, 'm_delete', 1, 1, 0),
	(36, 'm_edit', 1, 1, 0),
	(37, 'm_info', 1, 1, 0),
	(38, 'm_lock', 1, 1, 0),
	(39, 'm_merge', 1, 1, 0),
	(40, 'm_move', 1, 1, 0),
	(41, 'm_report', 1, 1, 0),
	(42, 'm_split', 1, 1, 0),
	(43, 'm_softdelete', 1, 1, 0),
	(44, 'm_ban', 1, 0, 0),
	(45, 'm_warn', 1, 0, 0),
	(46, 'a_', 1, 0, 0),
	(47, 'a_aauth', 1, 0, 0),
	(48, 'a_attach', 1, 0, 0),
	(49, 'a_authgroups', 1, 0, 0),
	(50, 'a_authusers', 1, 0, 0),
	(51, 'a_backup', 1, 0, 0),
	(52, 'a_ban', 1, 0, 0),
	(53, 'a_bbcode', 1, 0, 0),
	(54, 'a_board', 1, 0, 0),
	(55, 'a_bots', 1, 0, 0),
	(56, 'a_clearlogs', 1, 0, 0),
	(57, 'a_email', 1, 0, 0),
	(58, 'a_extensions', 1, 0, 0),
	(59, 'a_fauth', 1, 0, 0),
	(60, 'a_forum', 1, 0, 0),
	(61, 'a_forumadd', 1, 0, 0),
	(62, 'a_forumdel', 1, 0, 0),
	(63, 'a_group', 1, 0, 0),
	(64, 'a_groupadd', 1, 0, 0),
	(65, 'a_groupdel', 1, 0, 0),
	(66, 'a_icons', 1, 0, 0),
	(67, 'a_jabber', 1, 0, 0),
	(68, 'a_language', 1, 0, 0),
	(69, 'a_mauth', 1, 0, 0),
	(70, 'a_modules', 1, 0, 0),
	(71, 'a_names', 1, 0, 0),
	(72, 'a_phpinfo', 1, 0, 0),
	(73, 'a_profile', 1, 0, 0),
	(74, 'a_prune', 1, 0, 0),
	(75, 'a_ranks', 1, 0, 0),
	(76, 'a_reasons', 1, 0, 0),
	(77, 'a_roles', 1, 0, 0),
	(78, 'a_search', 1, 0, 0),
	(79, 'a_server', 1, 0, 0),
	(80, 'a_styles', 1, 0, 0),
	(81, 'a_switchperm', 1, 0, 0),
	(82, 'a_uauth', 1, 0, 0),
	(83, 'a_user', 1, 0, 0),
	(84, 'a_userdel', 1, 0, 0),
	(85, 'a_viewauth', 1, 0, 0),
	(86, 'a_viewlogs', 1, 0, 0),
	(87, 'a_words', 1, 0, 0),
	(88, 'u_', 1, 0, 0),
	(89, 'u_attach', 1, 0, 0),
	(90, 'u_chgavatar', 1, 0, 0),
	(91, 'u_chgcensors', 1, 0, 0),
	(92, 'u_chgemail', 1, 0, 0),
	(93, 'u_chggrp', 1, 0, 0),
	(94, 'u_chgname', 1, 0, 0),
	(95, 'u_chgpasswd', 1, 0, 0),
	(96, 'u_chgprofileinfo', 1, 0, 0),
	(97, 'u_download', 1, 0, 0),
	(98, 'u_hideonline', 1, 0, 0),
	(99, 'u_ignoreflood', 1, 0, 0),
	(100, 'u_masspm', 1, 0, 0),
	(101, 'u_masspm_group', 1, 0, 0),
	(102, 'u_pm_attach', 1, 0, 0),
	(103, 'u_pm_bbcode', 1, 0, 0),
	(104, 'u_pm_delete', 1, 0, 0),
	(105, 'u_pm_download', 1, 0, 0),
	(106, 'u_pm_edit', 1, 0, 0),
	(107, 'u_pm_emailpm', 1, 0, 0),
	(108, 'u_pm_flash', 1, 0, 0),
	(109, 'u_pm_forward', 1, 0, 0),
	(110, 'u_pm_img', 1, 0, 0),
	(111, 'u_pm_printpm', 1, 0, 0),
	(112, 'u_pm_smilies', 1, 0, 0),
	(113, 'u_readpm', 1, 0, 0),
	(114, 'u_savedrafts', 1, 0, 0),
	(115, 'u_search', 1, 0, 0),
	(116, 'u_sendemail', 1, 0, 0),
	(117, 'u_sendim', 1, 0, 0),
	(118, 'u_sendpm', 1, 0, 0),
	(119, 'u_sig', 1, 0, 0),
	(120, 'u_viewonline', 1, 0, 0),
	(121, 'u_viewprofile', 1, 0, 0);
/*!40000 ALTER TABLE `phpbb_acl_options` ENABLE KEYS */;


-- Dumping structure for table int_ita_db.phpbb_acl_roles
DROP TABLE IF EXISTS `phpbb_acl_roles`;
CREATE TABLE IF NOT EXISTS `phpbb_acl_roles` (
  `role_id` mediumint(8) unsigned NOT NULL AUTO_INCREMENT,
  `role_name` varchar(255) COLLATE utf8_bin NOT NULL DEFAULT '',
  `role_description` text COLLATE utf8_bin NOT NULL,
  `role_type` varchar(10) COLLATE utf8_bin NOT NULL DEFAULT '',
  `role_order` smallint(4) unsigned NOT NULL DEFAULT '0',
  PRIMARY KEY (`role_id`),
  KEY `role_type` (`role_type`),
  KEY `role_order` (`role_order`)
) ENGINE=InnoDB AUTO_INCREMENT=25 DEFAULT CHARSET=utf8 COLLATE=utf8_bin;

-- Dumping data for table int_ita_db.phpbb_acl_roles: ~24 rows (approximately)
/*!40000 ALTER TABLE `phpbb_acl_roles` DISABLE KEYS */;
INSERT INTO `phpbb_acl_roles` (`role_id`, `role_name`, `role_description`, `role_type`, `role_order`) VALUES
	(1, 'ROLE_ADMIN_STANDARD', 'ROLE_DESCRIPTION_ADMIN_STANDARD', 'a_', 1),
	(2, 'ROLE_ADMIN_FORUM', 'ROLE_DESCRIPTION_ADMIN_FORUM', 'a_', 3),
	(3, 'ROLE_ADMIN_USERGROUP', 'ROLE_DESCRIPTION_ADMIN_USERGROUP', 'a_', 4),
	(4, 'ROLE_ADMIN_FULL', 'ROLE_DESCRIPTION_ADMIN_FULL', 'a_', 2),
	(5, 'ROLE_USER_FULL', 'ROLE_DESCRIPTION_USER_FULL', 'u_', 3),
	(6, 'ROLE_USER_STANDARD', 'ROLE_DESCRIPTION_USER_STANDARD', 'u_', 1),
	(7, 'ROLE_USER_LIMITED', 'ROLE_DESCRIPTION_USER_LIMITED', 'u_', 2),
	(8, 'ROLE_USER_NOPM', 'ROLE_DESCRIPTION_USER_NOPM', 'u_', 4),
	(9, 'ROLE_USER_NOAVATAR', 'ROLE_DESCRIPTION_USER_NOAVATAR', 'u_', 5),
	(10, 'ROLE_MOD_FULL', 'ROLE_DESCRIPTION_MOD_FULL', 'm_', 3),
	(11, 'ROLE_MOD_STANDARD', 'ROLE_DESCRIPTION_MOD_STANDARD', 'm_', 1),
	(12, 'ROLE_MOD_SIMPLE', 'ROLE_DESCRIPTION_MOD_SIMPLE', 'm_', 2),
	(13, 'ROLE_MOD_QUEUE', 'ROLE_DESCRIPTION_MOD_QUEUE', 'm_', 4),
	(14, 'ROLE_FORUM_FULL', 'ROLE_DESCRIPTION_FORUM_FULL', 'f_', 7),
	(15, 'ROLE_FORUM_STANDARD', 'ROLE_DESCRIPTION_FORUM_STANDARD', 'f_', 5),
	(16, 'ROLE_FORUM_NOACCESS', 'ROLE_DESCRIPTION_FORUM_NOACCESS', 'f_', 1),
	(17, 'ROLE_FORUM_READONLY', 'ROLE_DESCRIPTION_FORUM_READONLY', 'f_', 2),
	(18, 'ROLE_FORUM_LIMITED', 'ROLE_DESCRIPTION_FORUM_LIMITED', 'f_', 3),
	(19, 'ROLE_FORUM_BOT', 'ROLE_DESCRIPTION_FORUM_BOT', 'f_', 9),
	(20, 'ROLE_FORUM_ONQUEUE', 'ROLE_DESCRIPTION_FORUM_ONQUEUE', 'f_', 8),
	(21, 'ROLE_FORUM_POLLS', 'ROLE_DESCRIPTION_FORUM_POLLS', 'f_', 6),
	(22, 'ROLE_FORUM_LIMITED_POLLS', 'ROLE_DESCRIPTION_FORUM_LIMITED_POLLS', 'f_', 4),
	(23, 'ROLE_USER_NEW_MEMBER', 'ROLE_DESCRIPTION_USER_NEW_MEMBER', 'u_', 6),
	(24, 'ROLE_FORUM_NEW_MEMBER', 'ROLE_DESCRIPTION_FORUM_NEW_MEMBER', 'f_', 10);
/*!40000 ALTER TABLE `phpbb_acl_roles` ENABLE KEYS */;


-- Dumping structure for table int_ita_db.phpbb_acl_roles_data
DROP TABLE IF EXISTS `phpbb_acl_roles_data`;
CREATE TABLE IF NOT EXISTS `phpbb_acl_roles_data` (
  `role_id` mediumint(8) unsigned NOT NULL DEFAULT '0',
  `auth_option_id` mediumint(8) unsigned NOT NULL DEFAULT '0',
  `auth_setting` tinyint(2) NOT NULL DEFAULT '0',
  PRIMARY KEY (`role_id`,`auth_option_id`),
  KEY `ath_op_id` (`auth_option_id`)
) ENGINE=InnoDB DEFAULT CHARSET=utf8 COLLATE=utf8_bin;

-- Dumping data for table int_ita_db.phpbb_acl_roles_data: ~406 rows (approximately)
/*!40000 ALTER TABLE `phpbb_acl_roles_data` DISABLE KEYS */;
INSERT INTO `phpbb_acl_roles_data` (`role_id`, `auth_option_id`, `auth_setting`) VALUES
	(1, 46, 1),
	(1, 48, 1),
	(1, 49, 1),
	(1, 50, 1),
	(1, 52, 1),
	(1, 53, 1),
	(1, 54, 1),
	(1, 58, 1),
	(1, 59, 1),
	(1, 60, 1),
	(1, 61, 1),
	(1, 62, 1),
	(1, 63, 1),
	(1, 64, 1),
	(1, 65, 1),
	(1, 66, 1),
	(1, 69, 1),
	(1, 71, 1),
	(1, 73, 1),
	(1, 74, 1),
	(1, 75, 1),
	(1, 76, 1),
	(1, 82, 1),
	(1, 83, 1),
	(1, 84, 1),
	(1, 85, 1),
	(1, 86, 1),
	(1, 87, 1),
	(2, 46, 1),
	(2, 49, 1),
	(2, 50, 1),
	(2, 59, 1),
	(2, 60, 1),
	(2, 61, 1),
	(2, 62, 1),
	(2, 69, 1),
	(2, 74, 1),
	(2, 82, 1),
	(2, 85, 1),
	(2, 86, 1),
	(3, 46, 1),
	(3, 49, 1),
	(3, 50, 1),
	(3, 52, 1),
	(3, 63, 1),
	(3, 64, 1),
	(3, 65, 1),
	(3, 75, 1),
	(3, 82, 1),
	(3, 83, 1),
	(3, 85, 1),
	(3, 86, 1),
	(4, 46, 1),
	(4, 47, 1),
	(4, 48, 1),
	(4, 49, 1),
	(4, 50, 1),
	(4, 51, 1),
	(4, 52, 1),
	(4, 53, 1),
	(4, 54, 1),
	(4, 55, 1),
	(4, 56, 1),
	(4, 57, 1),
	(4, 58, 1),
	(4, 59, 1),
	(4, 60, 1),
	(4, 61, 1),
	(4, 62, 1),
	(4, 63, 1),
	(4, 64, 1),
	(4, 65, 1),
	(4, 66, 1),
	(4, 67, 1),
	(4, 68, 1),
	(4, 69, 1),
	(4, 70, 1),
	(4, 71, 1),
	(4, 72, 1),
	(4, 73, 1),
	(4, 74, 1),
	(4, 75, 1),
	(4, 76, 1),
	(4, 77, 1),
	(4, 78, 1),
	(4, 79, 1),
	(4, 80, 1),
	(4, 81, 1),
	(4, 82, 1),
	(4, 83, 1),
	(4, 84, 1),
	(4, 85, 1),
	(4, 86, 1),
	(4, 87, 1),
	(5, 88, 1),
	(5, 89, 1),
	(5, 90, 1),
	(5, 91, 1),
	(5, 92, 1),
	(5, 93, 1),
	(5, 94, 1),
	(5, 95, 1),
	(5, 96, 1),
	(5, 97, 1),
	(5, 98, 1),
	(5, 99, 1),
	(5, 100, 1),
	(5, 101, 1),
	(5, 102, 1),
	(5, 103, 1),
	(5, 104, 1),
	(5, 105, 1),
	(5, 106, 1),
	(5, 107, 1),
	(5, 108, 1),
	(5, 109, 1),
	(5, 110, 1),
	(5, 111, 1),
	(5, 112, 1),
	(5, 113, 1),
	(5, 114, 1),
	(5, 115, 1),
	(5, 116, 1),
	(5, 117, 1),
	(5, 118, 1),
	(5, 119, 1),
	(5, 120, 1),
	(5, 121, 1),
	(6, 88, 1),
	(6, 89, 1),
	(6, 90, 1),
	(6, 91, 1),
	(6, 92, 1),
	(6, 95, 1),
	(6, 96, 1),
	(6, 97, 1),
	(6, 98, 1),
	(6, 100, 1),
	(6, 101, 1),
	(6, 102, 1),
	(6, 103, 1),
	(6, 104, 1),
	(6, 105, 1),
	(6, 106, 1),
	(6, 107, 1),
	(6, 110, 1),
	(6, 111, 1),
	(6, 112, 1),
	(6, 113, 1),
	(6, 114, 1),
	(6, 115, 1),
	(6, 116, 1),
	(6, 117, 1),
	(6, 118, 1),
	(6, 119, 1),
	(6, 121, 1),
	(7, 88, 1),
	(7, 90, 1),
	(7, 91, 1),
	(7, 92, 1),
	(7, 95, 1),
	(7, 96, 1),
	(7, 97, 1),
	(7, 98, 1),
	(7, 103, 1),
	(7, 104, 1),
	(7, 105, 1),
	(7, 106, 1),
	(7, 109, 1),
	(7, 110, 1),
	(7, 111, 1),
	(7, 112, 1),
	(7, 113, 1),
	(7, 118, 1),
	(7, 119, 1),
	(7, 121, 1),
	(8, 88, 1),
	(8, 90, 1),
	(8, 91, 1),
	(8, 92, 1),
	(8, 95, 1),
	(8, 97, 1),
	(8, 98, 1),
	(8, 100, 0),
	(8, 101, 0),
	(8, 113, 0),
	(8, 118, 0),
	(8, 119, 1),
	(8, 121, 1),
	(9, 88, 1),
	(9, 90, 0),
	(9, 91, 1),
	(9, 92, 1),
	(9, 95, 1),
	(9, 96, 1),
	(9, 97, 1),
	(9, 98, 1),
	(9, 103, 1),
	(9, 104, 1),
	(9, 105, 1),
	(9, 106, 1),
	(9, 109, 1),
	(9, 110, 1),
	(9, 111, 1),
	(9, 112, 1),
	(9, 113, 1),
	(9, 118, 1),
	(9, 119, 1),
	(9, 121, 1),
	(10, 32, 1),
	(10, 33, 1),
	(10, 34, 1),
	(10, 35, 1),
	(10, 36, 1),
	(10, 37, 1),
	(10, 38, 1),
	(10, 39, 1),
	(10, 40, 1),
	(10, 41, 1),
	(10, 42, 1),
	(10, 43, 1),
	(10, 44, 1),
	(10, 45, 1),
	(11, 32, 1),
	(11, 33, 1),
	(11, 35, 1),
	(11, 36, 1),
	(11, 37, 1),
	(11, 38, 1),
	(11, 39, 1),
	(11, 40, 1),
	(11, 41, 1),
	(11, 42, 1),
	(11, 43, 1),
	(11, 45, 1),
	(12, 32, 1),
	(12, 35, 1),
	(12, 36, 1),
	(12, 37, 1),
	(12, 41, 1),
	(12, 43, 1),
	(13, 32, 1),
	(13, 33, 1),
	(13, 36, 1),
	(14, 1, 1),
	(14, 2, 1),
	(14, 3, 1),
	(14, 4, 1),
	(14, 5, 1),
	(14, 6, 1),
	(14, 7, 1),
	(14, 8, 1),
	(14, 9, 1),
	(14, 10, 1),
	(14, 11, 1),
	(14, 12, 1),
	(14, 13, 1),
	(14, 14, 1),
	(14, 15, 1),
	(14, 16, 1),
	(14, 17, 1),
	(14, 18, 1),
	(14, 19, 1),
	(14, 20, 1),
	(14, 21, 1),
	(14, 22, 1),
	(14, 23, 1),
	(14, 24, 1),
	(14, 25, 1),
	(14, 26, 1),
	(14, 27, 1),
	(14, 28, 1),
	(14, 29, 1),
	(14, 30, 1),
	(14, 31, 1),
	(15, 1, 1),
	(15, 3, 1),
	(15, 4, 1),
	(15, 5, 1),
	(15, 6, 1),
	(15, 7, 1),
	(15, 8, 1),
	(15, 9, 1),
	(15, 11, 1),
	(15, 13, 1),
	(15, 14, 1),
	(15, 15, 1),
	(15, 17, 1),
	(15, 18, 1),
	(15, 19, 1),
	(15, 20, 1),
	(15, 21, 1),
	(15, 22, 1),
	(15, 23, 1),
	(15, 24, 1),
	(15, 25, 1),
	(15, 27, 1),
	(15, 29, 1),
	(15, 30, 1),
	(15, 31, 1),
	(16, 1, 0),
	(17, 1, 1),
	(17, 7, 1),
	(17, 14, 1),
	(17, 19, 1),
	(17, 20, 1),
	(17, 23, 1),
	(17, 27, 1),
	(18, 1, 1),
	(18, 4, 1),
	(18, 7, 1),
	(18, 8, 1),
	(18, 9, 1),
	(18, 13, 1),
	(18, 14, 1),
	(18, 15, 1),
	(18, 17, 1),
	(18, 18, 1),
	(18, 19, 1),
	(18, 20, 1),
	(18, 21, 1),
	(18, 22, 1),
	(18, 23, 1),
	(18, 24, 1),
	(18, 25, 1),
	(18, 27, 1),
	(18, 29, 1),
	(18, 31, 1),
	(19, 1, 1),
	(19, 7, 1),
	(19, 14, 1),
	(19, 19, 1),
	(19, 20, 1),
	(20, 1, 1),
	(20, 3, 1),
	(20, 4, 1),
	(20, 7, 1),
	(20, 8, 1),
	(20, 9, 1),
	(20, 13, 1),
	(20, 14, 1),
	(20, 15, 0),
	(20, 17, 1),
	(20, 18, 1),
	(20, 19, 1),
	(20, 20, 1),
	(20, 21, 1),
	(20, 22, 1),
	(20, 23, 1),
	(20, 24, 1),
	(20, 25, 1),
	(20, 27, 1),
	(20, 29, 1),
	(20, 31, 1),
	(21, 1, 1),
	(21, 3, 1),
	(21, 4, 1),
	(21, 5, 1),
	(21, 6, 1),
	(21, 7, 1),
	(21, 8, 1),
	(21, 9, 1),
	(21, 11, 1),
	(21, 13, 1),
	(21, 14, 1),
	(21, 15, 1),
	(21, 16, 1),
	(21, 17, 1),
	(21, 18, 1),
	(21, 19, 1),
	(21, 20, 1),
	(21, 21, 1),
	(21, 22, 1),
	(21, 23, 1),
	(21, 24, 1),
	(21, 25, 1),
	(21, 27, 1),
	(21, 29, 1),
	(21, 30, 1),
	(21, 31, 1),
	(22, 1, 1),
	(22, 4, 1),
	(22, 7, 1),
	(22, 8, 1),
	(22, 9, 1),
	(22, 13, 1),
	(22, 14, 1),
	(22, 15, 1),
	(22, 16, 1),
	(22, 17, 1),
	(22, 18, 1),
	(22, 19, 1),
	(22, 20, 1),
	(22, 21, 1),
	(22, 22, 1),
	(22, 23, 1),
	(22, 24, 1),
	(22, 25, 1),
	(22, 27, 1),
	(22, 29, 1),
	(22, 31, 1),
	(23, 96, 0),
	(23, 100, 0),
	(23, 101, 0),
	(23, 118, 0),
	(24, 15, 0);
/*!40000 ALTER TABLE `phpbb_acl_roles_data` ENABLE KEYS */;


-- Dumping structure for table int_ita_db.phpbb_acl_users
DROP TABLE IF EXISTS `phpbb_acl_users`;
CREATE TABLE IF NOT EXISTS `phpbb_acl_users` (
  `user_id` mediumint(8) unsigned NOT NULL DEFAULT '0',
  `forum_id` mediumint(8) unsigned NOT NULL DEFAULT '0',
  `auth_option_id` mediumint(8) unsigned NOT NULL DEFAULT '0',
  `auth_role_id` mediumint(8) unsigned NOT NULL DEFAULT '0',
  `auth_setting` tinyint(2) NOT NULL DEFAULT '0',
  KEY `user_id` (`user_id`),
  KEY `auth_option_id` (`auth_option_id`),
  KEY `auth_role_id` (`auth_role_id`)
) ENGINE=InnoDB DEFAULT CHARSET=utf8 COLLATE=utf8_bin;

-- Dumping data for table int_ita_db.phpbb_acl_users: ~1 rows (approximately)
/*!40000 ALTER TABLE `phpbb_acl_users` DISABLE KEYS */;
INSERT INTO `phpbb_acl_users` (`user_id`, `forum_id`, `auth_option_id`, `auth_role_id`, `auth_setting`) VALUES
	(2, 0, 0, 5, 0);
/*!40000 ALTER TABLE `phpbb_acl_users` ENABLE KEYS */;


-- Dumping structure for table int_ita_db.phpbb_attachments
DROP TABLE IF EXISTS `phpbb_attachments`;
CREATE TABLE IF NOT EXISTS `phpbb_attachments` (
  `attach_id` mediumint(8) unsigned NOT NULL AUTO_INCREMENT,
  `post_msg_id` mediumint(8) unsigned NOT NULL DEFAULT '0',
  `topic_id` mediumint(8) unsigned NOT NULL DEFAULT '0',
  `in_message` tinyint(1) unsigned NOT NULL DEFAULT '0',
  `poster_id` mediumint(8) unsigned NOT NULL DEFAULT '0',
  `is_orphan` tinyint(1) unsigned NOT NULL DEFAULT '1',
  `physical_filename` varchar(255) COLLATE utf8_bin NOT NULL DEFAULT '',
  `real_filename` varchar(255) COLLATE utf8_bin NOT NULL DEFAULT '',
  `download_count` mediumint(8) unsigned NOT NULL DEFAULT '0',
  `attach_comment` text COLLATE utf8_bin NOT NULL,
  `extension` varchar(100) COLLATE utf8_bin NOT NULL DEFAULT '',
  `mimetype` varchar(100) COLLATE utf8_bin NOT NULL DEFAULT '',
  `filesize` int(20) unsigned NOT NULL DEFAULT '0',
  `filetime` int(11) unsigned NOT NULL DEFAULT '0',
  `thumbnail` tinyint(1) unsigned NOT NULL DEFAULT '0',
  PRIMARY KEY (`attach_id`),
  KEY `filetime` (`filetime`),
  KEY `post_msg_id` (`post_msg_id`),
  KEY `topic_id` (`topic_id`),
  KEY `poster_id` (`poster_id`),
  KEY `is_orphan` (`is_orphan`)
) ENGINE=InnoDB DEFAULT CHARSET=utf8 COLLATE=utf8_bin;

-- Dumping data for table int_ita_db.phpbb_attachments: ~0 rows (approximately)
/*!40000 ALTER TABLE `phpbb_attachments` DISABLE KEYS */;
/*!40000 ALTER TABLE `phpbb_attachments` ENABLE KEYS */;


-- Dumping structure for table int_ita_db.phpbb_banlist
DROP TABLE IF EXISTS `phpbb_banlist`;
CREATE TABLE IF NOT EXISTS `phpbb_banlist` (
  `ban_id` mediumint(8) unsigned NOT NULL AUTO_INCREMENT,
  `ban_userid` mediumint(8) unsigned NOT NULL DEFAULT '0',
  `ban_ip` varchar(40) COLLATE utf8_bin NOT NULL DEFAULT '',
  `ban_email` varchar(100) COLLATE utf8_bin NOT NULL DEFAULT '',
  `ban_start` int(11) unsigned NOT NULL DEFAULT '0',
  `ban_end` int(11) unsigned NOT NULL DEFAULT '0',
  `ban_exclude` tinyint(1) unsigned NOT NULL DEFAULT '0',
  `ban_reason` varchar(255) COLLATE utf8_bin NOT NULL DEFAULT '',
  `ban_give_reason` varchar(255) COLLATE utf8_bin NOT NULL DEFAULT '',
  PRIMARY KEY (`ban_id`),
  KEY `ban_end` (`ban_end`),
  KEY `ban_user` (`ban_userid`,`ban_exclude`),
  KEY `ban_email` (`ban_email`,`ban_exclude`),
  KEY `ban_ip` (`ban_ip`,`ban_exclude`)
) ENGINE=InnoDB DEFAULT CHARSET=utf8 COLLATE=utf8_bin;

-- Dumping data for table int_ita_db.phpbb_banlist: ~0 rows (approximately)
/*!40000 ALTER TABLE `phpbb_banlist` DISABLE KEYS */;
/*!40000 ALTER TABLE `phpbb_banlist` ENABLE KEYS */;


-- Dumping structure for table int_ita_db.phpbb_bbcodes
DROP TABLE IF EXISTS `phpbb_bbcodes`;
CREATE TABLE IF NOT EXISTS `phpbb_bbcodes` (
  `bbcode_id` smallint(4) unsigned NOT NULL DEFAULT '0',
  `bbcode_tag` varchar(16) COLLATE utf8_bin NOT NULL DEFAULT '',
  `bbcode_helpline` varchar(255) COLLATE utf8_bin NOT NULL DEFAULT '',
  `display_on_posting` tinyint(1) unsigned NOT NULL DEFAULT '0',
  `bbcode_match` text COLLATE utf8_bin NOT NULL,
  `bbcode_tpl` mediumtext COLLATE utf8_bin NOT NULL,
  `first_pass_match` mediumtext COLLATE utf8_bin NOT NULL,
  `first_pass_replace` mediumtext COLLATE utf8_bin NOT NULL,
  `second_pass_match` mediumtext COLLATE utf8_bin NOT NULL,
  `second_pass_replace` mediumtext COLLATE utf8_bin NOT NULL,
  PRIMARY KEY (`bbcode_id`),
  KEY `display_on_post` (`display_on_posting`)
) ENGINE=InnoDB DEFAULT CHARSET=utf8 COLLATE=utf8_bin;

-- Dumping data for table int_ita_db.phpbb_bbcodes: ~0 rows (approximately)
/*!40000 ALTER TABLE `phpbb_bbcodes` DISABLE KEYS */;
/*!40000 ALTER TABLE `phpbb_bbcodes` ENABLE KEYS */;


-- Dumping structure for table int_ita_db.phpbb_bookmarks
DROP TABLE IF EXISTS `phpbb_bookmarks`;
CREATE TABLE IF NOT EXISTS `phpbb_bookmarks` (
  `topic_id` mediumint(8) unsigned NOT NULL DEFAULT '0',
  `user_id` mediumint(8) unsigned NOT NULL DEFAULT '0',
  PRIMARY KEY (`topic_id`,`user_id`)
) ENGINE=InnoDB DEFAULT CHARSET=utf8 COLLATE=utf8_bin;

-- Dumping data for table int_ita_db.phpbb_bookmarks: ~2 rows (approximately)
/*!40000 ALTER TABLE `phpbb_bookmarks` DISABLE KEYS */;
INSERT INTO `phpbb_bookmarks` (`topic_id`, `user_id`) VALUES
	(3, 22),
	(4, 22);
/*!40000 ALTER TABLE `phpbb_bookmarks` ENABLE KEYS */;


-- Dumping structure for table int_ita_db.phpbb_bots
DROP TABLE IF EXISTS `phpbb_bots`;
CREATE TABLE IF NOT EXISTS `phpbb_bots` (
  `bot_id` mediumint(8) unsigned NOT NULL AUTO_INCREMENT,
  `bot_active` tinyint(1) unsigned NOT NULL DEFAULT '1',
  `bot_name` varchar(255) COLLATE utf8_bin NOT NULL DEFAULT '',
  `user_id` mediumint(8) unsigned NOT NULL DEFAULT '0',
  `bot_agent` varchar(255) COLLATE utf8_bin NOT NULL DEFAULT '',
  `bot_ip` varchar(255) COLLATE utf8_bin NOT NULL DEFAULT '',
  PRIMARY KEY (`bot_id`),
  KEY `bot_active` (`bot_active`)
) ENGINE=InnoDB AUTO_INCREMENT=46 DEFAULT CHARSET=utf8 COLLATE=utf8_bin;

-- Dumping data for table int_ita_db.phpbb_bots: ~45 rows (approximately)
/*!40000 ALTER TABLE `phpbb_bots` DISABLE KEYS */;
INSERT INTO `phpbb_bots` (`bot_id`, `bot_active`, `bot_name`, `user_id`, `bot_agent`, `bot_ip`) VALUES
	(1, 1, 'AdsBot [Google]', 3, 'AdsBot-Google', ''),
	(2, 1, 'Alexa [Bot]', 4, 'ia_archiver', ''),
	(3, 1, 'Alta Vista [Bot]', 5, 'Scooter/', ''),
	(4, 1, 'Ask Jeeves [Bot]', 6, 'Ask Jeeves', ''),
	(5, 1, 'Baidu [Spider]', 7, 'Baiduspider', ''),
	(6, 1, 'Bing [Bot]', 8, 'bingbot/', ''),
	(7, 1, 'Exabot [Bot]', 9, 'Exabot', ''),
	(8, 1, 'FAST Enterprise [Crawler]', 10, 'FAST Enterprise Crawler', ''),
	(9, 1, 'FAST WebCrawler [Crawler]', 11, 'FAST-WebCrawler/', ''),
	(10, 1, 'Francis [Bot]', 12, 'http://www.neomo.de/', ''),
	(11, 1, 'Gigabot [Bot]', 13, 'Gigabot/', ''),
	(12, 1, 'Google Adsense [Bot]', 14, 'Mediapartners-Google', ''),
	(13, 1, 'Google Desktop', 15, 'Google Desktop', ''),
	(14, 1, 'Google Feedfetcher', 16, 'Feedfetcher-Google', ''),
	(15, 1, 'Google [Bot]', 17, 'Googlebot', ''),
	(16, 1, 'Heise IT-Markt [Crawler]', 18, 'heise-IT-Markt-Crawler', ''),
	(17, 1, 'Heritrix [Crawler]', 19, 'heritrix/1.', ''),
	(18, 1, 'IBM Research [Bot]', 20, 'ibm.com/cs/crawler', ''),
	(19, 1, 'ICCrawler - ICjobs', 21, 'ICCrawler - ICjobs', ''),
	(20, 1, 'ichiro [Crawler]', 22, 'ichiro/', ''),
	(21, 1, 'Majestic-12 [Bot]', 23, 'MJ12bot/', ''),
	(22, 1, 'Metager [Bot]', 24, 'MetagerBot/', ''),
	(23, 1, 'MSN NewsBlogs', 25, 'msnbot-NewsBlogs/', ''),
	(24, 1, 'MSN [Bot]', 26, 'msnbot/', ''),
	(25, 1, 'MSNbot Media', 27, 'msnbot-media/', ''),
	(26, 1, 'Nutch [Bot]', 28, 'http://lucene.apache.org/nutch/', ''),
	(27, 1, 'Online link [Validator]', 29, 'online link validator', ''),
	(28, 1, 'psbot [Picsearch]', 30, 'psbot/0', ''),
	(29, 1, 'Sensis [Crawler]', 31, 'Sensis Web Crawler', ''),
	(30, 1, 'SEO Crawler', 32, 'SEO search Crawler/', ''),
	(31, 1, 'Seoma [Crawler]', 33, 'Seoma [SEO Crawler]', ''),
	(32, 1, 'SEOSearch [Crawler]', 34, 'SEOsearch/', ''),
	(33, 1, 'Snappy [Bot]', 35, 'Snappy/1.1 ( http://www.urltrends.com/ )', ''),
	(34, 1, 'Steeler [Crawler]', 36, 'http://www.tkl.iis.u-tokyo.ac.jp/~crawler/', ''),
	(35, 1, 'Telekom [Bot]', 37, 'crawleradmin.t-info@telekom.de', ''),
	(36, 1, 'TurnitinBot [Bot]', 38, 'TurnitinBot/', ''),
	(37, 1, 'Voyager [Bot]', 39, 'voyager/', ''),
	(38, 1, 'W3 [Sitesearch]', 40, 'W3 SiteSearch Crawler', ''),
	(39, 1, 'W3C [Linkcheck]', 41, 'W3C-checklink/', ''),
	(40, 1, 'W3C [Validator]', 42, 'W3C_Validator', ''),
	(41, 1, 'YaCy [Bot]', 43, 'yacybot', ''),
	(42, 1, 'Yahoo MMCrawler [Bot]', 44, 'Yahoo-MMCrawler/', ''),
	(43, 1, 'Yahoo Slurp [Bot]', 45, 'Yahoo! DE Slurp', ''),
	(44, 1, 'Yahoo [Bot]', 46, 'Yahoo! Slurp', ''),
	(45, 1, 'YahooSeeker [Bot]', 47, 'YahooSeeker/', '');
/*!40000 ALTER TABLE `phpbb_bots` ENABLE KEYS */;


-- Dumping structure for table int_ita_db.phpbb_config
DROP TABLE IF EXISTS `phpbb_config`;
CREATE TABLE IF NOT EXISTS `phpbb_config` (
  `config_name` varchar(255) COLLATE utf8_bin NOT NULL DEFAULT '',
  `config_value` varchar(255) COLLATE utf8_bin NOT NULL DEFAULT '',
  `is_dynamic` tinyint(1) unsigned NOT NULL DEFAULT '0',
  PRIMARY KEY (`config_name`),
  KEY `is_dynamic` (`is_dynamic`)
) ENGINE=InnoDB DEFAULT CHARSET=utf8 COLLATE=utf8_bin;

-- Dumping data for table int_ita_db.phpbb_config: ~296 rows (approximately)
/*!40000 ALTER TABLE `phpbb_config` DISABLE KEYS */;
INSERT INTO `phpbb_config` (`config_name`, `config_value`, `is_dynamic`) VALUES
	('active_sessions', '0', 0),
	('allow_attachments', '1', 0),
	('allow_autologin', '1', 0),
	('allow_avatar', '1', 0),
	('allow_avatar_gravatar', '0', 0),
	('allow_avatar_local', '0', 0),
	('allow_avatar_remote', '0', 0),
	('allow_avatar_remote_upload', '0', 0),
	('allow_avatar_upload', '1', 0),
	('allow_bbcode', '1', 0),
	('allow_birthdays', '1', 0),
	('allow_bookmarks', '1', 0),
	('allow_cdn', '0', 0),
	('allow_emailreuse', '0', 0),
	('allow_forum_notify', '1', 0),
	('allow_live_searches', '1', 0),
	('allow_mass_pm', '1', 0),
	('allow_name_chars', 'USERNAME_CHARS_ANY', 0),
	('allow_namechange', '0', 0),
	('allow_nocensors', '0', 0),
	('allow_password_reset', '1', 0),
	('allow_pm_attach', '0', 0),
	('allow_pm_report', '1', 0),
	('allow_post_flash', '1', 0),
	('allow_post_links', '1', 0),
	('allow_privmsg', '1', 0),
	('allow_quick_reply', '1', 0),
	('allow_sig', '1', 0),
	('allow_sig_bbcode', '1', 0),
	('allow_sig_flash', '0', 0),
	('allow_sig_img', '1', 0),
	('allow_sig_links', '1', 0),
	('allow_sig_pm', '1', 0),
	('allow_sig_smilies', '1', 0),
	('allow_smilies', '1', 0),
	('allow_topic_notify', '1', 0),
	('assets_version', '1', 0),
	('attachment_quota', '52428800', 0),
	('auth_bbcode_pm', '1', 0),
	('auth_flash_pm', '0', 0),
	('auth_img_pm', '1', 0),
	('auth_method', 'db', 0),
	('auth_smilies_pm', '1', 0),
	('avatar_filesize', '6144', 0),
	('avatar_gallery_path', 'images/avatars/gallery', 0),
	('avatar_max_height', '90', 0),
	('avatar_max_width', '90', 0),
	('avatar_min_height', '20', 0),
	('avatar_min_width', '20', 0),
	('avatar_path', 'images/avatars/upload', 0),
	('avatar_salt', '3fb48adc0dd274aaf401e3442d2697a0', 0),
	('board_contact', 'intita.hr@gmail.com', 0),
	('board_contact_name', '', 0),
	('board_disable', '0', 0),
	('board_disable_msg', '', 0),
	('board_email', 'intita.hr@gmail.com', 0),
	('board_email_form', '0', 0),
	('board_email_sig', 'Дякуємо, Адміністрація', 0),
	('board_hide_emails', '1', 0),
	('board_index_text', '', 0),
	('board_startdate', '1431076924', 0),
	('board_timezone', 'UTC', 0),
	('browser_check', '1', 0),
	('bump_interval', '10', 0),
	('bump_type', 'd', 0),
	('cache_gc', '7200', 0),
	('cache_last_gc', '1438615727', 1),
	('captcha_gd', '1', 0),
	('captcha_gd_3d_noise', '1', 0),
	('captcha_gd_fonts', '1', 0),
	('captcha_gd_foreground_noise', '0', 0),
	('captcha_gd_wave', '0', 0),
	('captcha_gd_x_grid', '25', 0),
	('captcha_gd_y_grid', '25', 0),
	('captcha_plugin', 'core.captcha.plugins.gd', 0),
	('check_attachment_content', '1', 0),
	('check_dnsbl', '0', 0),
	('chg_passforce', '0', 0),
	('confirm_refresh', '1', 0),
	('contact_admin_form_enable', '1', 0),
	('cookie_domain', 'intita', 0),
	('cookie_name', 'phpbb3_6vpfb', 0),
	('cookie_path', '/', 0),
	('cookie_secure', '0', 0),
	('coppa_enable', '0', 0),
	('coppa_fax', '', 0),
	('coppa_mail', '', 0),
	('cron_lock', '0', 1),
	('database_gc', '604800', 0),
	('database_last_gc', '1438079883', 1),
	('dbms_version', '5.5.41-log', 0),
	('default_dateformat', 'D M d, Y g:i a', 0),
	('default_lang', 'uk', 0),
	('default_style', '1', 0),
	('delete_time', '0', 0),
	('display_last_edited', '1', 0),
	('display_last_subject', '1', 0),
	('display_order', '0', 0),
	('edit_time', '0', 0),
	('email_check_mx', '1', 0),
	('email_enable', '1', 0),
	('email_function_name', 'mail', 0),
	('email_max_chunk_size', '50', 0),
	('email_package_size', '20', 0),
	('enable_confirm', '1', 0),
	('enable_mod_rewrite', '0', 0),
	('enable_pm_icons', '1', 0),
	('enable_post_confirm', '1', 0),
	('extension_force_unstable', '0', 0),
	('feed_enable', '1', 0),
	('feed_forum', '1', 0),
	('feed_http_auth', '0', 0),
	('feed_item_statistics', '1', 0),
	('feed_limit_post', '15', 0),
	('feed_limit_topic', '10', 0),
	('feed_overall', '1', 0),
	('feed_overall_forums', '0', 0),
	('feed_topic', '1', 0),
	('feed_topics_active', '0', 0),
	('feed_topics_new', '1', 0),
	('flood_interval', '15', 0),
	('force_server_vars', '0', 0),
	('form_token_lifetime', '7200', 0),
	('form_token_mintime', '0', 0),
	('form_token_sid_guests', '1', 0),
	('forward_pm', '1', 0),
	('forwarded_for_check', '0', 0),
	('full_folder_action', '2', 0),
	('fulltext_mysql_max_word_len', '254', 0),
	('fulltext_mysql_min_word_len', '4', 0),
	('fulltext_native_common_thres', '5', 0),
	('fulltext_native_load_upd', '1', 0),
	('fulltext_native_max_chars', '14', 0),
	('fulltext_native_min_chars', '3', 0),
	('fulltext_postgres_max_word_len', '254', 0),
	('fulltext_postgres_min_word_len', '4', 0),
	('fulltext_postgres_ts_name', 'simple', 0),
	('fulltext_sphinx_indexer_mem_limit', '512', 0),
	('fulltext_sphinx_stopwords', '0', 0),
	('gzip_compress', '0', 0),
	('hot_threshold', '25', 0),
	('icons_path', 'images/icons', 0),
	('img_create_thumbnail', '0', 0),
	('img_display_inlined', '1', 0),
	('img_imagick', 'd:/openserver/modules/imagemagick', 0),
	('img_link_height', '0', 0),
	('img_link_width', '0', 0),
	('img_max_height', '0', 0),
	('img_max_thumb_width', '400', 0),
	('img_max_width', '0', 0),
	('img_min_thumb_filesize', '12000', 0),
	('ip_check', '3', 0),
	('ip_login_limit_max', '50', 0),
	('ip_login_limit_time', '21600', 0),
	('ip_login_limit_use_forwarded', '0', 0),
	('jab_enable', '0', 0),
	('jab_host', '', 0),
	('jab_package_size', '20', 0),
	('jab_password', '', 0),
	('jab_port', '5222', 0),
	('jab_use_ssl', '0', 0),
	('jab_username', '', 0),
	('last_queue_run', '0', 1),
	('ldap_base_dn', '', 0),
	('ldap_email', '', 0),
	('ldap_password', '', 0),
	('ldap_port', '', 0),
	('ldap_server', '', 0),
	('ldap_uid', '', 0),
	('ldap_user', '', 0),
	('ldap_user_filter', '', 0),
	('legend_sort_groupname', '0', 0),
	('limit_load', '0', 0),
	('limit_search_load', '0', 0),
	('load_anon_lastread', '0', 0),
	('load_birthdays', '1', 0),
	('load_cpf_memberlist', '1', 0),
	('load_cpf_pm', '1', 0),
	('load_cpf_viewprofile', '1', 0),
	('load_cpf_viewtopic', '1', 0),
	('load_db_lastread', '1', 0),
	('load_db_track', '1', 0),
	('load_jquery_url', '//ajax.googleapis.com/ajax/libs/jquery/1.11.0/jquery.min.js', 0),
	('load_jumpbox', '1', 0),
	('load_moderators', '1', 0),
	('load_notifications', '1', 0),
	('load_online', '1', 0),
	('load_online_guests', '1', 0),
	('load_online_time', '5', 0),
	('load_onlinetrack', '1', 0),
	('load_search', '1', 0),
	('load_tplcompile', '0', 0),
	('load_unreads_search', '1', 0),
	('load_user_activity', '1', 0),
	('max_attachments', '3', 0),
	('max_attachments_pm', '1', 0),
	('max_autologin_time', '0', 0),
	('max_filesize', '262144', 0),
	('max_filesize_pm', '262144', 0),
	('max_login_attempts', '3', 0),
	('max_name_chars', '20', 0),
	('max_num_search_keywords', '10', 0),
	('max_pass_chars', '100', 0),
	('max_poll_options', '10', 0),
	('max_post_chars', '60000', 0),
	('max_post_font_size', '200', 0),
	('max_post_img_height', '0', 0),
	('max_post_img_width', '0', 0),
	('max_post_smilies', '0', 0),
	('max_post_urls', '0', 0),
	('max_quote_depth', '3', 0),
	('max_reg_attempts', '5', 0),
	('max_sig_chars', '255', 0),
	('max_sig_font_size', '200', 0),
	('max_sig_img_height', '0', 0),
	('max_sig_img_width', '0', 0),
	('max_sig_smilies', '0', 0),
	('max_sig_urls', '5', 0),
	('mime_triggers', 'body|head|html|img|plaintext|a href|pre|script|table|title', 0),
	('min_name_chars', '3', 0),
	('min_pass_chars', '6', 0),
	('min_post_chars', '1', 0),
	('min_search_author_chars', '3', 0),
	('new_member_group_default', '0', 0),
	('new_member_post_limit', '3', 0),
	('newest_user_colour', '', 1),
	('newest_user_id', '48', 1),
	('newest_username', 'Ivanna', 1),
	('num_files', '0', 1),
	('num_posts', '29', 1),
	('num_topics', '14', 1),
	('num_users', '2', 1),
	('override_user_style', '0', 0),
	('pass_complex', 'PASS_TYPE_ANY', 0),
	('plupload_last_gc', '0', 1),
	('plupload_salt', '817854cf7a4792286ce9f1c9f42f593c', 0),
	('pm_edit_time', '0', 0),
	('pm_max_boxes', '4', 0),
	('pm_max_msgs', '50', 0),
	('pm_max_recipients', '0', 0),
	('posts_per_page', '10', 0),
	('print_pm', '1', 0),
	('questionnaire_unique_id', '793ec7662bd4d575', 0),
	('queue_interval', '60', 0),
	('rand_seed', 'ba734ec0f6349a07623b4d6e48c443eb', 1),
	('rand_seed_last_update', '1438615726', 1),
	('ranks_path', 'images/ranks', 0),
	('read_notification_expire_days', '30', 0),
	('read_notification_gc', '86400', 0),
	('read_notification_last_gc', '1438606142', 1),
	('record_online_date', '1436536322', 1),
	('record_online_users', '3', 1),
	('referer_validation', '1', 0),
	('require_activation', '0', 0),
	('script_path', '/forum', 0),
	('search_anonymous_interval', '0', 0),
	('search_block_size', '250', 0),
	('search_gc', '7200', 0),
	('search_indexing_state', '', 1),
	('search_interval', '0', 0),
	('search_last_gc', '1438606158', 1),
	('search_store_results', '1800', 0),
	('search_type', '\\phpbb\\search\\fulltext_native', 0),
	('secure_allow_deny', '1', 0),
	('secure_allow_empty_referer', '1', 0),
	('secure_downloads', '0', 0),
	('server_name', 'intita', 0),
	('server_port', '80', 0),
	('server_protocol', 'http://', 0),
	('session_gc', '3600', 0),
	('session_last_gc', '1438612044', 1),
	('session_length', '3600', 0),
	('site_desc', 'IT Академія', 0),
	('site_home_text', '', 0),
	('site_home_url', '', 0),
	('sitename', 'intita.itatests.com', 0),
	('smilies_path', 'images/smilies', 0),
	('smilies_per_page', '50', 0),
	('smtp_auth_method', 'PLAIN', 0),
	('smtp_delivery', '0', 0),
	('smtp_host', '', 0),
	('smtp_password', '', 0),
	('smtp_port', '25', 0),
	('smtp_username', '', 0),
	('teampage_forums', '1', 0),
	('teampage_memberships', '1', 0),
	('topics_per_page', '25', 0),
	('tpl_allow_php', '0', 0),
	('upload_dir_size', '0', 1),
	('upload_icons_path', 'images/upload_icons', 0),
	('upload_path', 'files', 0),
	('use_system_cron', '0', 0),
	('version', '3.1.4', 0),
	('warnings_expire_days', '90', 0),
	('warnings_gc', '14400', 0),
	('warnings_last_gc', '1438600343', 1);
/*!40000 ALTER TABLE `phpbb_config` ENABLE KEYS */;


-- Dumping structure for table int_ita_db.phpbb_config_text
DROP TABLE IF EXISTS `phpbb_config_text`;
CREATE TABLE IF NOT EXISTS `phpbb_config_text` (
  `config_name` varchar(255) COLLATE utf8_bin NOT NULL DEFAULT '',
  `config_value` mediumtext COLLATE utf8_bin NOT NULL,
  PRIMARY KEY (`config_name`)
) ENGINE=InnoDB DEFAULT CHARSET=utf8 COLLATE=utf8_bin;

-- Dumping data for table int_ita_db.phpbb_config_text: ~4 rows (approximately)
/*!40000 ALTER TABLE `phpbb_config_text` DISABLE KEYS */;
INSERT INTO `phpbb_config_text` (`config_name`, `config_value`) VALUES
	('contact_admin_info', ''),
	('contact_admin_info_bitfield', ''),
	('contact_admin_info_flags', '7'),
	('contact_admin_info_uid', '');
/*!40000 ALTER TABLE `phpbb_config_text` ENABLE KEYS */;


-- Dumping structure for table int_ita_db.phpbb_confirm
DROP TABLE IF EXISTS `phpbb_confirm`;
CREATE TABLE IF NOT EXISTS `phpbb_confirm` (
  `confirm_id` char(32) COLLATE utf8_bin NOT NULL DEFAULT '',
  `session_id` char(32) COLLATE utf8_bin NOT NULL DEFAULT '',
  `confirm_type` tinyint(3) NOT NULL DEFAULT '0',
  `code` varchar(8) COLLATE utf8_bin NOT NULL DEFAULT '',
  `seed` int(10) unsigned NOT NULL DEFAULT '0',
  `attempts` mediumint(8) unsigned NOT NULL DEFAULT '0',
  PRIMARY KEY (`session_id`,`confirm_id`),
  KEY `confirm_type` (`confirm_type`)
) ENGINE=InnoDB DEFAULT CHARSET=utf8 COLLATE=utf8_bin;

-- Dumping data for table int_ita_db.phpbb_confirm: ~0 rows (approximately)
/*!40000 ALTER TABLE `phpbb_confirm` DISABLE KEYS */;
/*!40000 ALTER TABLE `phpbb_confirm` ENABLE KEYS */;


-- Dumping structure for table int_ita_db.phpbb_disallow
DROP TABLE IF EXISTS `phpbb_disallow`;
CREATE TABLE IF NOT EXISTS `phpbb_disallow` (
  `disallow_id` mediumint(8) unsigned NOT NULL AUTO_INCREMENT,
  `disallow_username` varchar(255) COLLATE utf8_bin NOT NULL DEFAULT '',
  PRIMARY KEY (`disallow_id`)
) ENGINE=InnoDB DEFAULT CHARSET=utf8 COLLATE=utf8_bin;

-- Dumping data for table int_ita_db.phpbb_disallow: ~0 rows (approximately)
/*!40000 ALTER TABLE `phpbb_disallow` DISABLE KEYS */;
/*!40000 ALTER TABLE `phpbb_disallow` ENABLE KEYS */;


-- Dumping structure for table int_ita_db.phpbb_drafts
DROP TABLE IF EXISTS `phpbb_drafts`;
CREATE TABLE IF NOT EXISTS `phpbb_drafts` (
  `draft_id` mediumint(8) unsigned NOT NULL AUTO_INCREMENT,
  `user_id` mediumint(8) unsigned NOT NULL DEFAULT '0',
  `topic_id` mediumint(8) unsigned NOT NULL DEFAULT '0',
  `forum_id` mediumint(8) unsigned NOT NULL DEFAULT '0',
  `save_time` int(11) unsigned NOT NULL DEFAULT '0',
  `draft_subject` varchar(255) COLLATE utf8_bin NOT NULL DEFAULT '',
  `draft_message` mediumtext COLLATE utf8_bin NOT NULL,
  PRIMARY KEY (`draft_id`),
  KEY `save_time` (`save_time`)
) ENGINE=InnoDB AUTO_INCREMENT=2 DEFAULT CHARSET=utf8 COLLATE=utf8_bin;

-- Dumping data for table int_ita_db.phpbb_drafts: ~1 rows (approximately)
/*!40000 ALTER TABLE `phpbb_drafts` DISABLE KEYS */;
INSERT INTO `phpbb_drafts` (`draft_id`, `user_id`, `topic_id`, `forum_id`, `save_time`, `draft_subject`, `draft_message`) VALUES
	(1, 129, 0, 0, 1438247834, 'thsrth', 'shsfghfg');
/*!40000 ALTER TABLE `phpbb_drafts` ENABLE KEYS */;


-- Dumping structure for table int_ita_db.phpbb_ext
DROP TABLE IF EXISTS `phpbb_ext`;
CREATE TABLE IF NOT EXISTS `phpbb_ext` (
  `ext_name` varchar(255) COLLATE utf8_bin NOT NULL DEFAULT '',
  `ext_active` tinyint(1) unsigned NOT NULL DEFAULT '0',
  `ext_state` text COLLATE utf8_bin NOT NULL,
  UNIQUE KEY `ext_name` (`ext_name`)
) ENGINE=InnoDB DEFAULT CHARSET=utf8 COLLATE=utf8_bin;

-- Dumping data for table int_ita_db.phpbb_ext: ~0 rows (approximately)
/*!40000 ALTER TABLE `phpbb_ext` DISABLE KEYS */;
/*!40000 ALTER TABLE `phpbb_ext` ENABLE KEYS */;


-- Dumping structure for table int_ita_db.phpbb_extensions
DROP TABLE IF EXISTS `phpbb_extensions`;
CREATE TABLE IF NOT EXISTS `phpbb_extensions` (
  `extension_id` mediumint(8) unsigned NOT NULL AUTO_INCREMENT,
  `group_id` mediumint(8) unsigned NOT NULL DEFAULT '0',
  `extension` varchar(100) COLLATE utf8_bin NOT NULL DEFAULT '',
  PRIMARY KEY (`extension_id`)
) ENGINE=InnoDB AUTO_INCREMENT=67 DEFAULT CHARSET=utf8 COLLATE=utf8_bin;

-- Dumping data for table int_ita_db.phpbb_extensions: ~66 rows (approximately)
/*!40000 ALTER TABLE `phpbb_extensions` DISABLE KEYS */;
INSERT INTO `phpbb_extensions` (`extension_id`, `group_id`, `extension`) VALUES
	(1, 1, 'gif'),
	(2, 1, 'png'),
	(3, 1, 'jpeg'),
	(4, 1, 'jpg'),
	(5, 1, 'tif'),
	(6, 1, 'tiff'),
	(7, 1, 'tga'),
	(8, 2, 'gtar'),
	(9, 2, 'gz'),
	(10, 2, 'tar'),
	(11, 2, 'zip'),
	(12, 2, 'rar'),
	(13, 2, 'ace'),
	(14, 2, 'torrent'),
	(15, 2, 'tgz'),
	(16, 2, 'bz2'),
	(17, 2, '7z'),
	(18, 3, 'txt'),
	(19, 3, 'c'),
	(20, 3, 'h'),
	(21, 3, 'cpp'),
	(22, 3, 'hpp'),
	(23, 3, 'diz'),
	(24, 3, 'csv'),
	(25, 3, 'ini'),
	(26, 3, 'log'),
	(27, 3, 'js'),
	(28, 3, 'xml'),
	(29, 4, 'xls'),
	(30, 4, 'xlsx'),
	(31, 4, 'xlsm'),
	(32, 4, 'xlsb'),
	(33, 4, 'doc'),
	(34, 4, 'docx'),
	(35, 4, 'docm'),
	(36, 4, 'dot'),
	(37, 4, 'dotx'),
	(38, 4, 'dotm'),
	(39, 4, 'pdf'),
	(40, 4, 'ai'),
	(41, 4, 'ps'),
	(42, 4, 'ppt'),
	(43, 4, 'pptx'),
	(44, 4, 'pptm'),
	(45, 4, 'odg'),
	(46, 4, 'odp'),
	(47, 4, 'ods'),
	(48, 4, 'odt'),
	(49, 4, 'rtf'),
	(50, 5, 'rm'),
	(51, 5, 'ram'),
	(52, 6, 'wma'),
	(53, 6, 'wmv'),
	(54, 7, 'swf'),
	(55, 8, 'mov'),
	(56, 8, 'm4v'),
	(57, 8, 'm4a'),
	(58, 8, 'mp4'),
	(59, 8, '3gp'),
	(60, 8, '3g2'),
	(61, 8, 'qt'),
	(62, 9, 'mpeg'),
	(63, 9, 'mpg'),
	(64, 9, 'mp3'),
	(65, 9, 'ogg'),
	(66, 9, 'ogm');
/*!40000 ALTER TABLE `phpbb_extensions` ENABLE KEYS */;


-- Dumping structure for table int_ita_db.phpbb_extension_groups
DROP TABLE IF EXISTS `phpbb_extension_groups`;
CREATE TABLE IF NOT EXISTS `phpbb_extension_groups` (
  `group_id` mediumint(8) unsigned NOT NULL AUTO_INCREMENT,
  `group_name` varchar(255) COLLATE utf8_bin NOT NULL DEFAULT '',
  `cat_id` tinyint(2) NOT NULL DEFAULT '0',
  `allow_group` tinyint(1) unsigned NOT NULL DEFAULT '0',
  `download_mode` tinyint(1) unsigned NOT NULL DEFAULT '1',
  `upload_icon` varchar(255) COLLATE utf8_bin NOT NULL DEFAULT '',
  `max_filesize` int(20) unsigned NOT NULL DEFAULT '0',
  `allowed_forums` text COLLATE utf8_bin NOT NULL,
  `allow_in_pm` tinyint(1) unsigned NOT NULL DEFAULT '0',
  PRIMARY KEY (`group_id`)
) ENGINE=InnoDB AUTO_INCREMENT=10 DEFAULT CHARSET=utf8 COLLATE=utf8_bin;

-- Dumping data for table int_ita_db.phpbb_extension_groups: ~9 rows (approximately)
/*!40000 ALTER TABLE `phpbb_extension_groups` DISABLE KEYS */;
INSERT INTO `phpbb_extension_groups` (`group_id`, `group_name`, `cat_id`, `allow_group`, `download_mode`, `upload_icon`, `max_filesize`, `allowed_forums`, `allow_in_pm`) VALUES
	(1, 'IMAGES', 1, 1, 1, '', 0, '', 0),
	(2, 'ARCHIVES', 0, 1, 1, '', 0, '', 0),
	(3, 'PLAIN_TEXT', 0, 0, 1, '', 0, '', 0),
	(4, 'DOCUMENTS', 0, 0, 1, '', 0, '', 0),
	(5, 'REAL_MEDIA', 3, 0, 1, '', 0, '', 0),
	(6, 'WINDOWS_MEDIA', 2, 0, 1, '', 0, '', 0),
	(7, 'FLASH_FILES', 5, 0, 1, '', 0, '', 0),
	(8, 'QUICKTIME_MEDIA', 6, 0, 1, '', 0, '', 0),
	(9, 'DOWNLOADABLE_FILES', 0, 0, 1, '', 0, '', 0);
/*!40000 ALTER TABLE `phpbb_extension_groups` ENABLE KEYS */;


-- Dumping structure for table int_ita_db.phpbb_forums
DROP TABLE IF EXISTS `phpbb_forums`;
CREATE TABLE IF NOT EXISTS `phpbb_forums` (
  `forum_id` mediumint(8) unsigned NOT NULL AUTO_INCREMENT,
  `parent_id` mediumint(8) unsigned NOT NULL DEFAULT '0',
  `left_id` mediumint(8) unsigned NOT NULL DEFAULT '0',
  `right_id` mediumint(8) unsigned NOT NULL DEFAULT '0',
  `forum_parents` mediumtext COLLATE utf8_bin NOT NULL,
  `forum_name` varchar(255) COLLATE utf8_bin NOT NULL DEFAULT '',
  `forum_desc` text COLLATE utf8_bin NOT NULL,
  `forum_desc_bitfield` varchar(255) COLLATE utf8_bin NOT NULL DEFAULT '',
  `forum_desc_options` int(11) unsigned NOT NULL DEFAULT '7',
  `forum_desc_uid` varchar(8) COLLATE utf8_bin NOT NULL DEFAULT '',
  `forum_link` varchar(255) COLLATE utf8_bin NOT NULL DEFAULT '',
  `forum_password` varchar(255) COLLATE utf8_bin NOT NULL DEFAULT '',
  `forum_style` mediumint(8) unsigned NOT NULL DEFAULT '0',
  `forum_image` varchar(255) COLLATE utf8_bin NOT NULL DEFAULT '',
  `forum_rules` text COLLATE utf8_bin NOT NULL,
  `forum_rules_link` varchar(255) COLLATE utf8_bin NOT NULL DEFAULT '',
  `forum_rules_bitfield` varchar(255) COLLATE utf8_bin NOT NULL DEFAULT '',
  `forum_rules_options` int(11) unsigned NOT NULL DEFAULT '7',
  `forum_rules_uid` varchar(8) COLLATE utf8_bin NOT NULL DEFAULT '',
  `forum_topics_per_page` tinyint(4) NOT NULL DEFAULT '0',
  `forum_type` tinyint(4) NOT NULL DEFAULT '0',
  `forum_status` tinyint(4) NOT NULL DEFAULT '0',
  `forum_last_post_id` mediumint(8) unsigned NOT NULL DEFAULT '0',
  `forum_last_poster_id` mediumint(8) unsigned NOT NULL DEFAULT '0',
  `forum_last_post_subject` varchar(255) COLLATE utf8_bin NOT NULL DEFAULT '',
  `forum_last_post_time` int(11) unsigned NOT NULL DEFAULT '0',
  `forum_last_poster_name` varchar(255) COLLATE utf8_bin NOT NULL DEFAULT '',
  `forum_last_poster_colour` varchar(6) COLLATE utf8_bin NOT NULL DEFAULT '',
  `forum_flags` tinyint(4) NOT NULL DEFAULT '32',
  `display_on_index` tinyint(1) unsigned NOT NULL DEFAULT '1',
  `enable_indexing` tinyint(1) unsigned NOT NULL DEFAULT '1',
  `enable_icons` tinyint(1) unsigned NOT NULL DEFAULT '1',
  `enable_prune` tinyint(1) unsigned NOT NULL DEFAULT '0',
  `prune_next` int(11) unsigned NOT NULL DEFAULT '0',
  `prune_days` mediumint(8) unsigned NOT NULL DEFAULT '0',
  `prune_viewed` mediumint(8) unsigned NOT NULL DEFAULT '0',
  `prune_freq` mediumint(8) unsigned NOT NULL DEFAULT '0',
  `display_subforum_list` tinyint(1) unsigned NOT NULL DEFAULT '1',
  `forum_options` int(20) unsigned NOT NULL DEFAULT '0',
  `enable_shadow_prune` tinyint(1) unsigned NOT NULL DEFAULT '0',
  `prune_shadow_days` mediumint(8) unsigned NOT NULL DEFAULT '7',
  `prune_shadow_freq` mediumint(8) unsigned NOT NULL DEFAULT '1',
  `prune_shadow_next` int(11) NOT NULL DEFAULT '0',
  `forum_posts_approved` mediumint(8) unsigned NOT NULL DEFAULT '0',
  `forum_posts_unapproved` mediumint(8) unsigned NOT NULL DEFAULT '0',
  `forum_posts_softdeleted` mediumint(8) unsigned NOT NULL DEFAULT '0',
  `forum_topics_approved` mediumint(8) unsigned NOT NULL DEFAULT '0',
  `forum_topics_unapproved` mediumint(8) unsigned NOT NULL DEFAULT '0',
  `forum_topics_softdeleted` mediumint(8) unsigned NOT NULL DEFAULT '0',
  PRIMARY KEY (`forum_id`),
  KEY `left_right_id` (`left_id`,`right_id`),
  KEY `forum_lastpost_id` (`forum_last_post_id`)
) ENGINE=InnoDB AUTO_INCREMENT=49 DEFAULT CHARSET=utf8 COLLATE=utf8_bin;

-- Dumping data for table int_ita_db.phpbb_forums: ~32 rows (approximately)
/*!40000 ALTER TABLE `phpbb_forums` DISABLE KEYS */;
INSERT INTO `phpbb_forums` (`forum_id`, `parent_id`, `left_id`, `right_id`, `forum_parents`, `forum_name`, `forum_desc`, `forum_desc_bitfield`, `forum_desc_options`, `forum_desc_uid`, `forum_link`, `forum_password`, `forum_style`, `forum_image`, `forum_rules`, `forum_rules_link`, `forum_rules_bitfield`, `forum_rules_options`, `forum_rules_uid`, `forum_topics_per_page`, `forum_type`, `forum_status`, `forum_last_post_id`, `forum_last_poster_id`, `forum_last_post_subject`, `forum_last_post_time`, `forum_last_poster_name`, `forum_last_poster_colour`, `forum_flags`, `display_on_index`, `enable_indexing`, `enable_icons`, `enable_prune`, `prune_next`, `prune_days`, `prune_viewed`, `prune_freq`, `display_subforum_list`, `forum_options`, `enable_shadow_prune`, `prune_shadow_days`, `prune_shadow_freq`, `prune_shadow_next`, `forum_posts_approved`, `forum_posts_unapproved`, `forum_posts_softdeleted`, `forum_topics_approved`, `forum_topics_unapproved`, `forum_topics_softdeleted`) VALUES
	(15, 0, 1, 34, '', 'Інтернет програміст (РНР)', '', '', 7, '', '', '', 0, '', '', '', '', 7, '', 0, 1, 0, 12, 22, 'Нова тема', 1437125835, 'Student ', '', 48, 0, 1, 0, 0, 0, 7, 7, 1, 1, 0, 0, 7, 1, 0, 1, 0, 0, 1, 0, 0),
	(16, 15, 2, 3, 'a:1:{i:15;a:2:{i:0;s:46:"Інтернет програміст (РНР)";i:1;i:1;}}', 'Вступ до програмування', '', '', 7, '', '', '', 0, '', '', '', '', 7, '', 0, 1, 0, 32, 54, 'Re: Обробка запитів з допомогою PHP', 1438016568, 'StudentFour ', '', 48, 0, 1, 0, 0, 0, 7, 7, 1, 1, 0, 0, 7, 1, 0, 16, 0, 0, 4, 0, 0),
	(17, 15, 6, 7, 'a:1:{i:15;a:2:{i:0;s:46:"Інтернет програміст (РНР)";i:1;i:1;}}', 'Алгоритмізація і програмування на мові С', '', '', 7, '', '', '', 0, '', '', '', '', 7, '', 0, 1, 0, 0, 0, '', 0, '', '', 48, 0, 1, 0, 0, 0, 7, 7, 1, 1, 0, 0, 7, 1, 0, 0, 0, 0, 0, 0, 0),
	(18, 0, 35, 36, '', 'Програміст (Java)', '', '', 7, '', '', '', 0, '', '', '', '', 7, '', 0, 1, 0, 0, 0, '', 0, '', '', 48, 0, 1, 0, 0, 0, 7, 7, 1, 1, 0, 0, 7, 1, 0, 0, 0, 0, 0, 0, 0),
	(19, 0, 37, 38, '', 'Програміст (С++)', '', '', 7, '', '', '', 0, '', '', '', '', 7, '', 0, 1, 0, 0, 0, '', 0, '', '', 48, 0, 1, 0, 0, 0, 7, 7, 1, 1, 0, 0, 7, 1, 0, 0, 0, 0, 0, 0, 0),
	(20, 0, 39, 46, '', 'Англійська мова для ІТ', '', '', 7, '', '', '', 0, '', '', '', '', 7, '', 0, 1, 0, 0, 0, '', 0, '', '', 48, 0, 1, 0, 0, 0, 7, 7, 1, 1, 0, 0, 7, 1, 0, 0, 0, 0, 0, 0, 0),
	(21, 0, 47, 54, '', 'Побудова успішної ІТ кар’єри', '', '', 7, '', '', '', 0, '', '', '', '', 7, '', 0, 1, 0, 0, 0, '', 0, '', '', 48, 0, 1, 0, 0, 0, 7, 7, 1, 1, 0, 0, 7, 1, 0, 0, 0, 0, 0, 0, 0),
	(24, 0, 55, 56, '', 'Тестувальник (QA)', '', '', 7, '', '', '', 0, '', '', '', '', 7, '', 0, 1, 0, 0, 0, '', 0, '', '', 48, 0, 1, 0, 0, 0, 7, 7, 1, 1, 0, 0, 7, 1, 0, 0, 0, 0, 0, 0, 0),
	(25, 0, 57, 58, '', 'Програміст (C#)', '', '', 7, '', '', '', 0, '', '', '', '', 7, '', 0, 1, 0, 0, 0, '', 0, '', '', 48, 0, 1, 0, 0, 0, 7, 7, 1, 1, 0, 0, 7, 1, 0, 0, 0, 0, 0, 0, 0),
	(26, 0, 59, 60, '', 'Тестувальник (QA)', '', '', 7, '', '', '', 0, '', '', '', '', 7, '', 0, 1, 0, 0, 0, '', 0, '', '', 48, 0, 1, 0, 0, 0, 7, 7, 1, 1, 0, 0, 7, 1, 0, 0, 0, 0, 0, 0, 0),
	(27, 0, 61, 62, '', 'Програміст (Objective С)', '', '', 7, '', '', '', 0, '', '', '', '', 7, '', 0, 1, 0, 0, 0, '', 0, '', '', 48, 0, 1, 0, 0, 0, 7, 7, 1, 1, 0, 0, 7, 1, 0, 0, 0, 0, 0, 0, 0),
	(28, 0, 63, 64, '', 'Верстальник сайтів (HTML, CSS)', '', '', 7, '', '', '', 0, '', '', '', '', 7, '', 0, 1, 0, 0, 0, '', 0, '', '', 48, 0, 1, 0, 0, 0, 7, 7, 1, 1, 0, 0, 7, 1, 0, 0, 0, 0, 0, 0, 0),
	(29, 15, 4, 5, 'a:1:{i:15;a:2:{i:0;s:46:"Інтернет програміст (РНР)";i:1;i:1;}}', 'Елементарна математика', '', '', 7, '', '', '', 0, '', '', '', '', 7, '', 0, 1, 0, 33, 39, 'аочропр', 1438089493, 'teacher2@gmail.com', '', 48, 0, 1, 0, 0, 0, 7, 7, 1, 1, 0, 0, 7, 1, 0, 1, 0, 0, 1, 0, 0),
	(30, 15, 8, 9, 'a:1:{i:15;a:2:{i:0;s:46:"Інтернет програміст (РНР)";i:1;i:1;}}', 'Елементи вищої математики', '', '', 7, '', '', '', 0, '', '', '', '', 7, '', 0, 1, 0, 0, 0, '', 0, '', '', 48, 0, 1, 0, 0, 0, 7, 7, 1, 1, 0, 0, 7, 1, 0, 0, 0, 0, 0, 0, 0),
	(31, 15, 10, 11, 'a:1:{i:15;a:2:{i:0;s:46:"Інтернет програміст (РНР)";i:1;i:1;}}', 'Комп\'ютерні мережі', '', '', 7, '', '', '', 0, '', '', '', '', 7, '', 0, 1, 0, 0, 0, '', 0, '', '', 48, 0, 1, 0, 0, 0, 7, 7, 1, 1, 0, 0, 7, 1, 0, 0, 0, 0, 0, 0, 0),
	(32, 15, 12, 13, 'a:1:{i:15;a:2:{i:0;s:46:"Інтернет програміст (РНР)";i:1;i:1;}}', 'Розробка та аналіз алгоритмів. Комбінаторні алгоритми', '', '', 7, '', '', '', 0, '', '', '', '', 7, '', 0, 1, 0, 0, 0, '', 0, '', '', 48, 0, 1, 0, 0, 0, 7, 7, 1, 1, 0, 0, 7, 1, 0, 0, 0, 0, 0, 0, 0),
	(33, 15, 14, 15, 'a:1:{i:15;a:2:{i:0;s:46:"Інтернет програміст (РНР)";i:1;i:1;}}', 'Дискретна математика', '', '', 7, '', '', '', 0, '', '', '', '', 7, '', 0, 1, 0, 0, 0, '', 0, '', '', 48, 0, 1, 0, 0, 0, 7, 7, 1, 1, 0, 0, 7, 1, 0, 0, 0, 0, 0, 0, 0),
	(34, 15, 16, 17, 'a:1:{i:15;a:2:{i:0;s:46:"Інтернет програміст (РНР)";i:1;i:1;}}', 'Бази даних ( Частина 1)', '', '', 7, '', '', '', 0, '', '', '', '', 7, '', 0, 1, 0, 16, 40, 'Re: Тема Тема', 1437203610, 'teacher3@gmail.com', '', 48, 0, 1, 0, 0, 0, 7, 7, 1, 1, 0, 0, 7, 1, 0, 2, 0, 0, 1, 0, 0),
	(35, 15, 18, 19, 'a:1:{i:15;a:2:{i:0;s:46:"Інтернет програміст (РНР)";i:1;i:1;}}', 'Бази даних ( Частина 2)', '', '', 7, '', '', '', 0, '', '', '', '', 7, '', 0, 1, 0, 23, 40, 'тема 7', 1437204004, 'teacher3@gmail.com', '', 48, 0, 1, 0, 0, 0, 7, 7, 1, 1, 0, 0, 7, 1, 0, 7, 0, 0, 6, 0, 0),
	(36, 15, 20, 21, 'a:1:{i:15;a:2:{i:0;s:46:"Інтернет програміст (РНР)";i:1;i:1;}}', 'Програмування на PHP (Частина 1)', '', '', 7, '', '', '', 0, '', '', '', '', 7, '', 0, 1, 0, 30, 38, 'Re: иьмтьитьиь', 1437732959, 'teacher ', '', 48, 0, 1, 0, 0, 0, 7, 7, 1, 1, 0, 0, 7, 1, 0, 2, 0, 0, 1, 0, 0),
	(37, 15, 22, 23, 'a:1:{i:15;a:2:{i:0;s:46:"Інтернет програміст (РНР)";i:1;i:1;}}', 'Регулярні вирази', '', '', 7, '', '', '', 0, '', '', '', '', 7, '', 0, 1, 0, 0, 0, '', 0, '', '', 48, 0, 1, 0, 0, 0, 7, 7, 1, 1, 0, 0, 7, 1, 0, 0, 0, 0, 0, 0, 0),
	(38, 15, 24, 25, 'a:1:{i:15;a:2:{i:0;s:46:"Інтернет програміст (РНР)";i:1;i:1;}}', 'Програмування на PHP (Частина 2)', '', '', 7, '', '', '', 0, '', '', '', '', 7, '', 0, 1, 0, 0, 0, '', 0, '', '', 48, 0, 1, 0, 0, 0, 7, 7, 1, 1, 0, 0, 7, 1, 0, 0, 0, 0, 0, 0, 0),
	(39, 15, 26, 27, 'a:1:{i:15;a:2:{i:0;s:46:"Інтернет програміст (РНР)";i:1;i:1;}}', 'Верстка на HTML, CSS', '', '', 7, '', '', '', 0, '', '', '', '', 7, '', 0, 1, 0, 0, 0, '', 0, '', '', 48, 0, 1, 0, 0, 0, 7, 7, 1, 1, 0, 0, 7, 1, 0, 0, 0, 0, 0, 0, 0),
	(40, 15, 28, 29, 'a:1:{i:15;a:2:{i:0;s:46:"Інтернет програміст (РНР)";i:1;i:1;}}', 'Програмування на JavaScript', '', '', 7, '', '', '', 0, '', '', '', '', 7, '', 0, 1, 0, 0, 0, '', 0, '', '', 48, 0, 1, 0, 0, 0, 7, 7, 1, 1, 0, 0, 7, 1, 0, 0, 0, 0, 0, 0, 0),
	(41, 15, 30, 31, 'a:1:{i:15;a:2:{i:0;s:46:"Інтернет програміст (РНР)";i:1;i:1;}}', 'Сучасні технології розробки програм', '', '', 7, '', '', '', 0, '', '', '', '', 7, '', 0, 1, 0, 0, 0, '', 0, '', '', 48, 0, 1, 0, 0, 0, 7, 7, 1, 1, 0, 0, 7, 1, 0, 0, 0, 0, 0, 0, 0),
	(42, 15, 32, 33, 'a:1:{i:15;a:2:{i:0;s:46:"Інтернет програміст (РНР)";i:1;i:1;}}', 'Командний дипломний проект', '', '', 7, '', '', '', 0, '', '', '', '', 7, '', 0, 1, 0, 0, 0, '', 0, '', '', 48, 0, 1, 0, 0, 0, 7, 7, 1, 1, 0, 0, 7, 1, 0, 0, 0, 0, 0, 0, 0),
	(43, 20, 40, 41, 'a:1:{i:20;a:2:{i:0;s:41:"Англійська мова для ІТ";i:1;i:1;}}', 'For beginners', '', '', 7, '', '', '', 0, '', '', '', '', 7, '', 0, 1, 0, 0, 0, '', 0, '', '', 48, 0, 1, 0, 0, 0, 7, 7, 1, 1, 0, 0, 7, 1, 0, 0, 0, 0, 0, 0, 0),
	(44, 20, 42, 43, 'a:1:{i:20;a:2:{i:0;s:41:"Англійська мова для ІТ";i:1;i:1;}}', 'Pre Intermediate', '', '', 7, '', '', '', 0, '', '', '', '', 7, '', 0, 1, 0, 0, 0, '', 0, '', '', 48, 0, 1, 0, 0, 0, 7, 7, 1, 1, 0, 0, 7, 1, 0, 0, 0, 0, 0, 0, 0),
	(45, 20, 44, 45, 'a:1:{i:20;a:2:{i:0;s:41:"Англійська мова для ІТ";i:1;i:1;}}', 'Intermediate', '', '', 7, '', '', '', 0, '', '', '', '', 7, '', 0, 1, 0, 0, 0, '', 0, '', '', 48, 0, 1, 0, 0, 0, 7, 7, 1, 1, 0, 0, 7, 1, 0, 0, 0, 0, 0, 0, 0),
	(46, 21, 48, 49, 'a:1:{i:21;a:2:{i:0;s:54:"Побудова успішної ІТ кар’єри";i:1;i:1;}}', 'Побудова індивідуального плану успішної ІТ кар’єри.', '', '', 7, '', '', '', 0, '', '', '', '', 7, '', 0, 1, 0, 0, 0, '', 0, '', '', 48, 0, 1, 0, 0, 0, 7, 7, 1, 1, 0, 0, 7, 1, 0, 0, 0, 0, 0, 0, 0),
	(47, 21, 50, 51, 'a:1:{i:21;a:2:{i:0;s:54:"Побудова успішної ІТ кар’єри";i:1;i:1;}}', 'Ефективне працевлаштування.', '', '', 7, '', '', '', 0, '', '', '', '', 7, '', 0, 1, 0, 0, 0, '', 0, '', '', 48, 0, 1, 0, 0, 0, 7, 7, 1, 1, 0, 0, 7, 1, 0, 0, 0, 0, 0, 0, 0),
	(48, 21, 52, 53, 'a:1:{i:21;a:2:{i:0;s:54:"Побудова успішної ІТ кар’єри";i:1;i:1;}}', 'Психологія успіху', '', '', 7, '', '', '', 0, '', '', '', '', 7, '', 0, 1, 0, 0, 0, '', 0, '', '', 48, 0, 1, 0, 0, 0, 7, 7, 1, 1, 0, 0, 7, 1, 0, 0, 0, 0, 0, 0, 0);
/*!40000 ALTER TABLE `phpbb_forums` ENABLE KEYS */;


-- Dumping structure for table int_ita_db.phpbb_forums_access
DROP TABLE IF EXISTS `phpbb_forums_access`;
CREATE TABLE IF NOT EXISTS `phpbb_forums_access` (
  `forum_id` mediumint(8) unsigned NOT NULL DEFAULT '0',
  `user_id` mediumint(8) unsigned NOT NULL DEFAULT '0',
  `session_id` char(32) COLLATE utf8_bin NOT NULL DEFAULT '',
  PRIMARY KEY (`forum_id`,`user_id`,`session_id`)
) ENGINE=InnoDB DEFAULT CHARSET=utf8 COLLATE=utf8_bin;

-- Dumping data for table int_ita_db.phpbb_forums_access: ~0 rows (approximately)
/*!40000 ALTER TABLE `phpbb_forums_access` DISABLE KEYS */;
/*!40000 ALTER TABLE `phpbb_forums_access` ENABLE KEYS */;


-- Dumping structure for table int_ita_db.phpbb_forums_track
DROP TABLE IF EXISTS `phpbb_forums_track`;
CREATE TABLE IF NOT EXISTS `phpbb_forums_track` (
  `user_id` mediumint(8) unsigned NOT NULL DEFAULT '0',
  `forum_id` mediumint(8) unsigned NOT NULL DEFAULT '0',
  `mark_time` int(11) unsigned NOT NULL DEFAULT '0',
  PRIMARY KEY (`user_id`,`forum_id`)
) ENGINE=InnoDB DEFAULT CHARSET=utf8 COLLATE=utf8_bin;

-- Dumping data for table int_ita_db.phpbb_forums_track: ~16 rows (approximately)
/*!40000 ALTER TABLE `phpbb_forums_track` DISABLE KEYS */;
INSERT INTO `phpbb_forums_track` (`user_id`, `forum_id`, `mark_time`) VALUES
	(2, 16, 1437055279),
	(22, 15, 1437125835),
	(22, 16, 1437166713),
	(38, 36, 1437732959),
	(39, 29, 1438089493),
	(40, 34, 1437203610),
	(40, 35, 1437204004),
	(45, 15, 1437723594),
	(51, 36, 1438013412),
	(54, 15, 1438017947),
	(54, 16, 1438018025),
	(54, 34, 1438017838),
	(54, 35, 1438017910),
	(54, 36, 1438017942),
	(121, 36, 1437554649),
	(129, 29, 1438242107);
/*!40000 ALTER TABLE `phpbb_forums_track` ENABLE KEYS */;


-- Dumping structure for table int_ita_db.phpbb_forums_watch
DROP TABLE IF EXISTS `phpbb_forums_watch`;
CREATE TABLE IF NOT EXISTS `phpbb_forums_watch` (
  `forum_id` mediumint(8) unsigned NOT NULL DEFAULT '0',
  `user_id` mediumint(8) unsigned NOT NULL DEFAULT '0',
  `notify_status` tinyint(1) unsigned NOT NULL DEFAULT '0',
  KEY `forum_id` (`forum_id`),
  KEY `user_id` (`user_id`),
  KEY `notify_stat` (`notify_status`)
) ENGINE=InnoDB DEFAULT CHARSET=utf8 COLLATE=utf8_bin;

-- Dumping data for table int_ita_db.phpbb_forums_watch: ~0 rows (approximately)
/*!40000 ALTER TABLE `phpbb_forums_watch` DISABLE KEYS */;
/*!40000 ALTER TABLE `phpbb_forums_watch` ENABLE KEYS */;


-- Dumping structure for table int_ita_db.phpbb_groups
DROP TABLE IF EXISTS `phpbb_groups`;
CREATE TABLE IF NOT EXISTS `phpbb_groups` (
  `group_id` mediumint(8) unsigned NOT NULL AUTO_INCREMENT,
  `group_type` tinyint(4) NOT NULL DEFAULT '1',
  `group_founder_manage` tinyint(1) unsigned NOT NULL DEFAULT '0',
  `group_skip_auth` tinyint(1) unsigned NOT NULL DEFAULT '0',
  `group_name` varchar(255) COLLATE utf8_bin NOT NULL DEFAULT '',
  `group_desc` text COLLATE utf8_bin NOT NULL,
  `group_desc_bitfield` varchar(255) COLLATE utf8_bin NOT NULL DEFAULT '',
  `group_desc_options` int(11) unsigned NOT NULL DEFAULT '7',
  `group_desc_uid` varchar(8) COLLATE utf8_bin NOT NULL DEFAULT '',
  `group_display` tinyint(1) unsigned NOT NULL DEFAULT '0',
  `group_avatar` varchar(255) COLLATE utf8_bin NOT NULL DEFAULT '',
  `group_avatar_type` varchar(255) COLLATE utf8_bin NOT NULL DEFAULT '',
  `group_avatar_width` smallint(4) unsigned NOT NULL DEFAULT '0',
  `group_avatar_height` smallint(4) unsigned NOT NULL DEFAULT '0',
  `group_rank` mediumint(8) unsigned NOT NULL DEFAULT '0',
  `group_colour` varchar(6) COLLATE utf8_bin NOT NULL DEFAULT '',
  `group_sig_chars` mediumint(8) unsigned NOT NULL DEFAULT '0',
  `group_receive_pm` tinyint(1) unsigned NOT NULL DEFAULT '0',
  `group_message_limit` mediumint(8) unsigned NOT NULL DEFAULT '0',
  `group_legend` mediumint(8) unsigned NOT NULL DEFAULT '0',
  `group_max_recipients` mediumint(8) unsigned NOT NULL DEFAULT '0',
  PRIMARY KEY (`group_id`),
  KEY `group_legend_name` (`group_legend`,`group_name`)
) ENGINE=InnoDB AUTO_INCREMENT=8 DEFAULT CHARSET=utf8 COLLATE=utf8_bin;

-- Dumping data for table int_ita_db.phpbb_groups: ~7 rows (approximately)
/*!40000 ALTER TABLE `phpbb_groups` DISABLE KEYS */;
INSERT INTO `phpbb_groups` (`group_id`, `group_type`, `group_founder_manage`, `group_skip_auth`, `group_name`, `group_desc`, `group_desc_bitfield`, `group_desc_options`, `group_desc_uid`, `group_display`, `group_avatar`, `group_avatar_type`, `group_avatar_width`, `group_avatar_height`, `group_rank`, `group_colour`, `group_sig_chars`, `group_receive_pm`, `group_message_limit`, `group_legend`, `group_max_recipients`) VALUES
	(1, 3, 0, 0, 'GUESTS', '', '', 7, '', 0, '', '', 0, 0, 0, '', 0, 0, 0, 0, 5),
	(2, 3, 0, 0, 'REGISTERED', '', '', 7, '', 0, '', '', 0, 0, 0, '', 0, 0, 0, 0, 5),
	(3, 3, 0, 0, 'REGISTERED_COPPA', '', '', 7, '', 0, '', '', 0, 0, 0, '', 0, 0, 0, 0, 5),
	(4, 3, 0, 0, 'GLOBAL_MODERATORS', '', '', 7, '', 0, '', '', 0, 0, 0, '00AA00', 0, 0, 0, 2, 0),
	(5, 3, 1, 0, 'ADMINISTRATORS', '', '', 7, '', 0, '', '', 0, 0, 0, 'AA0000', 0, 0, 0, 1, 0),
	(6, 3, 0, 0, 'BOTS', '', '', 7, '', 0, '', '', 0, 0, 0, '9E8DA7', 0, 0, 0, 0, 5),
	(7, 3, 0, 0, 'NEWLY_REGISTERED', '', '', 7, '', 0, '', '', 0, 0, 0, '', 0, 0, 0, 0, 5);
/*!40000 ALTER TABLE `phpbb_groups` ENABLE KEYS */;


-- Dumping structure for table int_ita_db.phpbb_icons
DROP TABLE IF EXISTS `phpbb_icons`;
CREATE TABLE IF NOT EXISTS `phpbb_icons` (
  `icons_id` mediumint(8) unsigned NOT NULL AUTO_INCREMENT,
  `icons_url` varchar(255) COLLATE utf8_bin NOT NULL DEFAULT '',
  `icons_width` tinyint(4) NOT NULL DEFAULT '0',
  `icons_height` tinyint(4) NOT NULL DEFAULT '0',
  `icons_order` mediumint(8) unsigned NOT NULL DEFAULT '0',
  `display_on_posting` tinyint(1) unsigned NOT NULL DEFAULT '1',
  PRIMARY KEY (`icons_id`),
  KEY `display_on_posting` (`display_on_posting`)
) ENGINE=InnoDB AUTO_INCREMENT=11 DEFAULT CHARSET=utf8 COLLATE=utf8_bin;

-- Dumping data for table int_ita_db.phpbb_icons: ~10 rows (approximately)
/*!40000 ALTER TABLE `phpbb_icons` DISABLE KEYS */;
INSERT INTO `phpbb_icons` (`icons_id`, `icons_url`, `icons_width`, `icons_height`, `icons_order`, `display_on_posting`) VALUES
	(1, 'misc/fire.gif', 16, 16, 1, 1),
	(2, 'smile/redface.gif', 16, 16, 9, 1),
	(3, 'smile/mrgreen.gif', 16, 16, 10, 1),
	(4, 'misc/heart.gif', 16, 16, 4, 1),
	(5, 'misc/star.gif', 16, 16, 2, 1),
	(6, 'misc/radioactive.gif', 16, 16, 3, 1),
	(7, 'misc/thinking.gif', 16, 16, 5, 1),
	(8, 'smile/info.gif', 16, 16, 8, 1),
	(9, 'smile/question.gif', 16, 16, 6, 1),
	(10, 'smile/alert.gif', 16, 16, 7, 1);
/*!40000 ALTER TABLE `phpbb_icons` ENABLE KEYS */;


-- Dumping structure for table int_ita_db.phpbb_lang
DROP TABLE IF EXISTS `phpbb_lang`;
CREATE TABLE IF NOT EXISTS `phpbb_lang` (
  `lang_id` tinyint(4) NOT NULL AUTO_INCREMENT,
  `lang_iso` varchar(30) COLLATE utf8_bin NOT NULL DEFAULT '',
  `lang_dir` varchar(30) COLLATE utf8_bin NOT NULL DEFAULT '',
  `lang_english_name` varchar(100) COLLATE utf8_bin NOT NULL DEFAULT '',
  `lang_local_name` varchar(255) COLLATE utf8_bin NOT NULL DEFAULT '',
  `lang_author` varchar(255) COLLATE utf8_bin NOT NULL DEFAULT '',
  PRIMARY KEY (`lang_id`),
  KEY `lang_iso` (`lang_iso`)
) ENGINE=InnoDB AUTO_INCREMENT=3 DEFAULT CHARSET=utf8 COLLATE=utf8_bin;

-- Dumping data for table int_ita_db.phpbb_lang: ~2 rows (approximately)
/*!40000 ALTER TABLE `phpbb_lang` DISABLE KEYS */;
INSERT INTO `phpbb_lang` (`lang_id`, `lang_iso`, `lang_dir`, `lang_english_name`, `lang_local_name`, `lang_author`) VALUES
	(1, 'en', 'en', 'British English', 'British English', 'phpBB Limited'),
	(2, 'uk', 'uk', 'Ukrainian', 'Українська', 'Black_SN');
/*!40000 ALTER TABLE `phpbb_lang` ENABLE KEYS */;


-- Dumping structure for table int_ita_db.phpbb_log
DROP TABLE IF EXISTS `phpbb_log`;
CREATE TABLE IF NOT EXISTS `phpbb_log` (
  `log_id` mediumint(8) unsigned NOT NULL AUTO_INCREMENT,
  `log_type` tinyint(4) NOT NULL DEFAULT '0',
  `user_id` mediumint(8) unsigned NOT NULL DEFAULT '0',
  `forum_id` mediumint(8) unsigned NOT NULL DEFAULT '0',
  `topic_id` mediumint(8) unsigned NOT NULL DEFAULT '0',
  `reportee_id` mediumint(8) unsigned NOT NULL DEFAULT '0',
  `log_ip` varchar(40) COLLATE utf8_bin NOT NULL DEFAULT '',
  `log_time` int(11) unsigned NOT NULL DEFAULT '0',
  `log_operation` text COLLATE utf8_bin NOT NULL,
  `log_data` mediumtext COLLATE utf8_bin NOT NULL,
  PRIMARY KEY (`log_id`),
  KEY `log_type` (`log_type`),
  KEY `forum_id` (`forum_id`),
  KEY `topic_id` (`topic_id`),
  KEY `reportee_id` (`reportee_id`),
  KEY `user_id` (`user_id`)
) ENGINE=InnoDB AUTO_INCREMENT=119 DEFAULT CHARSET=utf8 COLLATE=utf8_bin;

-- Dumping data for table int_ita_db.phpbb_log: ~117 rows (approximately)
/*!40000 ALTER TABLE `phpbb_log` DISABLE KEYS */;
INSERT INTO `phpbb_log` (`log_id`, `log_type`, `user_id`, `forum_id`, `topic_id`, `reportee_id`, `log_ip`, `log_time`, `log_operation`, `log_data`) VALUES
	(1, 0, 2, 0, 0, 0, '127.0.0.1', 1431076934, 'LOG_INSTALL_INSTALLED', 'a:1:{i:0;s:5:"3.1.4";}'),
	(2, 2, 1, 0, 0, 0, '::1', 1431693780, 'LOG_GENERAL_ERROR', 'a:2:{i:0;s:13:"General Error";i:1;s:1513:"SQL ERROR [ mysqli ]<br /><br />Table \'int_ita_db.phpbb_acl_groups\' doesn\'t exist [1146]<br /><br />SQL<br /><br />DELETE FROM phpbb_acl_groups\r\n		WHERE forum_id NOT IN (0, \'1\', \'2\')<br /><br />BACKTRACE<br /><div style="font-family: monospace;"><br /><b>FILE:</b> (not given by php)<br /><b>LINE:</b> (not given by php)<br /><b>CALL:</b> msg_handler()<br /><br /><b>FILE:</b> [ROOT]/phpbb/db/driver/driver.php<br /><b>LINE:</b> 855<br /><b>CALL:</b> trigger_error()<br /><br /><b>FILE:</b> [ROOT]/phpbb/db/driver/mysqli.php<br /><b>LINE:</b> 193<br /><b>CALL:</b> phpbb\\db\\driver\\driver-&gt;sql_error()<br /><br /><b>FILE:</b> [ROOT]/phpbb/db/driver/factory.php<br /><b>LINE:</b> 329<br /><b>CALL:</b> phpbb\\db\\driver\\mysqli-&gt;sql_query()<br /><br /><b>FILE:</b> [ROOT]/includes/functions_admin.php<br /><b>LINE:</b> 3113<br /><b>CALL:</b> phpbb\\db\\driver\\factory-&gt;sql_query()<br /><br /><b>FILE:</b> [ROOT]/phpbb/cron/task/core/tidy_database.php<br /><b>LINE:</b> 50<br /><b>CALL:</b> tidy_database()<br /><br /><b>FILE:</b> (not given by php)<br /><b>LINE:</b> (not given by php)<br /><b>CALL:</b> phpbb\\cron\\task\\core\\tidy_database-&gt;run()<br /><br /><b>FILE:</b> [ROOT]/phpbb/cron/task/wrapper.php<br /><b>LINE:</b> 104<br /><b>CALL:</b> call_user_func_array()<br /><br /><b>FILE:</b> [ROOT]/cron.php<br /><b>LINE:</b> 64<br /><b>CALL:</b> phpbb\\cron\\task\\wrapper-&gt;__call()<br /><br /><b>FILE:</b> [ROOT]/cron.php<br /><b>LINE:</b> 64<br /><b>CALL:</b> phpbb\\cron\\task\\wrapper-&gt;run()<br /></div>";}'),
	(3, 2, 1, 0, 0, 0, '::1', 1433429455, 'LOG_GENERAL_ERROR', 'a:2:{i:0;s:13:"General Error";i:1;s:1513:"SQL ERROR [ mysqli ]<br /><br />Table \'int_ita_db.phpbb_acl_groups\' doesn\'t exist [1146]<br /><br />SQL<br /><br />DELETE FROM phpbb_acl_groups\r\n		WHERE forum_id NOT IN (0, \'1\', \'2\')<br /><br />BACKTRACE<br /><div style="font-family: monospace;"><br /><b>FILE:</b> (not given by php)<br /><b>LINE:</b> (not given by php)<br /><b>CALL:</b> msg_handler()<br /><br /><b>FILE:</b> [ROOT]/phpbb/db/driver/driver.php<br /><b>LINE:</b> 855<br /><b>CALL:</b> trigger_error()<br /><br /><b>FILE:</b> [ROOT]/phpbb/db/driver/mysqli.php<br /><b>LINE:</b> 193<br /><b>CALL:</b> phpbb\\db\\driver\\driver-&gt;sql_error()<br /><br /><b>FILE:</b> [ROOT]/phpbb/db/driver/factory.php<br /><b>LINE:</b> 329<br /><b>CALL:</b> phpbb\\db\\driver\\mysqli-&gt;sql_query()<br /><br /><b>FILE:</b> [ROOT]/includes/functions_admin.php<br /><b>LINE:</b> 3113<br /><b>CALL:</b> phpbb\\db\\driver\\factory-&gt;sql_query()<br /><br /><b>FILE:</b> [ROOT]/phpbb/cron/task/core/tidy_database.php<br /><b>LINE:</b> 50<br /><b>CALL:</b> tidy_database()<br /><br /><b>FILE:</b> (not given by php)<br /><b>LINE:</b> (not given by php)<br /><b>CALL:</b> phpbb\\cron\\task\\core\\tidy_database-&gt;run()<br /><br /><b>FILE:</b> [ROOT]/phpbb/cron/task/wrapper.php<br /><b>LINE:</b> 104<br /><b>CALL:</b> call_user_func_array()<br /><br /><b>FILE:</b> [ROOT]/cron.php<br /><b>LINE:</b> 64<br /><b>CALL:</b> phpbb\\cron\\task\\wrapper-&gt;__call()<br /><br /><b>FILE:</b> [ROOT]/cron.php<br /><b>LINE:</b> 64<br /><b>CALL:</b> phpbb\\cron\\task\\wrapper-&gt;run()<br /></div>";}'),
	(5, 0, 2, 0, 0, 0, '81.30.164.98', 1436605567, 'LOG_ADMIN_AUTH_SUCCESS', ''),
	(6, 0, 2, 0, 0, 0, '81.30.164.98', 1436605706, 'LOG_FORUM_ADD', 'a:1:{i:0;s:46:"Інтернет програміст (РНР)";}'),
	(7, 0, 2, 0, 0, 0, '81.30.164.98', 1436605722, 'LOG_FORUM_ADD', 'a:1:{i:0;s:46:"Інтернет програміст (РНР)";}'),
	(8, 0, 2, 0, 0, 0, '81.30.164.98', 1436605740, 'LOG_FORUM_ADD', 'a:1:{i:0;s:46:"Інтернет програміст (РНР)";}'),
	(9, 0, 2, 0, 0, 0, '81.30.164.98', 1436605765, 'LOG_FORUM_ADD', 'a:1:{i:0;s:46:"Інтернет програміст (РНР)";}'),
	(10, 0, 2, 0, 0, 0, '81.30.164.98', 1436606118, 'LOG_FORUM_DEL_POSTS', 'a:1:{i:0;s:46:"Інтернет програміст (РНР)";}'),
	(11, 0, 2, 0, 0, 0, '81.30.164.98', 1436606137, 'LOG_FORUM_DEL_POSTS', 'a:1:{i:0;s:46:"Інтернет програміст (РНР)";}'),
	(12, 0, 2, 0, 0, 0, '81.30.164.98', 1436606146, 'LOG_FORUM_DEL_POSTS', 'a:1:{i:0;s:46:"Інтернет програміст (РНР)";}'),
	(13, 0, 2, 0, 0, 0, '81.30.164.98', 1436606275, 'LOG_FORUM_ADD', 'a:1:{i:0;s:27:"Програміст (Java)";}'),
	(14, 0, 2, 0, 0, 0, '81.30.164.98', 1436606306, 'LOG_FORUM_ADD', 'a:1:{i:0;s:27:"Програміст (С++)";}'),
	(15, 0, 2, 0, 0, 0, '81.30.164.98', 1436606568, 'LOG_ADMIN_AUTH_SUCCESS', ''),
	(16, 0, 2, 0, 0, 0, '81.30.164.98', 1436606599, 'LOG_FORUM_ADD', 'a:1:{i:0;s:41:"Англійська мова для ІТ";}'),
	(17, 0, 2, 0, 0, 0, '81.30.164.98', 1436606628, 'LOG_FORUM_ADD', 'a:1:{i:0;s:41:"Англійська мова для ІТ";}'),
	(18, 0, 2, 0, 0, 0, '81.30.164.98', 1436606662, 'LOG_FORUM_DEL_POSTS', 'a:1:{i:0;s:41:"Англійська мова для ІТ";}'),
	(19, 0, 2, 0, 0, 0, '81.30.164.98', 1436606742, 'LOG_FORUM_EDIT', 'a:1:{i:0;s:46:"Інтернет програміст (РНР)";}'),
	(20, 0, 2, 0, 0, 0, '81.30.164.98', 1436606742, 'LOG_FORUM_COPIED_PERMISSIONS', 'a:2:{i:0;s:38:"Ваша перша категорія";i:1;s:46:"Інтернет програміст (РНР)";}'),
	(21, 0, 2, 0, 0, 0, '81.30.164.98', 1436607558, 'LOG_ADMIN_AUTH_SUCCESS', ''),
	(22, 0, 2, 0, 0, 0, '81.30.164.98', 1436607835, 'LOG_FORUM_EDIT', 'a:1:{i:0;s:46:"Інтернет програміст (РНР)";}'),
	(23, 0, 2, 0, 0, 0, '81.30.164.98', 1436607835, 'LOG_FORUM_COPIED_PERMISSIONS', 'a:2:{i:0;s:38:"Ваша перша категорія";i:1;s:46:"Інтернет програміст (РНР)";}'),
	(24, 0, 2, 0, 0, 0, '81.30.164.98', 1436616850, 'LOG_ADMIN_AUTH_FAIL', ''),
	(25, 0, 2, 0, 0, 0, '81.30.164.98', 1436616859, 'LOG_ADMIN_AUTH_SUCCESS', ''),
	(26, 0, 2, 0, 0, 0, '81.30.164.98', 1436970132, 'LOG_ADMIN_AUTH_SUCCESS', ''),
	(27, 0, 2, 0, 0, 0, '81.30.164.98', 1436971652, 'LOG_ADMIN_AUTH_SUCCESS', ''),
	(28, 0, 2, 0, 0, 0, '81.30.164.98', 1436971734, 'LOG_ADMIN_AUTH_SUCCESS', ''),
	(29, 0, 2, 0, 0, 0, '81.30.164.98', 1436976080, 'LOG_ADMIN_AUTH_SUCCESS', ''),
	(30, 0, 2, 0, 0, 0, '81.30.164.98', 1436976124, 'LOG_FORUM_DEL_FORUMS', 'a:1:{i:0;s:38:"Ваша перша категорія";}'),
	(31, 0, 2, 0, 0, 0, '81.30.164.98', 1436976137, 'LOG_FORUM_DEL_POSTS', 'a:1:{i:0;s:46:"Інтернет програміст (РНР)";}'),
	(32, 0, 2, 0, 0, 0, '81.30.164.98', 1436976148, 'LOG_FORUM_DEL_POSTS', 'a:1:{i:0;s:27:"Програміст (Java)";}'),
	(33, 0, 2, 0, 0, 0, '81.30.164.98', 1436976165, 'LOG_FORUM_DEL_POSTS', 'a:1:{i:0;s:27:"Програміст (С++)";}'),
	(34, 0, 2, 0, 0, 0, '81.30.164.98', 1436976173, 'LOG_FORUM_DEL_POSTS', 'a:1:{i:0;s:41:"Англійська мова для ІТ";}'),
	(35, 0, 2, 0, 0, 0, '81.30.164.98', 1436977413, 'LOG_FORUM_ADD', 'a:1:{i:0;s:46:"Інтернет програміст (РНР)";}'),
	(36, 0, 2, 0, 0, 0, '81.30.164.98', 1436982874, 'LOG_ADMIN_AUTH_SUCCESS', ''),
	(37, 0, 2, 0, 0, 0, '81.30.164.98', 1436985882, 'LOG_FORUM_ADD', 'a:1:{i:0;s:46:"Інтернет програміст (РНР)";}'),
	(38, 0, 2, 0, 0, 0, '81.30.164.98', 1436985894, 'LOG_FORUM_DEL_POSTS', 'a:1:{i:0;s:46:"Інтернет програміст (РНР)";}'),
	(39, 0, 2, 0, 0, 0, '81.30.164.98', 1436985933, 'LOG_FORUM_ADD', 'a:1:{i:0;s:27:"Програміст (Java)";}'),
	(40, 0, 2, 0, 0, 0, '81.30.164.98', 1436985937, 'LOG_FORUM_ADD', 'a:1:{i:0;s:27:"Програміст (Java)";}'),
	(41, 0, 2, 0, 0, 0, '81.30.164.98', 1436985946, 'LOG_FORUM_DEL_POSTS', 'a:1:{i:0;s:27:"Програміст (Java)";}'),
	(42, 0, 2, 0, 0, 0, '81.30.164.98', 1437051512, 'LOG_ADMIN_AUTH_SUCCESS', ''),
	(43, 0, 2, 0, 0, 0, '81.30.164.98', 1437051522, 'LOG_FORUM_DEL_POSTS', 'a:1:{i:0;s:27:"Програміст (Java)";}'),
	(44, 0, 2, 0, 0, 0, '81.30.164.98', 1437051528, 'LOG_FORUM_DEL_POSTS', 'a:1:{i:0;s:46:"Інтернет програміст (РНР)";}'),
	(45, 0, 2, 0, 0, 0, '81.30.164.98', 1437051563, 'LOG_FORUM_ADD', 'a:1:{i:0;s:46:"Інтернет програміст (РНР)";}'),
	(46, 0, 2, 0, 0, 0, '81.30.164.98', 1437051892, 'LOG_ADMIN_AUTH_SUCCESS', ''),
	(47, 0, 2, 0, 0, 0, '81.30.164.98', 1437051932, 'LOG_FORUM_ADD', 'a:1:{i:0;s:59:"Модуль 1.	 Вступ до програмування";}'),
	(48, 0, 2, 0, 0, 0, '81.30.164.98', 1437051932, 'LOG_FORUM_COPIED_PERMISSIONS', 'a:2:{i:0;s:46:"Інтернет програміст (РНР)";i:1;s:59:"Модуль 1.	 Вступ до програмування";}'),
	(49, 0, 2, 0, 0, 0, '81.30.164.98', 1437051965, 'LOG_FORUM_ADD', 'a:1:{i:0;s:92:"Модуль 2.	 Алгоритмізація і програмування на мові С";}'),
	(50, 0, 2, 0, 0, 0, '81.30.164.98', 1437051965, 'LOG_FORUM_COPIED_PERMISSIONS', 'a:2:{i:0;s:46:"Інтернет програміст (РНР)";i:1;s:92:"Модуль 2.	 Алгоритмізація і програмування на мові С";}'),
	(51, 0, 2, 0, 0, 0, '81.30.164.98', 1437052010, 'LOG_FORUM_ADD', 'a:1:{i:0;s:27:"Програміст (Java)";}'),
	(52, 0, 2, 0, 0, 0, '81.30.164.98', 1437052010, 'LOG_FORUM_COPIED_PERMISSIONS', 'a:2:{i:0;s:46:"Інтернет програміст (РНР)";i:1;s:27:"Програміст (Java)";}'),
	(53, 0, 2, 0, 0, 0, '81.30.164.98', 1437052132, 'LOG_FORUM_ADD', 'a:1:{i:0;s:27:"Програміст (С++)";}'),
	(54, 0, 2, 0, 0, 0, '81.30.164.98', 1437052132, 'LOG_FORUM_COPIED_PERMISSIONS', 'a:2:{i:0;s:46:"Інтернет програміст (РНР)";i:1;s:27:"Програміст (С++)";}'),
	(55, 0, 2, 0, 0, 0, '81.30.164.98', 1437052156, 'LOG_FORUM_ADD', 'a:1:{i:0;s:41:"Англійська мова для ІТ";}'),
	(56, 0, 2, 0, 0, 0, '81.30.164.98', 1437052156, 'LOG_FORUM_COPIED_PERMISSIONS', 'a:2:{i:0;s:46:"Інтернет програміст (РНР)";i:1;s:41:"Англійська мова для ІТ";}'),
	(57, 0, 2, 0, 0, 0, '81.30.164.98', 1437052176, 'LOG_FORUM_ADD', 'a:1:{i:0;s:54:"Побудова успішної ІТ кар’єри";}'),
	(58, 0, 2, 0, 0, 0, '81.30.164.98', 1437052176, 'LOG_FORUM_COPIED_PERMISSIONS', 'a:2:{i:0;s:46:"Інтернет програміст (РНР)";i:1;s:54:"Побудова успішної ІТ кар’єри";}'),
	(59, 0, 2, 0, 0, 0, '81.30.164.98', 1437052554, 'LOG_FORUM_ADD', 'a:1:{i:0;s:51:"Інтернет програміст (Java Script)";}'),
	(60, 0, 2, 0, 0, 0, '81.30.164.98', 1437052577, 'LOG_FORUM_ADD', 'a:1:{i:0;s:25:"Програміст (C#)";}'),
	(61, 0, 2, 0, 0, 0, '81.30.164.98', 1437052601, 'LOG_FORUM_ADD', 'a:1:{i:0;s:29:"Тестувальник (QA)";}'),
	(62, 0, 2, 0, 0, 0, '81.30.164.98', 1437052601, 'LOG_FORUM_COPIED_PERMISSIONS', 'a:2:{i:0;s:46:"Інтернет програміст (РНР)";i:1;s:29:"Тестувальник (QA)";}'),
	(63, 0, 2, 0, 0, 0, '81.30.164.98', 1437052620, 'LOG_FORUM_DEL_POSTS', 'a:1:{i:0;s:51:"Інтернет програміст (Java Script)";}'),
	(64, 0, 2, 0, 0, 0, '81.30.164.98', 1437052632, 'LOG_FORUM_DEL_POSTS', 'a:1:{i:0;s:25:"Програміст (C#)";}'),
	(65, 0, 2, 0, 0, 0, '81.30.164.98', 1437052654, 'LOG_FORUM_ADD', 'a:1:{i:0;s:25:"Програміст (C#)";}'),
	(66, 0, 2, 0, 0, 0, '81.30.164.98', 1437052654, 'LOG_FORUM_COPIED_PERMISSIONS', 'a:2:{i:0;s:46:"Інтернет програміст (РНР)";i:1;s:25:"Програміст (C#)";}'),
	(67, 0, 2, 0, 0, 0, '81.30.164.98', 1437052675, 'LOG_FORUM_ADD', 'a:1:{i:0;s:29:"Тестувальник (QA)";}'),
	(68, 0, 2, 0, 0, 0, '81.30.164.98', 1437052675, 'LOG_FORUM_COPIED_PERMISSIONS', 'a:2:{i:0;s:46:"Інтернет програміст (РНР)";i:1;s:29:"Тестувальник (QA)";}'),
	(69, 0, 2, 0, 0, 0, '81.30.164.98', 1437052702, 'LOG_FORUM_ADD', 'a:1:{i:0;s:35:"Програміст (Objective С)";}'),
	(70, 0, 2, 0, 0, 0, '81.30.164.98', 1437052702, 'LOG_FORUM_COPIED_PERMISSIONS', 'a:2:{i:0;s:46:"Інтернет програміст (РНР)";i:1;s:35:"Програміст (Objective С)";}'),
	(71, 0, 2, 0, 0, 0, '81.30.164.98', 1437052729, 'LOG_FORUM_ADD', 'a:1:{i:0;s:47:"Верстальник сайтів (HTML, CSS)";}'),
	(72, 0, 2, 0, 0, 0, '81.30.164.98', 1437052729, 'LOG_FORUM_COPIED_PERMISSIONS', 'a:2:{i:0;s:46:"Інтернет програміст (РНР)";i:1;s:47:"Верстальник сайтів (HTML, CSS)";}'),
	(73, 0, 2, 0, 0, 0, '81.30.164.98', 1437052972, 'LOG_FORUM_ADD', 'a:1:{i:0;s:43:"Елементарна математика";}'),
	(74, 0, 2, 0, 0, 0, '81.30.164.98', 1437052972, 'LOG_FORUM_COPIED_PERMISSIONS', 'a:2:{i:0;s:46:"Інтернет програміст (РНР)";i:1;s:43:"Елементарна математика";}'),
	(75, 0, 2, 0, 0, 0, '81.30.164.98', 1437053006, 'LOG_FORUM_ADD', 'a:1:{i:0;s:48:"Елементи вищої математики";}'),
	(76, 0, 2, 0, 0, 0, '81.30.164.98', 1437053006, 'LOG_FORUM_COPIED_PERMISSIONS', 'a:2:{i:0;s:46:"Інтернет програміст (РНР)";i:1;s:48:"Елементи вищої математики";}'),
	(77, 0, 2, 0, 0, 0, '81.30.164.98', 1437053031, 'LOG_FORUM_ADD', 'a:1:{i:0;s:34:"Комп\'ютерні мережі";}'),
	(78, 0, 2, 0, 0, 0, '81.30.164.98', 1437053031, 'LOG_FORUM_COPIED_PERMISSIONS', 'a:2:{i:0;s:46:"Інтернет програміст (РНР)";i:1;s:34:"Комп\'ютерні мережі";}'),
	(79, 0, 2, 0, 0, 0, '81.30.164.98', 1437053050, 'LOG_FORUM_ADD', 'a:1:{i:0;s:100:"Розробка та аналіз алгоритмів. Комбінаторні алгоритми";}'),
	(80, 0, 2, 0, 0, 0, '81.30.164.98', 1437053050, 'LOG_FORUM_COPIED_PERMISSIONS', 'a:2:{i:0;s:46:"Інтернет програміст (РНР)";i:1;s:100:"Розробка та аналіз алгоритмів. Комбінаторні алгоритми";}'),
	(81, 0, 2, 0, 0, 0, '81.30.164.98', 1437053074, 'LOG_FORUM_ADD', 'a:1:{i:0;s:39:"Дискретна математика";}'),
	(82, 0, 2, 0, 0, 0, '81.30.164.98', 1437053074, 'LOG_FORUM_COPIED_PERMISSIONS', 'a:2:{i:0;s:46:"Інтернет програміст (РНР)";i:1;s:39:"Дискретна математика";}'),
	(83, 0, 2, 0, 0, 0, '81.30.164.98', 1437053092, 'LOG_FORUM_ADD', 'a:1:{i:0;s:39:"Бази даних ( Частина 1)";}'),
	(84, 0, 2, 0, 0, 0, '81.30.164.98', 1437053093, 'LOG_FORUM_COPIED_PERMISSIONS', 'a:2:{i:0;s:46:"Інтернет програміст (РНР)";i:1;s:39:"Бази даних ( Частина 1)";}'),
	(85, 0, 2, 0, 0, 0, '81.30.164.98', 1437053110, 'LOG_FORUM_ADD', 'a:1:{i:0;s:39:"Бази даних ( Частина 2)";}'),
	(86, 0, 2, 0, 0, 0, '81.30.164.98', 1437053110, 'LOG_FORUM_COPIED_PERMISSIONS', 'a:2:{i:0;s:46:"Інтернет програміст (РНР)";i:1;s:39:"Бази даних ( Частина 2)";}'),
	(87, 0, 2, 0, 0, 0, '81.30.164.98', 1437053129, 'LOG_FORUM_ADD', 'a:1:{i:0;s:54:"Програмування на PHP (Частина 1)";}'),
	(88, 0, 2, 0, 0, 0, '81.30.164.98', 1437053129, 'LOG_FORUM_COPIED_PERMISSIONS', 'a:2:{i:0;s:46:"Інтернет програміст (РНР)";i:1;s:54:"Програмування на PHP (Частина 1)";}'),
	(89, 0, 2, 0, 0, 0, '81.30.164.98', 1437053149, 'LOG_FORUM_ADD', 'a:1:{i:0;s:31:"Регулярні вирази";}'),
	(90, 0, 2, 0, 0, 0, '81.30.164.98', 1437053149, 'LOG_FORUM_COPIED_PERMISSIONS', 'a:2:{i:0;s:46:"Інтернет програміст (РНР)";i:1;s:31:"Регулярні вирази";}'),
	(91, 0, 2, 0, 0, 0, '81.30.164.98', 1437053157, 'LOG_FORUM_MOVE_UP', 'a:2:{i:0;s:43:"Елементарна математика";i:1;s:75:"Алгоритмізація і програмування на мові С";}'),
	(92, 0, 2, 0, 0, 0, '81.30.164.98', 1437053171, 'LOG_FORUM_ADD', 'a:1:{i:0;s:54:"Програмування на PHP (Частина 2)";}'),
	(93, 0, 2, 0, 0, 0, '81.30.164.98', 1437053171, 'LOG_FORUM_COPIED_PERMISSIONS', 'a:2:{i:0;s:46:"Інтернет програміст (РНР)";i:1;s:54:"Програмування на PHP (Частина 2)";}'),
	(94, 0, 2, 0, 0, 0, '81.30.164.98', 1437053188, 'LOG_FORUM_ADD', 'a:1:{i:0;s:29:"Верстка на HTML, CSS";}'),
	(95, 0, 2, 0, 0, 0, '81.30.164.98', 1437053189, 'LOG_FORUM_COPIED_PERMISSIONS', 'a:2:{i:0;s:46:"Інтернет програміст (РНР)";i:1;s:29:"Верстка на HTML, CSS";}'),
	(96, 0, 2, 0, 0, 0, '81.30.164.98', 1437053209, 'LOG_FORUM_ADD', 'a:1:{i:0;s:42:"Програмування на JavaScript";}'),
	(97, 0, 2, 0, 0, 0, '81.30.164.98', 1437053209, 'LOG_FORUM_COPIED_PERMISSIONS', 'a:2:{i:0;s:46:"Інтернет програміст (РНР)";i:1;s:42:"Програмування на JavaScript";}'),
	(98, 0, 2, 0, 0, 0, '81.30.164.98', 1437053225, 'LOG_FORUM_ADD', 'a:1:{i:0;s:67:"Сучасні технології розробки програм";}'),
	(99, 0, 2, 0, 0, 0, '81.30.164.98', 1437053225, 'LOG_FORUM_COPIED_PERMISSIONS', 'a:2:{i:0;s:46:"Інтернет програміст (РНР)";i:1;s:67:"Сучасні технології розробки програм";}'),
	(100, 0, 2, 0, 0, 0, '81.30.164.98', 1437053239, 'LOG_FORUM_ADD', 'a:1:{i:0;s:50:"Командний дипломний проект";}'),
	(101, 0, 2, 0, 0, 0, '81.30.164.98', 1437053239, 'LOG_FORUM_COPIED_PERMISSIONS', 'a:2:{i:0;s:46:"Інтернет програміст (РНР)";i:1;s:50:"Командний дипломний проект";}'),
	(102, 0, 2, 0, 0, 0, '81.30.164.98', 1437053321, 'LOG_FORUM_ADD', 'a:1:{i:0;s:13:"For beginners";}'),
	(103, 0, 2, 0, 0, 0, '81.30.164.98', 1437053321, 'LOG_FORUM_COPIED_PERMISSIONS', 'a:2:{i:0;s:41:"Англійська мова для ІТ";i:1;s:13:"For beginners";}'),
	(104, 0, 2, 0, 0, 0, '81.30.164.98', 1437053339, 'LOG_FORUM_ADD', 'a:1:{i:0;s:16:"Pre Intermediate";}'),
	(105, 0, 2, 0, 0, 0, '81.30.164.98', 1437053339, 'LOG_FORUM_COPIED_PERMISSIONS', 'a:2:{i:0;s:41:"Англійська мова для ІТ";i:1;s:16:"Pre Intermediate";}'),
	(106, 0, 2, 0, 0, 0, '81.30.164.98', 1437053354, 'LOG_FORUM_ADD', 'a:1:{i:0;s:12:"Intermediate";}'),
	(107, 0, 2, 0, 0, 0, '81.30.164.98', 1437053354, 'LOG_FORUM_COPIED_PERMISSIONS', 'a:2:{i:0;s:41:"Англійська мова для ІТ";i:1;s:12:"Intermediate";}'),
	(108, 0, 2, 0, 0, 0, '81.30.164.98', 1437053445, 'LOG_FORUM_ADD', 'a:1:{i:0;s:97:"Побудова індивідуального плану успішної ІТ кар’єри.";}'),
	(109, 0, 2, 0, 0, 0, '81.30.164.98', 1437053445, 'LOG_FORUM_COPIED_PERMISSIONS', 'a:2:{i:0;s:54:"Побудова успішної ІТ кар’єри";i:1;s:97:"Побудова індивідуального плану успішної ІТ кар’єри.";}'),
	(110, 0, 2, 0, 0, 0, '81.30.164.98', 1437053483, 'LOG_FORUM_ADD', 'a:1:{i:0;s:52:"Ефективне працевлаштування.";}'),
	(111, 0, 2, 0, 0, 0, '81.30.164.98', 1437053483, 'LOG_FORUM_COPIED_PERMISSIONS', 'a:2:{i:0;s:54:"Побудова успішної ІТ кар’єри";i:1;s:52:"Ефективне працевлаштування.";}'),
	(112, 0, 2, 0, 0, 0, '81.30.164.98', 1437053501, 'LOG_FORUM_ADD', 'a:1:{i:0;s:33:"Психологія успіху";}'),
	(113, 0, 2, 0, 0, 0, '81.30.164.98', 1437053501, 'LOG_FORUM_COPIED_PERMISSIONS', 'a:2:{i:0;s:54:"Побудова успішної ІТ кар’єри";i:1;s:33:"Психологія успіху";}'),
	(114, 0, 2, 0, 0, 0, '81.30.164.98', 1437055050, 'LOG_ADMIN_AUTH_SUCCESS', ''),
	(115, 2, 22, 0, 0, 0, '178.94.81.41', 1437135643, 'LOG_IP_BROWSER_FORWARDED_CHECK', 'a:6:{i:0;s:9:"178.94.81";i:1;s:9:"178.92.66";i:2;s:65:"mozilla/5.0 (windows nt 6.1; rv:40.0) gecko/20100101 firefox/40.0";i:3;s:65:"mozilla/5.0 (windows nt 6.1; rv:40.0) gecko/20100101 firefox/40.0";i:4;s:0:"";i:5;s:0:"";}'),
	(116, 2, 52, 0, 0, 0, '94.179.33.38', 1437550299, 'LOG_IP_BROWSER_FORWARDED_CHECK', 'a:6:{i:0;s:9:"94.179.33";i:1;s:9:"94.179.58";i:2;s:65:"mozilla/5.0 (windows nt 6.1; rv:40.0) gecko/20100101 firefox/40.0";i:3;s:65:"mozilla/5.0 (windows nt 6.1; rv:40.0) gecko/20100101 firefox/40.0";i:4;s:0:"";i:5;s:0:"";}'),
	(117, 0, 2, 0, 0, 0, '81.30.164.98', 1438188522, 'LOG_ADMIN_AUTH_SUCCESS', ''),
	(118, 2, 45, 0, 0, 0, '178.94.166.76', 1438196845, 'LOG_IP_BROWSER_FORWARDED_CHECK', 'a:6:{i:0;s:10:"178.94.166";i:1;s:7:"37.54.2";i:2;s:125:"mozilla/5.0 (linux; android 5.0; k012 build/lrx21v) applewebkit/537.36 (khtml, like gecko) chrome/42.0.2311.109 safari/537.36";i:3;s:125:"mozilla/5.0 (linux; android 5.0; k012 build/lrx21v) applewebkit/537.36 (khtml, like gecko) chrome/42.0.2311.109 safari/537.36";i:4;s:0:"";i:5;s:0:"";}');
/*!40000 ALTER TABLE `phpbb_log` ENABLE KEYS */;


-- Dumping structure for table int_ita_db.phpbb_login_attempts
DROP TABLE IF EXISTS `phpbb_login_attempts`;
CREATE TABLE IF NOT EXISTS `phpbb_login_attempts` (
  `attempt_ip` varchar(40) COLLATE utf8_bin NOT NULL DEFAULT '',
  `attempt_browser` varchar(150) COLLATE utf8_bin NOT NULL DEFAULT '',
  `attempt_forwarded_for` varchar(255) COLLATE utf8_bin NOT NULL DEFAULT '',
  `attempt_time` int(11) unsigned NOT NULL DEFAULT '0',
  `user_id` mediumint(8) unsigned NOT NULL DEFAULT '0',
  `username` varchar(255) COLLATE utf8_bin NOT NULL DEFAULT '0',
  `username_clean` varchar(255) COLLATE utf8_bin NOT NULL DEFAULT '0',
  KEY `att_ip` (`attempt_ip`,`attempt_time`),
  KEY `att_for` (`attempt_forwarded_for`,`attempt_time`),
  KEY `att_time` (`attempt_time`),
  KEY `user_id` (`user_id`)
) ENGINE=InnoDB DEFAULT CHARSET=utf8 COLLATE=utf8_bin;

-- Dumping data for table int_ita_db.phpbb_login_attempts: ~0 rows (approximately)
/*!40000 ALTER TABLE `phpbb_login_attempts` DISABLE KEYS */;
/*!40000 ALTER TABLE `phpbb_login_attempts` ENABLE KEYS */;


-- Dumping structure for table int_ita_db.phpbb_migrations
DROP TABLE IF EXISTS `phpbb_migrations`;
CREATE TABLE IF NOT EXISTS `phpbb_migrations` (
  `migration_name` varchar(255) COLLATE utf8_bin NOT NULL DEFAULT '',
  `migration_depends_on` text COLLATE utf8_bin NOT NULL,
  `migration_schema_done` tinyint(1) unsigned NOT NULL DEFAULT '0',
  `migration_data_done` tinyint(1) unsigned NOT NULL DEFAULT '0',
  `migration_data_state` text COLLATE utf8_bin NOT NULL,
  `migration_start_time` int(11) unsigned NOT NULL DEFAULT '0',
  `migration_end_time` int(11) unsigned NOT NULL DEFAULT '0',
  PRIMARY KEY (`migration_name`)
) ENGINE=InnoDB DEFAULT CHARSET=utf8 COLLATE=utf8_bin;

-- Dumping data for table int_ita_db.phpbb_migrations: ~157 rows (approximately)
/*!40000 ALTER TABLE `phpbb_migrations` DISABLE KEYS */;
INSERT INTO `phpbb_migrations` (`migration_name`, `migration_depends_on`, `migration_schema_done`, `migration_data_done`, `migration_data_state`, `migration_start_time`, `migration_end_time`) VALUES
	('\\phpbb\\db\\migration\\data\\v30x\\local_url_bbcode', 'a:1:{i:0;s:48:"\\phpbb\\db\\migration\\data\\v30x\\release_3_0_12_rc1";}', 1, 1, '', 1431076934, 1431076934),
	('\\phpbb\\db\\migration\\data\\v30x\\release_3_0_0', 'a:0:{}', 1, 1, '', 1431076934, 1431076934),
	('\\phpbb\\db\\migration\\data\\v30x\\release_3_0_1', 'a:1:{i:0;s:47:"\\phpbb\\db\\migration\\data\\v30x\\release_3_0_1_rc1";}', 1, 1, '', 1431076934, 1431076934),
	('\\phpbb\\db\\migration\\data\\v30x\\release_3_0_10', 'a:1:{i:0;s:48:"\\phpbb\\db\\migration\\data\\v30x\\release_3_0_10_rc3";}', 1, 1, '', 1431076934, 1431076934),
	('\\phpbb\\db\\migration\\data\\v30x\\release_3_0_10_rc1', 'a:1:{i:0;s:43:"\\phpbb\\db\\migration\\data\\v30x\\release_3_0_9";}', 1, 1, '', 1431076934, 1431076934),
	('\\phpbb\\db\\migration\\data\\v30x\\release_3_0_10_rc2', 'a:1:{i:0;s:48:"\\phpbb\\db\\migration\\data\\v30x\\release_3_0_10_rc1";}', 1, 1, '', 1431076934, 1431076934),
	('\\phpbb\\db\\migration\\data\\v30x\\release_3_0_10_rc3', 'a:1:{i:0;s:48:"\\phpbb\\db\\migration\\data\\v30x\\release_3_0_10_rc2";}', 1, 1, '', 1431076934, 1431076934),
	('\\phpbb\\db\\migration\\data\\v30x\\release_3_0_11', 'a:1:{i:0;s:48:"\\phpbb\\db\\migration\\data\\v30x\\release_3_0_11_rc2";}', 1, 1, '', 1431076934, 1431076934),
	('\\phpbb\\db\\migration\\data\\v30x\\release_3_0_11_rc1', 'a:1:{i:0;s:44:"\\phpbb\\db\\migration\\data\\v30x\\release_3_0_10";}', 1, 1, '', 1431076934, 1431076934),
	('\\phpbb\\db\\migration\\data\\v30x\\release_3_0_11_rc2', 'a:1:{i:0;s:48:"\\phpbb\\db\\migration\\data\\v30x\\release_3_0_11_rc1";}', 1, 1, '', 1431076934, 1431076934),
	('\\phpbb\\db\\migration\\data\\v30x\\release_3_0_12', 'a:1:{i:0;s:48:"\\phpbb\\db\\migration\\data\\v30x\\release_3_0_12_rc3";}', 1, 1, '', 1431076934, 1431076934),
	('\\phpbb\\db\\migration\\data\\v30x\\release_3_0_12_rc1', 'a:1:{i:0;s:44:"\\phpbb\\db\\migration\\data\\v30x\\release_3_0_11";}', 1, 1, '', 1431076934, 1431076934),
	('\\phpbb\\db\\migration\\data\\v30x\\release_3_0_12_rc2', 'a:1:{i:0;s:48:"\\phpbb\\db\\migration\\data\\v30x\\release_3_0_12_rc1";}', 1, 1, '', 1431076934, 1431076934),
	('\\phpbb\\db\\migration\\data\\v30x\\release_3_0_12_rc3', 'a:1:{i:0;s:48:"\\phpbb\\db\\migration\\data\\v30x\\release_3_0_12_rc2";}', 1, 1, '', 1431076934, 1431076934),
	('\\phpbb\\db\\migration\\data\\v30x\\release_3_0_13', 'a:1:{i:0;s:48:"\\phpbb\\db\\migration\\data\\v30x\\release_3_0_13_rc1";}', 1, 1, '', 1431076934, 1431076934),
	('\\phpbb\\db\\migration\\data\\v30x\\release_3_0_13_pl1', 'a:1:{i:0;s:44:"\\phpbb\\db\\migration\\data\\v30x\\release_3_0_13";}', 1, 1, '', 1431076934, 1431076934),
	('\\phpbb\\db\\migration\\data\\v30x\\release_3_0_13_rc1', 'a:1:{i:0;s:44:"\\phpbb\\db\\migration\\data\\v30x\\release_3_0_12";}', 1, 1, '', 1431076934, 1431076934),
	('\\phpbb\\db\\migration\\data\\v30x\\release_3_0_14', 'a:1:{i:0;s:48:"\\phpbb\\db\\migration\\data\\v30x\\release_3_0_14_rc1";}', 1, 1, '', 1431076934, 1431076934),
	('\\phpbb\\db\\migration\\data\\v30x\\release_3_0_14_rc1', 'a:1:{i:0;s:44:"\\phpbb\\db\\migration\\data\\v30x\\release_3_0_13";}', 1, 1, '', 1431076934, 1431076934),
	('\\phpbb\\db\\migration\\data\\v30x\\release_3_0_1_rc1', 'a:1:{i:0;s:43:"\\phpbb\\db\\migration\\data\\v30x\\release_3_0_0";}', 1, 1, '', 1431076934, 1431076934),
	('\\phpbb\\db\\migration\\data\\v30x\\release_3_0_2', 'a:1:{i:0;s:47:"\\phpbb\\db\\migration\\data\\v30x\\release_3_0_2_rc2";}', 1, 1, '', 1431076934, 1431076934),
	('\\phpbb\\db\\migration\\data\\v30x\\release_3_0_2_rc1', 'a:1:{i:0;s:43:"\\phpbb\\db\\migration\\data\\v30x\\release_3_0_1";}', 1, 1, '', 1431076934, 1431076934),
	('\\phpbb\\db\\migration\\data\\v30x\\release_3_0_2_rc2', 'a:1:{i:0;s:47:"\\phpbb\\db\\migration\\data\\v30x\\release_3_0_2_rc1";}', 1, 1, '', 1431076934, 1431076934),
	('\\phpbb\\db\\migration\\data\\v30x\\release_3_0_3', 'a:1:{i:0;s:47:"\\phpbb\\db\\migration\\data\\v30x\\release_3_0_3_rc1";}', 1, 1, '', 1431076934, 1431076934),
	('\\phpbb\\db\\migration\\data\\v30x\\release_3_0_3_rc1', 'a:1:{i:0;s:43:"\\phpbb\\db\\migration\\data\\v30x\\release_3_0_2";}', 1, 1, '', 1431076934, 1431076934),
	('\\phpbb\\db\\migration\\data\\v30x\\release_3_0_4', 'a:1:{i:0;s:47:"\\phpbb\\db\\migration\\data\\v30x\\release_3_0_4_rc1";}', 1, 1, '', 1431076934, 1431076934),
	('\\phpbb\\db\\migration\\data\\v30x\\release_3_0_4_rc1', 'a:1:{i:0;s:43:"\\phpbb\\db\\migration\\data\\v30x\\release_3_0_3";}', 1, 1, '', 1431076934, 1431076934),
	('\\phpbb\\db\\migration\\data\\v30x\\release_3_0_5', 'a:1:{i:0;s:52:"\\phpbb\\db\\migration\\data\\v30x\\release_3_0_5_rc1part2";}', 1, 1, '', 1431076934, 1431076934),
	('\\phpbb\\db\\migration\\data\\v30x\\release_3_0_5_rc1', 'a:1:{i:0;s:43:"\\phpbb\\db\\migration\\data\\v30x\\release_3_0_4";}', 1, 1, '', 1431076934, 1431076934),
	('\\phpbb\\db\\migration\\data\\v30x\\release_3_0_5_rc1part2', 'a:1:{i:0;s:47:"\\phpbb\\db\\migration\\data\\v30x\\release_3_0_5_rc1";}', 1, 1, '', 1431076934, 1431076934),
	('\\phpbb\\db\\migration\\data\\v30x\\release_3_0_6', 'a:1:{i:0;s:47:"\\phpbb\\db\\migration\\data\\v30x\\release_3_0_6_rc4";}', 1, 1, '', 1431076934, 1431076934),
	('\\phpbb\\db\\migration\\data\\v30x\\release_3_0_6_rc1', 'a:1:{i:0;s:43:"\\phpbb\\db\\migration\\data\\v30x\\release_3_0_5";}', 1, 1, '', 1431076934, 1431076934),
	('\\phpbb\\db\\migration\\data\\v30x\\release_3_0_6_rc2', 'a:1:{i:0;s:47:"\\phpbb\\db\\migration\\data\\v30x\\release_3_0_6_rc1";}', 1, 1, '', 1431076934, 1431076934),
	('\\phpbb\\db\\migration\\data\\v30x\\release_3_0_6_rc3', 'a:1:{i:0;s:47:"\\phpbb\\db\\migration\\data\\v30x\\release_3_0_6_rc2";}', 1, 1, '', 1431076934, 1431076934),
	('\\phpbb\\db\\migration\\data\\v30x\\release_3_0_6_rc4', 'a:1:{i:0;s:47:"\\phpbb\\db\\migration\\data\\v30x\\release_3_0_6_rc3";}', 1, 1, '', 1431076934, 1431076934),
	('\\phpbb\\db\\migration\\data\\v30x\\release_3_0_7', 'a:1:{i:0;s:47:"\\phpbb\\db\\migration\\data\\v30x\\release_3_0_7_rc2";}', 1, 1, '', 1431076934, 1431076934),
	('\\phpbb\\db\\migration\\data\\v30x\\release_3_0_7_pl1', 'a:1:{i:0;s:43:"\\phpbb\\db\\migration\\data\\v30x\\release_3_0_7";}', 1, 1, '', 1431076934, 1431076934),
	('\\phpbb\\db\\migration\\data\\v30x\\release_3_0_7_rc1', 'a:1:{i:0;s:43:"\\phpbb\\db\\migration\\data\\v30x\\release_3_0_6";}', 1, 1, '', 1431076934, 1431076934),
	('\\phpbb\\db\\migration\\data\\v30x\\release_3_0_7_rc2', 'a:1:{i:0;s:47:"\\phpbb\\db\\migration\\data\\v30x\\release_3_0_7_rc1";}', 1, 1, '', 1431076934, 1431076934),
	('\\phpbb\\db\\migration\\data\\v30x\\release_3_0_8', 'a:1:{i:0;s:47:"\\phpbb\\db\\migration\\data\\v30x\\release_3_0_8_rc1";}', 1, 1, '', 1431076934, 1431076934),
	('\\phpbb\\db\\migration\\data\\v30x\\release_3_0_8_rc1', 'a:1:{i:0;s:47:"\\phpbb\\db\\migration\\data\\v30x\\release_3_0_7_pl1";}', 1, 1, '', 1431076934, 1431076934),
	('\\phpbb\\db\\migration\\data\\v30x\\release_3_0_9', 'a:1:{i:0;s:47:"\\phpbb\\db\\migration\\data\\v30x\\release_3_0_9_rc4";}', 1, 1, '', 1431076934, 1431076934),
	('\\phpbb\\db\\migration\\data\\v30x\\release_3_0_9_rc1', 'a:1:{i:0;s:43:"\\phpbb\\db\\migration\\data\\v30x\\release_3_0_8";}', 1, 1, '', 1431076934, 1431076934),
	('\\phpbb\\db\\migration\\data\\v30x\\release_3_0_9_rc2', 'a:1:{i:0;s:47:"\\phpbb\\db\\migration\\data\\v30x\\release_3_0_9_rc1";}', 1, 1, '', 1431076934, 1431076934),
	('\\phpbb\\db\\migration\\data\\v30x\\release_3_0_9_rc3', 'a:1:{i:0;s:47:"\\phpbb\\db\\migration\\data\\v30x\\release_3_0_9_rc2";}', 1, 1, '', 1431076934, 1431076934),
	('\\phpbb\\db\\migration\\data\\v30x\\release_3_0_9_rc4', 'a:1:{i:0;s:47:"\\phpbb\\db\\migration\\data\\v30x\\release_3_0_9_rc3";}', 1, 1, '', 1431076934, 1431076934),
	('\\phpbb\\db\\migration\\data\\v310\\acp_prune_users_module', 'a:1:{i:0;s:35:"\\phpbb\\db\\migration\\data\\v310\\beta1";}', 1, 1, '', 1431076934, 1431076934),
	('\\phpbb\\db\\migration\\data\\v310\\acp_style_components_module', 'a:1:{i:0;s:33:"\\phpbb\\db\\migration\\data\\v310\\dev";}', 1, 1, '', 1431076934, 1431076934),
	('\\phpbb\\db\\migration\\data\\v310\\allow_cdn', 'a:1:{i:0;s:43:"\\phpbb\\db\\migration\\data\\v310\\jquery_update";}', 1, 1, '', 1431076934, 1431076934),
	('\\phpbb\\db\\migration\\data\\v310\\alpha1', 'a:18:{i:0;s:46:"\\phpbb\\db\\migration\\data\\v30x\\local_url_bbcode";i:1;s:44:"\\phpbb\\db\\migration\\data\\v30x\\release_3_0_12";i:2;s:57:"\\phpbb\\db\\migration\\data\\v310\\acp_style_components_module";i:3;s:39:"\\phpbb\\db\\migration\\data\\v310\\allow_cdn";i:4;s:49:"\\phpbb\\db\\migration\\data\\v310\\auth_provider_oauth";i:5;s:37:"\\phpbb\\db\\migration\\data\\v310\\avatars";i:6;s:40:"\\phpbb\\db\\migration\\data\\v310\\boardindex";i:7;s:44:"\\phpbb\\db\\migration\\data\\v310\\config_db_text";i:8;s:45:"\\phpbb\\db\\migration\\data\\v310\\forgot_password";i:9;s:41:"\\phpbb\\db\\migration\\data\\v310\\mod_rewrite";i:10;s:49:"\\phpbb\\db\\migration\\data\\v310\\mysql_fulltext_drop";i:11;s:40:"\\phpbb\\db\\migration\\data\\v310\\namespaces";i:12;s:48:"\\phpbb\\db\\migration\\data\\v310\\notifications_cron";i:13;s:60:"\\phpbb\\db\\migration\\data\\v310\\notification_options_reconvert";i:14;s:38:"\\phpbb\\db\\migration\\data\\v310\\plupload";i:15;s:51:"\\phpbb\\db\\migration\\data\\v310\\signature_module_auth";i:16;s:52:"\\phpbb\\db\\migration\\data\\v310\\softdelete_mcp_modules";i:17;s:38:"\\phpbb\\db\\migration\\data\\v310\\teampage";}', 1, 1, '', 1431076934, 1431076934),
	('\\phpbb\\db\\migration\\data\\v310\\alpha2', 'a:2:{i:0;s:36:"\\phpbb\\db\\migration\\data\\v310\\alpha1";i:1;s:51:"\\phpbb\\db\\migration\\data\\v310\\notifications_cron_p2";}', 1, 1, '', 1431076934, 1431076934),
	('\\phpbb\\db\\migration\\data\\v310\\alpha3', 'a:4:{i:0;s:36:"\\phpbb\\db\\migration\\data\\v310\\alpha2";i:1;s:42:"\\phpbb\\db\\migration\\data\\v310\\avatar_types";i:2;s:39:"\\phpbb\\db\\migration\\data\\v310\\passwords";i:3;s:48:"\\phpbb\\db\\migration\\data\\v310\\profilefield_types";}', 1, 1, '', 1431076934, 1431076934),
	('\\phpbb\\db\\migration\\data\\v310\\auth_provider_oauth', 'a:0:{}', 1, 1, '', 1431076934, 1431076934),
	('\\phpbb\\db\\migration\\data\\v310\\auth_provider_oauth2', 'a:1:{i:0;s:49:"\\phpbb\\db\\migration\\data\\v310\\auth_provider_oauth";}', 1, 1, '', 1431076934, 1431076934),
	('\\phpbb\\db\\migration\\data\\v310\\avatar_types', 'a:2:{i:0;s:33:"\\phpbb\\db\\migration\\data\\v310\\dev";i:1;s:37:"\\phpbb\\db\\migration\\data\\v310\\avatars";}', 1, 1, '', 1431076934, 1431076934),
	('\\phpbb\\db\\migration\\data\\v310\\avatars', 'a:1:{i:0;s:44:"\\phpbb\\db\\migration\\data\\v30x\\release_3_0_11";}', 1, 1, '', 1431076934, 1431076934),
	('\\phpbb\\db\\migration\\data\\v310\\beta1', 'a:7:{i:0;s:36:"\\phpbb\\db\\migration\\data\\v310\\alpha3";i:1;s:42:"\\phpbb\\db\\migration\\data\\v310\\passwords_p2";i:2;s:52:"\\phpbb\\db\\migration\\data\\v310\\postgres_fulltext_drop";i:3;s:63:"\\phpbb\\db\\migration\\data\\v310\\profilefield_change_load_settings";i:4;s:51:"\\phpbb\\db\\migration\\data\\v310\\profilefield_location";i:5;s:54:"\\phpbb\\db\\migration\\data\\v310\\soft_delete_mod_convert2";i:6;s:48:"\\phpbb\\db\\migration\\data\\v310\\ucp_popuppm_module";}', 1, 1, '', 1431076934, 1431076934),
	('\\phpbb\\db\\migration\\data\\v310\\beta2', 'a:3:{i:0;s:35:"\\phpbb\\db\\migration\\data\\v310\\beta1";i:1;s:52:"\\phpbb\\db\\migration\\data\\v310\\acp_prune_users_module";i:2;s:59:"\\phpbb\\db\\migration\\data\\v310\\profilefield_location_cleanup";}', 1, 1, '', 1431076934, 1431076934),
	('\\phpbb\\db\\migration\\data\\v310\\beta3', 'a:6:{i:0;s:35:"\\phpbb\\db\\migration\\data\\v310\\beta2";i:1;s:50:"\\phpbb\\db\\migration\\data\\v310\\auth_provider_oauth2";i:2;s:48:"\\phpbb\\db\\migration\\data\\v310\\board_contact_name";i:3;s:44:"\\phpbb\\db\\migration\\data\\v310\\jquery_update2";i:4;s:50:"\\phpbb\\db\\migration\\data\\v310\\live_searches_config";i:5;s:49:"\\phpbb\\db\\migration\\data\\v310\\prune_shadow_topics";}', 1, 1, '', 1431076934, 1431076934),
	('\\phpbb\\db\\migration\\data\\v310\\beta4', 'a:3:{i:0;s:35:"\\phpbb\\db\\migration\\data\\v310\\beta3";i:1;s:69:"\\phpbb\\db\\migration\\data\\v310\\extensions_version_check_force_unstable";i:2;s:58:"\\phpbb\\db\\migration\\data\\v310\\reset_missing_captcha_plugin";}', 1, 1, '', 1431076934, 1431076934),
	('\\phpbb\\db\\migration\\data\\v310\\board_contact_name', 'a:1:{i:0;s:35:"\\phpbb\\db\\migration\\data\\v310\\beta2";}', 1, 1, '', 1431076934, 1431076934),
	('\\phpbb\\db\\migration\\data\\v310\\boardindex', 'a:0:{}', 1, 1, '', 1431076934, 1431076934),
	('\\phpbb\\db\\migration\\data\\v310\\bot_update', 'a:1:{i:0;s:33:"\\phpbb\\db\\migration\\data\\v310\\rc6";}', 1, 1, '', 1431076934, 1431076934),
	('\\phpbb\\db\\migration\\data\\v310\\captcha_plugins', 'a:1:{i:0;s:33:"\\phpbb\\db\\migration\\data\\v310\\rc2";}', 1, 1, '', 1431076934, 1431076934),
	('\\phpbb\\db\\migration\\data\\v310\\config_db_text', 'a:1:{i:0;s:44:"\\phpbb\\db\\migration\\data\\v30x\\release_3_0_11";}', 1, 1, '', 1431076934, 1431076934),
	('\\phpbb\\db\\migration\\data\\v310\\contact_admin_acp_module', 'a:0:{}', 1, 1, '', 1431076934, 1431076934),
	('\\phpbb\\db\\migration\\data\\v310\\contact_admin_form', 'a:1:{i:0;s:44:"\\phpbb\\db\\migration\\data\\v310\\config_db_text";}', 1, 1, '', 1431076934, 1431076934),
	('\\phpbb\\db\\migration\\data\\v310\\dev', 'a:5:{i:0;s:40:"\\phpbb\\db\\migration\\data\\v310\\extensions";i:1;s:45:"\\phpbb\\db\\migration\\data\\v310\\style_update_p2";i:2;s:41:"\\phpbb\\db\\migration\\data\\v310\\timezone_p2";i:3;s:52:"\\phpbb\\db\\migration\\data\\v310\\reported_posts_display";i:4;s:46:"\\phpbb\\db\\migration\\data\\v310\\migrations_table";}', 1, 1, '', 1431076934, 1431076934),
	('\\phpbb\\db\\migration\\data\\v310\\extensions', 'a:1:{i:0;s:44:"\\phpbb\\db\\migration\\data\\v30x\\release_3_0_11";}', 1, 1, '', 1431076934, 1431076934),
	('\\phpbb\\db\\migration\\data\\v310\\extensions_version_check_force_unstable', 'a:1:{i:0;s:33:"\\phpbb\\db\\migration\\data\\v310\\dev";}', 1, 1, '', 1431076934, 1431076934),
	('\\phpbb\\db\\migration\\data\\v310\\forgot_password', 'a:1:{i:0;s:44:"\\phpbb\\db\\migration\\data\\v30x\\release_3_0_11";}', 1, 1, '', 1431076934, 1431076934),
	('\\phpbb\\db\\migration\\data\\v310\\gold', 'a:2:{i:0;s:33:"\\phpbb\\db\\migration\\data\\v310\\rc6";i:1;s:40:"\\phpbb\\db\\migration\\data\\v310\\bot_update";}', 1, 1, '', 1431076934, 1431076934),
	('\\phpbb\\db\\migration\\data\\v310\\jquery_update', 'a:1:{i:0;s:33:"\\phpbb\\db\\migration\\data\\v310\\dev";}', 1, 1, '', 1431076934, 1431076934),
	('\\phpbb\\db\\migration\\data\\v310\\jquery_update2', 'a:1:{i:0;s:43:"\\phpbb\\db\\migration\\data\\v310\\jquery_update";}', 1, 1, '', 1431076934, 1431076934),
	('\\phpbb\\db\\migration\\data\\v310\\live_searches_config', 'a:0:{}', 1, 1, '', 1431076934, 1431076934),
	('\\phpbb\\db\\migration\\data\\v310\\migrations_table', 'a:0:{}', 1, 1, '', 1431076934, 1431076934),
	('\\phpbb\\db\\migration\\data\\v310\\mod_rewrite', 'a:1:{i:0;s:33:"\\phpbb\\db\\migration\\data\\v310\\dev";}', 1, 1, '', 1431076934, 1431076934),
	('\\phpbb\\db\\migration\\data\\v310\\mysql_fulltext_drop', 'a:1:{i:0;s:33:"\\phpbb\\db\\migration\\data\\v310\\dev";}', 1, 1, '', 1431076934, 1431076934),
	('\\phpbb\\db\\migration\\data\\v310\\namespaces', 'a:1:{i:0;s:33:"\\phpbb\\db\\migration\\data\\v310\\dev";}', 1, 1, '', 1431076934, 1431076934),
	('\\phpbb\\db\\migration\\data\\v310\\notification_options_reconvert', 'a:1:{i:0;s:54:"\\phpbb\\db\\migration\\data\\v310\\notifications_schema_fix";}', 1, 1, '', 1431076934, 1431076934),
	('\\phpbb\\db\\migration\\data\\v310\\notifications', 'a:1:{i:0;s:33:"\\phpbb\\db\\migration\\data\\v310\\dev";}', 1, 1, '', 1431076934, 1431076934),
	('\\phpbb\\db\\migration\\data\\v310\\notifications_cron', 'a:1:{i:0;s:43:"\\phpbb\\db\\migration\\data\\v310\\notifications";}', 1, 1, '', 1431076934, 1431076934),
	('\\phpbb\\db\\migration\\data\\v310\\notifications_cron_p2', 'a:1:{i:0;s:48:"\\phpbb\\db\\migration\\data\\v310\\notifications_cron";}', 1, 1, '', 1431076934, 1431076934),
	('\\phpbb\\db\\migration\\data\\v310\\notifications_schema_fix', 'a:1:{i:0;s:43:"\\phpbb\\db\\migration\\data\\v310\\notifications";}', 1, 1, '', 1431076934, 1431076934),
	('\\phpbb\\db\\migration\\data\\v310\\notifications_use_full_name', 'a:1:{i:0;s:33:"\\phpbb\\db\\migration\\data\\v310\\rc3";}', 1, 1, '', 1431076934, 1431076934),
	('\\phpbb\\db\\migration\\data\\v310\\passwords', 'a:1:{i:0;s:44:"\\phpbb\\db\\migration\\data\\v30x\\release_3_0_11";}', 1, 1, '', 1431076934, 1431076934),
	('\\phpbb\\db\\migration\\data\\v310\\passwords_convert_p1', 'a:1:{i:0;s:42:"\\phpbb\\db\\migration\\data\\v310\\passwords_p2";}', 1, 1, '', 1431076934, 1431076934),
	('\\phpbb\\db\\migration\\data\\v310\\passwords_convert_p2', 'a:1:{i:0;s:50:"\\phpbb\\db\\migration\\data\\v310\\passwords_convert_p1";}', 1, 1, '', 1431076934, 1431076934),
	('\\phpbb\\db\\migration\\data\\v310\\passwords_p2', 'a:1:{i:0;s:39:"\\phpbb\\db\\migration\\data\\v310\\passwords";}', 1, 1, '', 1431076934, 1431076934),
	('\\phpbb\\db\\migration\\data\\v310\\plupload', 'a:1:{i:0;s:33:"\\phpbb\\db\\migration\\data\\v310\\dev";}', 1, 1, '', 1431076934, 1431076934),
	('\\phpbb\\db\\migration\\data\\v310\\postgres_fulltext_drop', 'a:1:{i:0;s:33:"\\phpbb\\db\\migration\\data\\v310\\dev";}', 1, 1, '', 1431076934, 1431076934),
	('\\phpbb\\db\\migration\\data\\v310\\profilefield_aol', 'a:1:{i:0;s:56:"\\phpbb\\db\\migration\\data\\v310\\profilefield_yahoo_cleanup";}', 1, 1, '', 1431076934, 1431076934),
	('\\phpbb\\db\\migration\\data\\v310\\profilefield_aol_cleanup', 'a:1:{i:0;s:46:"\\phpbb\\db\\migration\\data\\v310\\profilefield_aol";}', 1, 1, '', 1431076934, 1431076934),
	('\\phpbb\\db\\migration\\data\\v310\\profilefield_change_load_settings', 'a:1:{i:0;s:54:"\\phpbb\\db\\migration\\data\\v310\\profilefield_aol_cleanup";}', 1, 1, '', 1431076934, 1431076934),
	('\\phpbb\\db\\migration\\data\\v310\\profilefield_cleanup', 'a:2:{i:0;s:52:"\\phpbb\\db\\migration\\data\\v310\\profilefield_interests";i:1;s:53:"\\phpbb\\db\\migration\\data\\v310\\profilefield_occupation";}', 1, 1, '', 1431076934, 1431076934),
	('\\phpbb\\db\\migration\\data\\v310\\profilefield_contact_field', 'a:1:{i:0;s:56:"\\phpbb\\db\\migration\\data\\v310\\profilefield_on_memberlist";}', 1, 1, '', 1431076934, 1431076934),
	('\\phpbb\\db\\migration\\data\\v310\\profilefield_facebook', 'a:3:{i:0;s:56:"\\phpbb\\db\\migration\\data\\v310\\profilefield_contact_field";i:1;s:55:"\\phpbb\\db\\migration\\data\\v310\\profilefield_show_novalue";i:2;s:48:"\\phpbb\\db\\migration\\data\\v310\\profilefield_types";}', 1, 1, '', 1431076934, 1431076934),
	('\\phpbb\\db\\migration\\data\\v310\\profilefield_field_validation_length', 'a:1:{i:0;s:33:"\\phpbb\\db\\migration\\data\\v310\\rc3";}', 1, 1, '', 1431076934, 1431076934),
	('\\phpbb\\db\\migration\\data\\v310\\profilefield_googleplus', 'a:3:{i:0;s:56:"\\phpbb\\db\\migration\\data\\v310\\profilefield_contact_field";i:1;s:55:"\\phpbb\\db\\migration\\data\\v310\\profilefield_show_novalue";i:2;s:48:"\\phpbb\\db\\migration\\data\\v310\\profilefield_types";}', 1, 1, '', 1431076934, 1431076934),
	('\\phpbb\\db\\migration\\data\\v310\\profilefield_icq', 'a:1:{i:0;s:56:"\\phpbb\\db\\migration\\data\\v310\\profilefield_contact_field";}', 1, 1, '', 1431076934, 1431076934),
	('\\phpbb\\db\\migration\\data\\v310\\profilefield_icq_cleanup', 'a:1:{i:0;s:46:"\\phpbb\\db\\migration\\data\\v310\\profilefield_icq";}', 1, 1, '', 1431076934, 1431076934),
	('\\phpbb\\db\\migration\\data\\v310\\profilefield_interests', 'a:2:{i:0;s:48:"\\phpbb\\db\\migration\\data\\v310\\profilefield_types";i:1;s:55:"\\phpbb\\db\\migration\\data\\v310\\profilefield_show_novalue";}', 1, 1, '', 1431076934, 1431076934),
	('\\phpbb\\db\\migration\\data\\v310\\profilefield_location', 'a:2:{i:0;s:48:"\\phpbb\\db\\migration\\data\\v310\\profilefield_types";i:1;s:56:"\\phpbb\\db\\migration\\data\\v310\\profilefield_on_memberlist";}', 1, 1, '', 1431076934, 1431076934),
	('\\phpbb\\db\\migration\\data\\v310\\profilefield_location_cleanup', 'a:1:{i:0;s:51:"\\phpbb\\db\\migration\\data\\v310\\profilefield_location";}', 1, 1, '', 1431076934, 1431076934),
	('\\phpbb\\db\\migration\\data\\v310\\profilefield_occupation', 'a:1:{i:0;s:52:"\\phpbb\\db\\migration\\data\\v310\\profilefield_interests";}', 1, 1, '', 1431076934, 1431076934),
	('\\phpbb\\db\\migration\\data\\v310\\profilefield_on_memberlist', 'a:1:{i:0;s:50:"\\phpbb\\db\\migration\\data\\v310\\profilefield_cleanup";}', 1, 1, '', 1431076934, 1431076934),
	('\\phpbb\\db\\migration\\data\\v310\\profilefield_show_novalue', 'a:1:{i:0;s:48:"\\phpbb\\db\\migration\\data\\v310\\profilefield_types";}', 1, 1, '', 1431076934, 1431076934),
	('\\phpbb\\db\\migration\\data\\v310\\profilefield_skype', 'a:3:{i:0;s:56:"\\phpbb\\db\\migration\\data\\v310\\profilefield_contact_field";i:1;s:55:"\\phpbb\\db\\migration\\data\\v310\\profilefield_show_novalue";i:2;s:48:"\\phpbb\\db\\migration\\data\\v310\\profilefield_types";}', 1, 1, '', 1431076934, 1431076934),
	('\\phpbb\\db\\migration\\data\\v310\\profilefield_twitter', 'a:3:{i:0;s:56:"\\phpbb\\db\\migration\\data\\v310\\profilefield_contact_field";i:1;s:55:"\\phpbb\\db\\migration\\data\\v310\\profilefield_show_novalue";i:2;s:48:"\\phpbb\\db\\migration\\data\\v310\\profilefield_types";}', 1, 1, '', 1431076934, 1431076934),
	('\\phpbb\\db\\migration\\data\\v310\\profilefield_types', 'a:1:{i:0;s:36:"\\phpbb\\db\\migration\\data\\v310\\alpha2";}', 1, 1, '', 1431076934, 1431076934),
	('\\phpbb\\db\\migration\\data\\v310\\profilefield_website', 'a:2:{i:0;s:56:"\\phpbb\\db\\migration\\data\\v310\\profilefield_on_memberlist";i:1;s:54:"\\phpbb\\db\\migration\\data\\v310\\profilefield_icq_cleanup";}', 1, 1, '', 1431076934, 1431076934),
	('\\phpbb\\db\\migration\\data\\v310\\profilefield_website_cleanup', 'a:1:{i:0;s:50:"\\phpbb\\db\\migration\\data\\v310\\profilefield_website";}', 1, 1, '', 1431076934, 1431076934),
	('\\phpbb\\db\\migration\\data\\v310\\profilefield_wlm', 'a:1:{i:0;s:58:"\\phpbb\\db\\migration\\data\\v310\\profilefield_website_cleanup";}', 1, 1, '', 1431076934, 1431076934),
	('\\phpbb\\db\\migration\\data\\v310\\profilefield_wlm_cleanup', 'a:1:{i:0;s:46:"\\phpbb\\db\\migration\\data\\v310\\profilefield_wlm";}', 1, 1, '', 1431076934, 1431076934),
	('\\phpbb\\db\\migration\\data\\v310\\profilefield_yahoo', 'a:1:{i:0;s:54:"\\phpbb\\db\\migration\\data\\v310\\profilefield_wlm_cleanup";}', 1, 1, '', 1431076934, 1431076934),
	('\\phpbb\\db\\migration\\data\\v310\\profilefield_yahoo_cleanup', 'a:1:{i:0;s:48:"\\phpbb\\db\\migration\\data\\v310\\profilefield_yahoo";}', 1, 1, '', 1431076934, 1431076934),
	('\\phpbb\\db\\migration\\data\\v310\\profilefield_youtube', 'a:3:{i:0;s:56:"\\phpbb\\db\\migration\\data\\v310\\profilefield_contact_field";i:1;s:55:"\\phpbb\\db\\migration\\data\\v310\\profilefield_show_novalue";i:2;s:48:"\\phpbb\\db\\migration\\data\\v310\\profilefield_types";}', 1, 1, '', 1431076934, 1431076934),
	('\\phpbb\\db\\migration\\data\\v310\\prune_shadow_topics', 'a:1:{i:0;s:33:"\\phpbb\\db\\migration\\data\\v310\\dev";}', 1, 1, '', 1431076934, 1431076934),
	('\\phpbb\\db\\migration\\data\\v310\\rc1', 'a:9:{i:0;s:35:"\\phpbb\\db\\migration\\data\\v310\\beta4";i:1;s:54:"\\phpbb\\db\\migration\\data\\v310\\contact_admin_acp_module";i:2;s:48:"\\phpbb\\db\\migration\\data\\v310\\contact_admin_form";i:3;s:50:"\\phpbb\\db\\migration\\data\\v310\\passwords_convert_p2";i:4;s:51:"\\phpbb\\db\\migration\\data\\v310\\profilefield_facebook";i:5;s:53:"\\phpbb\\db\\migration\\data\\v310\\profilefield_googleplus";i:6;s:48:"\\phpbb\\db\\migration\\data\\v310\\profilefield_skype";i:7;s:50:"\\phpbb\\db\\migration\\data\\v310\\profilefield_twitter";i:8;s:50:"\\phpbb\\db\\migration\\data\\v310\\profilefield_youtube";}', 1, 1, '', 1431076934, 1431076934),
	('\\phpbb\\db\\migration\\data\\v310\\rc2', 'a:1:{i:0;s:33:"\\phpbb\\db\\migration\\data\\v310\\rc1";}', 1, 1, '', 1431076934, 1431076934),
	('\\phpbb\\db\\migration\\data\\v310\\rc3', 'a:5:{i:0;s:33:"\\phpbb\\db\\migration\\data\\v310\\rc2";i:1;s:45:"\\phpbb\\db\\migration\\data\\v310\\captcha_plugins";i:2;s:53:"\\phpbb\\db\\migration\\data\\v310\\rename_too_long_indexes";i:3;s:41:"\\phpbb\\db\\migration\\data\\v310\\search_type";i:4;s:49:"\\phpbb\\db\\migration\\data\\v310\\topic_sort_username";}', 1, 1, '', 1431076934, 1431076934),
	('\\phpbb\\db\\migration\\data\\v310\\rc4', 'a:2:{i:0;s:33:"\\phpbb\\db\\migration\\data\\v310\\rc3";i:1;s:57:"\\phpbb\\db\\migration\\data\\v310\\notifications_use_full_name";}', 1, 1, '', 1431076934, 1431076934),
	('\\phpbb\\db\\migration\\data\\v310\\rc5', 'a:3:{i:0;s:33:"\\phpbb\\db\\migration\\data\\v310\\rc4";i:1;s:66:"\\phpbb\\db\\migration\\data\\v310\\profilefield_field_validation_length";i:2;s:53:"\\phpbb\\db\\migration\\data\\v310\\remove_acp_styles_cache";}', 1, 1, '', 1431076934, 1431076934),
	('\\phpbb\\db\\migration\\data\\v310\\rc6', 'a:1:{i:0;s:33:"\\phpbb\\db\\migration\\data\\v310\\rc5";}', 1, 1, '', 1431076934, 1431076934),
	('\\phpbb\\db\\migration\\data\\v310\\remove_acp_styles_cache', 'a:1:{i:0;s:33:"\\phpbb\\db\\migration\\data\\v310\\rc4";}', 1, 1, '', 1431076934, 1431076934),
	('\\phpbb\\db\\migration\\data\\v310\\rename_too_long_indexes', 'a:1:{i:0;s:43:"\\phpbb\\db\\migration\\data\\v30x\\release_3_0_0";}', 1, 1, '', 1431076934, 1431076934),
	('\\phpbb\\db\\migration\\data\\v310\\reported_posts_display', 'a:1:{i:0;s:44:"\\phpbb\\db\\migration\\data\\v30x\\release_3_0_11";}', 1, 1, '', 1431076934, 1431076934),
	('\\phpbb\\db\\migration\\data\\v310\\reset_missing_captcha_plugin', 'a:1:{i:0;s:33:"\\phpbb\\db\\migration\\data\\v310\\dev";}', 1, 1, '', 1431076934, 1431076934),
	('\\phpbb\\db\\migration\\data\\v310\\search_type', 'a:1:{i:0;s:33:"\\phpbb\\db\\migration\\data\\v310\\dev";}', 1, 1, '', 1431076934, 1431076934),
	('\\phpbb\\db\\migration\\data\\v310\\signature_module_auth', 'a:1:{i:0;s:33:"\\phpbb\\db\\migration\\data\\v310\\dev";}', 1, 1, '', 1431076934, 1431076934),
	('\\phpbb\\db\\migration\\data\\v310\\soft_delete_mod_convert', 'a:1:{i:0;s:36:"\\phpbb\\db\\migration\\data\\v310\\alpha3";}', 1, 1, '', 1431076934, 1431076934),
	('\\phpbb\\db\\migration\\data\\v310\\soft_delete_mod_convert2', 'a:1:{i:0;s:53:"\\phpbb\\db\\migration\\data\\v310\\soft_delete_mod_convert";}', 1, 1, '', 1431076934, 1431076934),
	('\\phpbb\\db\\migration\\data\\v310\\softdelete_mcp_modules', 'a:2:{i:0;s:33:"\\phpbb\\db\\migration\\data\\v310\\dev";i:1;s:43:"\\phpbb\\db\\migration\\data\\v310\\softdelete_p2";}', 1, 1, '', 1431076934, 1431076934),
	('\\phpbb\\db\\migration\\data\\v310\\softdelete_p1', 'a:1:{i:0;s:33:"\\phpbb\\db\\migration\\data\\v310\\dev";}', 1, 1, '', 1431076934, 1431076934),
	('\\phpbb\\db\\migration\\data\\v310\\softdelete_p2', 'a:2:{i:0;s:33:"\\phpbb\\db\\migration\\data\\v310\\dev";i:1;s:43:"\\phpbb\\db\\migration\\data\\v310\\softdelete_p1";}', 1, 1, '', 1431076934, 1431076934),
	('\\phpbb\\db\\migration\\data\\v310\\style_update_p1', 'a:1:{i:0;s:44:"\\phpbb\\db\\migration\\data\\v30x\\release_3_0_11";}', 1, 1, '', 1431076934, 1431076934),
	('\\phpbb\\db\\migration\\data\\v310\\style_update_p2', 'a:1:{i:0;s:45:"\\phpbb\\db\\migration\\data\\v310\\style_update_p1";}', 1, 1, '', 1431076934, 1431076934),
	('\\phpbb\\db\\migration\\data\\v310\\teampage', 'a:1:{i:0;s:33:"\\phpbb\\db\\migration\\data\\v310\\dev";}', 1, 1, '', 1431076934, 1431076934),
	('\\phpbb\\db\\migration\\data\\v310\\timezone', 'a:1:{i:0;s:44:"\\phpbb\\db\\migration\\data\\v30x\\release_3_0_11";}', 1, 1, '', 1431076934, 1431076934),
	('\\phpbb\\db\\migration\\data\\v310\\timezone_p2', 'a:1:{i:0;s:38:"\\phpbb\\db\\migration\\data\\v310\\timezone";}', 1, 1, '', 1431076934, 1431076934),
	('\\phpbb\\db\\migration\\data\\v310\\topic_sort_username', 'a:1:{i:0;s:33:"\\phpbb\\db\\migration\\data\\v310\\dev";}', 1, 1, '', 1431076934, 1431076934),
	('\\phpbb\\db\\migration\\data\\v310\\ucp_popuppm_module', 'a:1:{i:0;s:33:"\\phpbb\\db\\migration\\data\\v310\\dev";}', 1, 1, '', 1431076934, 1431076934),
	('\\phpbb\\db\\migration\\data\\v31x\\m_softdelete_global', 'a:1:{i:0;s:34:"\\phpbb\\db\\migration\\data\\v31x\\v311";}', 1, 1, '', 1431076934, 1431076934),
	('\\phpbb\\db\\migration\\data\\v31x\\plupload_last_gc_dynamic', 'a:1:{i:0;s:34:"\\phpbb\\db\\migration\\data\\v31x\\v312";}', 1, 1, '', 1431076934, 1431076934),
	('\\phpbb\\db\\migration\\data\\v31x\\profilefield_remove_underscore_from_alpha', 'a:1:{i:0;s:34:"\\phpbb\\db\\migration\\data\\v31x\\v311";}', 1, 1, '', 1431076934, 1431076934),
	('\\phpbb\\db\\migration\\data\\v31x\\profilefield_yahoo_update_url', 'a:1:{i:0;s:34:"\\phpbb\\db\\migration\\data\\v31x\\v312";}', 1, 1, '', 1431076934, 1431076934),
	('\\phpbb\\db\\migration\\data\\v31x\\style_update', 'a:1:{i:0;s:34:"\\phpbb\\db\\migration\\data\\v310\\gold";}', 1, 1, '', 1431076934, 1431076934),
	('\\phpbb\\db\\migration\\data\\v31x\\update_custom_bbcodes_with_idn', 'a:1:{i:0;s:34:"\\phpbb\\db\\migration\\data\\v31x\\v312";}', 1, 1, '', 1431076934, 1431076934),
	('\\phpbb\\db\\migration\\data\\v31x\\v311', 'a:2:{i:0;s:34:"\\phpbb\\db\\migration\\data\\v310\\gold";i:1;s:42:"\\phpbb\\db\\migration\\data\\v31x\\style_update";}', 1, 1, '', 1431076934, 1431076934),
	('\\phpbb\\db\\migration\\data\\v31x\\v312', 'a:1:{i:0;s:37:"\\phpbb\\db\\migration\\data\\v31x\\v312rc1";}', 1, 1, '', 1431076934, 1431076934),
	('\\phpbb\\db\\migration\\data\\v31x\\v312rc1', 'a:2:{i:0;s:34:"\\phpbb\\db\\migration\\data\\v31x\\v311";i:1;s:49:"\\phpbb\\db\\migration\\data\\v31x\\m_softdelete_global";}', 1, 1, '', 1431076934, 1431076934),
	('\\phpbb\\db\\migration\\data\\v31x\\v313', 'a:1:{i:0;s:37:"\\phpbb\\db\\migration\\data\\v31x\\v313rc2";}', 1, 1, '', 1431076934, 1431076934),
	('\\phpbb\\db\\migration\\data\\v31x\\v313rc1', 'a:5:{i:0;s:48:"\\phpbb\\db\\migration\\data\\v30x\\release_3_0_13_rc1";i:1;s:54:"\\phpbb\\db\\migration\\data\\v31x\\plupload_last_gc_dynamic";i:2;s:71:"\\phpbb\\db\\migration\\data\\v31x\\profilefield_remove_underscore_from_alpha";i:3;s:59:"\\phpbb\\db\\migration\\data\\v31x\\profilefield_yahoo_update_url";i:4;s:60:"\\phpbb\\db\\migration\\data\\v31x\\update_custom_bbcodes_with_idn";}', 1, 1, '', 1431076934, 1431076934),
	('\\phpbb\\db\\migration\\data\\v31x\\v313rc2', 'a:2:{i:0;s:48:"\\phpbb\\db\\migration\\data\\v30x\\release_3_0_13_pl1";i:1;s:37:"\\phpbb\\db\\migration\\data\\v31x\\v313rc1";}', 1, 1, '', 1431076934, 1431076934),
	('\\phpbb\\db\\migration\\data\\v31x\\v314', 'a:2:{i:0;s:44:"\\phpbb\\db\\migration\\data\\v30x\\release_3_0_14";i:1;s:37:"\\phpbb\\db\\migration\\data\\v31x\\v314rc2";}', 1, 1, '', 1431076934, 1431076934),
	('\\phpbb\\db\\migration\\data\\v31x\\v314rc1', 'a:1:{i:0;s:34:"\\phpbb\\db\\migration\\data\\v31x\\v313";}', 1, 1, '', 1431076934, 1431076934),
	('\\phpbb\\db\\migration\\data\\v31x\\v314rc2', 'a:2:{i:0;s:48:"\\phpbb\\db\\migration\\data\\v30x\\release_3_0_14_rc1";i:1;s:37:"\\phpbb\\db\\migration\\data\\v31x\\v314rc1";}', 1, 1, '', 1431076934, 1431076934);
/*!40000 ALTER TABLE `phpbb_migrations` ENABLE KEYS */;


-- Dumping structure for table int_ita_db.phpbb_moderator_cache
DROP TABLE IF EXISTS `phpbb_moderator_cache`;
CREATE TABLE IF NOT EXISTS `phpbb_moderator_cache` (
  `forum_id` mediumint(8) unsigned NOT NULL DEFAULT '0',
  `user_id` mediumint(8) unsigned NOT NULL DEFAULT '0',
  `username` varchar(255) COLLATE utf8_bin NOT NULL DEFAULT '',
  `group_id` mediumint(8) unsigned NOT NULL DEFAULT '0',
  `group_name` varchar(255) COLLATE utf8_bin NOT NULL DEFAULT '',
  `display_on_index` tinyint(1) unsigned NOT NULL DEFAULT '1',
  KEY `disp_idx` (`display_on_index`),
  KEY `forum_id` (`forum_id`)
) ENGINE=InnoDB DEFAULT CHARSET=utf8 COLLATE=utf8_bin;

-- Dumping data for table int_ita_db.phpbb_moderator_cache: ~0 rows (approximately)
/*!40000 ALTER TABLE `phpbb_moderator_cache` DISABLE KEYS */;
/*!40000 ALTER TABLE `phpbb_moderator_cache` ENABLE KEYS */;


-- Dumping structure for table int_ita_db.phpbb_modules
DROP TABLE IF EXISTS `phpbb_modules`;
CREATE TABLE IF NOT EXISTS `phpbb_modules` (
  `module_id` mediumint(8) unsigned NOT NULL AUTO_INCREMENT,
  `module_enabled` tinyint(1) unsigned NOT NULL DEFAULT '1',
  `module_display` tinyint(1) unsigned NOT NULL DEFAULT '1',
  `module_basename` varchar(255) COLLATE utf8_bin NOT NULL DEFAULT '',
  `module_class` varchar(10) COLLATE utf8_bin NOT NULL DEFAULT '',
  `parent_id` mediumint(8) unsigned NOT NULL DEFAULT '0',
  `left_id` mediumint(8) unsigned NOT NULL DEFAULT '0',
  `right_id` mediumint(8) unsigned NOT NULL DEFAULT '0',
  `module_langname` varchar(255) COLLATE utf8_bin NOT NULL DEFAULT '',
  `module_mode` varchar(255) COLLATE utf8_bin NOT NULL DEFAULT '',
  `module_auth` varchar(255) COLLATE utf8_bin NOT NULL DEFAULT '',
  PRIMARY KEY (`module_id`),
  KEY `left_right_id` (`left_id`,`right_id`),
  KEY `module_enabled` (`module_enabled`),
  KEY `class_left_id` (`module_class`,`left_id`)
) ENGINE=InnoDB AUTO_INCREMENT=207 DEFAULT CHARSET=utf8 COLLATE=utf8_bin;

-- Dumping data for table int_ita_db.phpbb_modules: ~206 rows (approximately)
/*!40000 ALTER TABLE `phpbb_modules` DISABLE KEYS */;
INSERT INTO `phpbb_modules` (`module_id`, `module_enabled`, `module_display`, `module_basename`, `module_class`, `parent_id`, `left_id`, `right_id`, `module_langname`, `module_mode`, `module_auth`) VALUES
	(1, 1, 1, '', 'acp', 0, 1, 66, 'ACP_CAT_GENERAL', '', ''),
	(2, 1, 1, '', 'acp', 1, 4, 17, 'ACP_QUICK_ACCESS', '', ''),
	(3, 1, 1, '', 'acp', 1, 18, 43, 'ACP_BOARD_CONFIGURATION', '', ''),
	(4, 1, 1, '', 'acp', 1, 44, 51, 'ACP_CLIENT_COMMUNICATION', '', ''),
	(5, 1, 1, '', 'acp', 1, 52, 65, 'ACP_SERVER_CONFIGURATION', '', ''),
	(6, 1, 1, '', 'acp', 0, 67, 86, 'ACP_CAT_FORUMS', '', ''),
	(7, 1, 1, '', 'acp', 6, 68, 73, 'ACP_MANAGE_FORUMS', '', ''),
	(8, 1, 1, '', 'acp', 6, 74, 85, 'ACP_FORUM_BASED_PERMISSIONS', '', ''),
	(9, 1, 1, '', 'acp', 0, 87, 114, 'ACP_CAT_POSTING', '', ''),
	(10, 1, 1, '', 'acp', 9, 88, 101, 'ACP_MESSAGES', '', ''),
	(11, 1, 1, '', 'acp', 9, 102, 113, 'ACP_ATTACHMENTS', '', ''),
	(12, 1, 1, '', 'acp', 0, 115, 172, 'ACP_CAT_USERGROUP', '', ''),
	(13, 1, 1, '', 'acp', 12, 116, 151, 'ACP_CAT_USERS', '', ''),
	(14, 1, 1, '', 'acp', 12, 152, 161, 'ACP_GROUPS', '', ''),
	(15, 1, 1, '', 'acp', 12, 162, 171, 'ACP_USER_SECURITY', '', ''),
	(16, 1, 1, '', 'acp', 0, 173, 222, 'ACP_CAT_PERMISSIONS', '', ''),
	(17, 1, 1, '', 'acp', 16, 176, 185, 'ACP_GLOBAL_PERMISSIONS', '', ''),
	(18, 1, 1, '', 'acp', 16, 186, 197, 'ACP_FORUM_BASED_PERMISSIONS', '', ''),
	(19, 1, 1, '', 'acp', 16, 198, 207, 'ACP_PERMISSION_ROLES', '', ''),
	(20, 1, 1, '', 'acp', 16, 208, 221, 'ACP_PERMISSION_MASKS', '', ''),
	(21, 1, 1, '', 'acp', 0, 223, 238, 'ACP_CAT_CUSTOMISE', '', ''),
	(22, 1, 1, '', 'acp', 21, 228, 233, 'ACP_STYLE_MANAGEMENT', '', ''),
	(23, 1, 1, '', 'acp', 21, 224, 227, 'ACP_EXTENSION_MANAGEMENT', '', ''),
	(24, 1, 1, '', 'acp', 21, 234, 237, 'ACP_LANGUAGE', '', ''),
	(25, 1, 1, '', 'acp', 0, 239, 258, 'ACP_CAT_MAINTENANCE', '', ''),
	(26, 1, 1, '', 'acp', 25, 240, 249, 'ACP_FORUM_LOGS', '', ''),
	(27, 1, 1, '', 'acp', 25, 250, 257, 'ACP_CAT_DATABASE', '', ''),
	(28, 1, 1, '', 'acp', 0, 259, 282, 'ACP_CAT_SYSTEM', '', ''),
	(29, 1, 1, '', 'acp', 28, 260, 263, 'ACP_AUTOMATION', '', ''),
	(30, 1, 1, '', 'acp', 28, 264, 273, 'ACP_GENERAL_TASKS', '', ''),
	(31, 1, 1, '', 'acp', 28, 274, 281, 'ACP_MODULE_MANAGEMENT', '', ''),
	(32, 1, 1, '', 'acp', 0, 283, 284, 'ACP_CAT_DOT_MODS', '', ''),
	(33, 1, 1, 'acp_attachments', 'acp', 3, 19, 20, 'ACP_ATTACHMENT_SETTINGS', 'attach', 'acl_a_attach'),
	(34, 1, 1, 'acp_attachments', 'acp', 11, 103, 104, 'ACP_ATTACHMENT_SETTINGS', 'attach', 'acl_a_attach'),
	(35, 1, 1, 'acp_attachments', 'acp', 11, 105, 106, 'ACP_MANAGE_EXTENSIONS', 'extensions', 'acl_a_attach'),
	(36, 1, 1, 'acp_attachments', 'acp', 11, 107, 108, 'ACP_EXTENSION_GROUPS', 'ext_groups', 'acl_a_attach'),
	(37, 1, 1, 'acp_attachments', 'acp', 11, 109, 110, 'ACP_ORPHAN_ATTACHMENTS', 'orphan', 'acl_a_attach'),
	(38, 1, 1, 'acp_attachments', 'acp', 11, 111, 112, 'ACP_MANAGE_ATTACHMENTS', 'manage', 'acl_a_attach'),
	(39, 1, 1, 'acp_ban', 'acp', 15, 163, 164, 'ACP_BAN_EMAILS', 'email', 'acl_a_ban'),
	(40, 1, 1, 'acp_ban', 'acp', 15, 165, 166, 'ACP_BAN_IPS', 'ip', 'acl_a_ban'),
	(41, 1, 1, 'acp_ban', 'acp', 15, 167, 168, 'ACP_BAN_USERNAMES', 'user', 'acl_a_ban'),
	(42, 1, 1, 'acp_bbcodes', 'acp', 10, 89, 90, 'ACP_BBCODES', 'bbcodes', 'acl_a_bbcode'),
	(43, 1, 1, 'acp_board', 'acp', 3, 21, 22, 'ACP_BOARD_SETTINGS', 'settings', 'acl_a_board'),
	(44, 1, 1, 'acp_board', 'acp', 3, 23, 24, 'ACP_BOARD_FEATURES', 'features', 'acl_a_board'),
	(45, 1, 1, 'acp_board', 'acp', 3, 25, 26, 'ACP_AVATAR_SETTINGS', 'avatar', 'acl_a_board'),
	(46, 1, 1, 'acp_board', 'acp', 3, 27, 28, 'ACP_MESSAGE_SETTINGS', 'message', 'acl_a_board'),
	(47, 1, 1, 'acp_board', 'acp', 10, 91, 92, 'ACP_MESSAGE_SETTINGS', 'message', 'acl_a_board'),
	(48, 1, 1, 'acp_board', 'acp', 3, 29, 30, 'ACP_POST_SETTINGS', 'post', 'acl_a_board'),
	(49, 1, 1, 'acp_board', 'acp', 10, 93, 94, 'ACP_POST_SETTINGS', 'post', 'acl_a_board'),
	(50, 1, 1, 'acp_board', 'acp', 3, 31, 32, 'ACP_SIGNATURE_SETTINGS', 'signature', 'acl_a_board'),
	(51, 1, 1, 'acp_board', 'acp', 3, 33, 34, 'ACP_FEED_SETTINGS', 'feed', 'acl_a_board'),
	(52, 1, 1, 'acp_board', 'acp', 3, 35, 36, 'ACP_REGISTER_SETTINGS', 'registration', 'acl_a_board'),
	(53, 1, 1, 'acp_board', 'acp', 4, 45, 46, 'ACP_AUTH_SETTINGS', 'auth', 'acl_a_server'),
	(54, 1, 1, 'acp_board', 'acp', 4, 47, 48, 'ACP_EMAIL_SETTINGS', 'email', 'acl_a_server'),
	(55, 1, 1, 'acp_board', 'acp', 5, 53, 54, 'ACP_COOKIE_SETTINGS', 'cookie', 'acl_a_server'),
	(56, 1, 1, 'acp_board', 'acp', 5, 55, 56, 'ACP_SERVER_SETTINGS', 'server', 'acl_a_server'),
	(57, 1, 1, 'acp_board', 'acp', 5, 57, 58, 'ACP_SECURITY_SETTINGS', 'security', 'acl_a_server'),
	(58, 1, 1, 'acp_board', 'acp', 5, 59, 60, 'ACP_LOAD_SETTINGS', 'load', 'acl_a_server'),
	(59, 1, 1, 'acp_bots', 'acp', 30, 265, 266, 'ACP_BOTS', 'bots', 'acl_a_bots'),
	(60, 1, 1, 'acp_captcha', 'acp', 3, 37, 38, 'ACP_VC_SETTINGS', 'visual', 'acl_a_board'),
	(61, 1, 0, 'acp_captcha', 'acp', 3, 39, 40, 'ACP_VC_CAPTCHA_DISPLAY', 'img', 'acl_a_board'),
	(62, 1, 1, 'acp_contact', 'acp', 3, 41, 42, 'ACP_CONTACT_SETTINGS', 'contact', 'acl_a_board'),
	(63, 1, 1, 'acp_database', 'acp', 27, 251, 252, 'ACP_BACKUP', 'backup', 'acl_a_backup'),
	(64, 1, 1, 'acp_database', 'acp', 27, 253, 254, 'ACP_RESTORE', 'restore', 'acl_a_backup'),
	(65, 1, 1, 'acp_disallow', 'acp', 15, 169, 170, 'ACP_DISALLOW_USERNAMES', 'usernames', 'acl_a_names'),
	(66, 1, 1, 'acp_email', 'acp', 30, 267, 268, 'ACP_MASS_EMAIL', 'email', 'acl_a_email && cfg_email_enable'),
	(67, 1, 1, 'acp_extensions', 'acp', 23, 225, 226, 'ACP_EXTENSIONS', 'main', 'acl_a_extensions'),
	(68, 1, 1, 'acp_forums', 'acp', 7, 69, 70, 'ACP_MANAGE_FORUMS', 'manage', 'acl_a_forum'),
	(69, 1, 1, 'acp_groups', 'acp', 14, 153, 154, 'ACP_GROUPS_MANAGE', 'manage', 'acl_a_group'),
	(70, 1, 1, 'acp_groups', 'acp', 14, 155, 156, 'ACP_GROUPS_POSITION', 'position', 'acl_a_group'),
	(71, 1, 1, 'acp_icons', 'acp', 10, 95, 96, 'ACP_ICONS', 'icons', 'acl_a_icons'),
	(72, 1, 1, 'acp_icons', 'acp', 10, 97, 98, 'ACP_SMILIES', 'smilies', 'acl_a_icons'),
	(73, 1, 1, 'acp_inactive', 'acp', 13, 117, 118, 'ACP_INACTIVE_USERS', 'list', 'acl_a_user'),
	(74, 1, 1, 'acp_jabber', 'acp', 4, 49, 50, 'ACP_JABBER_SETTINGS', 'settings', 'acl_a_jabber'),
	(75, 1, 1, 'acp_language', 'acp', 24, 235, 236, 'ACP_LANGUAGE_PACKS', 'lang_packs', 'acl_a_language'),
	(76, 1, 1, 'acp_logs', 'acp', 26, 241, 242, 'ACP_ADMIN_LOGS', 'admin', 'acl_a_viewlogs'),
	(77, 1, 1, 'acp_logs', 'acp', 26, 243, 244, 'ACP_MOD_LOGS', 'mod', 'acl_a_viewlogs'),
	(78, 1, 1, 'acp_logs', 'acp', 26, 245, 246, 'ACP_USERS_LOGS', 'users', 'acl_a_viewlogs'),
	(79, 1, 1, 'acp_logs', 'acp', 26, 247, 248, 'ACP_CRITICAL_LOGS', 'critical', 'acl_a_viewlogs'),
	(80, 1, 1, 'acp_main', 'acp', 1, 2, 3, 'ACP_INDEX', 'main', ''),
	(81, 1, 1, 'acp_modules', 'acp', 31, 275, 276, 'ACP', 'acp', 'acl_a_modules'),
	(82, 1, 1, 'acp_modules', 'acp', 31, 277, 278, 'UCP', 'ucp', 'acl_a_modules'),
	(83, 1, 1, 'acp_modules', 'acp', 31, 279, 280, 'MCP', 'mcp', 'acl_a_modules'),
	(84, 1, 1, 'acp_permission_roles', 'acp', 19, 199, 200, 'ACP_ADMIN_ROLES', 'admin_roles', 'acl_a_roles && acl_a_aauth'),
	(85, 1, 1, 'acp_permission_roles', 'acp', 19, 201, 202, 'ACP_USER_ROLES', 'user_roles', 'acl_a_roles && acl_a_uauth'),
	(86, 1, 1, 'acp_permission_roles', 'acp', 19, 203, 204, 'ACP_MOD_ROLES', 'mod_roles', 'acl_a_roles && acl_a_mauth'),
	(87, 1, 1, 'acp_permission_roles', 'acp', 19, 205, 206, 'ACP_FORUM_ROLES', 'forum_roles', 'acl_a_roles && acl_a_fauth'),
	(88, 1, 1, 'acp_permissions', 'acp', 16, 174, 175, 'ACP_PERMISSIONS', 'intro', 'acl_a_authusers || acl_a_authgroups || acl_a_viewauth'),
	(89, 1, 0, 'acp_permissions', 'acp', 20, 209, 210, 'ACP_PERMISSION_TRACE', 'trace', 'acl_a_viewauth'),
	(90, 1, 1, 'acp_permissions', 'acp', 18, 187, 188, 'ACP_FORUM_PERMISSIONS', 'setting_forum_local', 'acl_a_fauth && (acl_a_authusers || acl_a_authgroups)'),
	(91, 1, 1, 'acp_permissions', 'acp', 18, 189, 190, 'ACP_FORUM_PERMISSIONS_COPY', 'setting_forum_copy', 'acl_a_fauth && acl_a_authusers && acl_a_authgroups && acl_a_mauth'),
	(92, 1, 1, 'acp_permissions', 'acp', 18, 191, 192, 'ACP_FORUM_MODERATORS', 'setting_mod_local', 'acl_a_mauth && (acl_a_authusers || acl_a_authgroups)'),
	(93, 1, 1, 'acp_permissions', 'acp', 17, 177, 178, 'ACP_USERS_PERMISSIONS', 'setting_user_global', 'acl_a_authusers && (acl_a_aauth || acl_a_mauth || acl_a_uauth)'),
	(94, 1, 1, 'acp_permissions', 'acp', 13, 121, 122, 'ACP_USERS_PERMISSIONS', 'setting_user_global', 'acl_a_authusers && (acl_a_aauth || acl_a_mauth || acl_a_uauth)'),
	(95, 1, 1, 'acp_permissions', 'acp', 18, 193, 194, 'ACP_USERS_FORUM_PERMISSIONS', 'setting_user_local', 'acl_a_authusers && (acl_a_mauth || acl_a_fauth)'),
	(96, 1, 1, 'acp_permissions', 'acp', 13, 123, 124, 'ACP_USERS_FORUM_PERMISSIONS', 'setting_user_local', 'acl_a_authusers && (acl_a_mauth || acl_a_fauth)'),
	(97, 1, 1, 'acp_permissions', 'acp', 17, 179, 180, 'ACP_GROUPS_PERMISSIONS', 'setting_group_global', 'acl_a_authgroups && (acl_a_aauth || acl_a_mauth || acl_a_uauth)'),
	(98, 1, 1, 'acp_permissions', 'acp', 14, 157, 158, 'ACP_GROUPS_PERMISSIONS', 'setting_group_global', 'acl_a_authgroups && (acl_a_aauth || acl_a_mauth || acl_a_uauth)'),
	(99, 1, 1, 'acp_permissions', 'acp', 18, 195, 196, 'ACP_GROUPS_FORUM_PERMISSIONS', 'setting_group_local', 'acl_a_authgroups && (acl_a_mauth || acl_a_fauth)'),
	(100, 1, 1, 'acp_permissions', 'acp', 14, 159, 160, 'ACP_GROUPS_FORUM_PERMISSIONS', 'setting_group_local', 'acl_a_authgroups && (acl_a_mauth || acl_a_fauth)'),
	(101, 1, 1, 'acp_permissions', 'acp', 17, 181, 182, 'ACP_ADMINISTRATORS', 'setting_admin_global', 'acl_a_aauth && (acl_a_authusers || acl_a_authgroups)'),
	(102, 1, 1, 'acp_permissions', 'acp', 17, 183, 184, 'ACP_GLOBAL_MODERATORS', 'setting_mod_global', 'acl_a_mauth && (acl_a_authusers || acl_a_authgroups)'),
	(103, 1, 1, 'acp_permissions', 'acp', 20, 211, 212, 'ACP_VIEW_ADMIN_PERMISSIONS', 'view_admin_global', 'acl_a_viewauth'),
	(104, 1, 1, 'acp_permissions', 'acp', 20, 213, 214, 'ACP_VIEW_USER_PERMISSIONS', 'view_user_global', 'acl_a_viewauth'),
	(105, 1, 1, 'acp_permissions', 'acp', 20, 215, 216, 'ACP_VIEW_GLOBAL_MOD_PERMISSIONS', 'view_mod_global', 'acl_a_viewauth'),
	(106, 1, 1, 'acp_permissions', 'acp', 20, 217, 218, 'ACP_VIEW_FORUM_MOD_PERMISSIONS', 'view_mod_local', 'acl_a_viewauth'),
	(107, 1, 1, 'acp_permissions', 'acp', 20, 219, 220, 'ACP_VIEW_FORUM_PERMISSIONS', 'view_forum_local', 'acl_a_viewauth'),
	(108, 1, 1, 'acp_php_info', 'acp', 30, 269, 270, 'ACP_PHP_INFO', 'info', 'acl_a_phpinfo'),
	(109, 1, 1, 'acp_profile', 'acp', 13, 125, 126, 'ACP_CUSTOM_PROFILE_FIELDS', 'profile', 'acl_a_profile'),
	(110, 1, 1, 'acp_prune', 'acp', 7, 71, 72, 'ACP_PRUNE_FORUMS', 'forums', 'acl_a_prune'),
	(111, 1, 1, 'acp_prune', 'acp', 13, 127, 128, 'ACP_PRUNE_USERS', 'users', 'acl_a_userdel'),
	(112, 1, 1, 'acp_ranks', 'acp', 13, 129, 130, 'ACP_MANAGE_RANKS', 'ranks', 'acl_a_ranks'),
	(113, 1, 1, 'acp_reasons', 'acp', 30, 271, 272, 'ACP_MANAGE_REASONS', 'main', 'acl_a_reasons'),
	(114, 1, 1, 'acp_search', 'acp', 5, 61, 62, 'ACP_SEARCH_SETTINGS', 'settings', 'acl_a_search'),
	(115, 1, 1, 'acp_search', 'acp', 27, 255, 256, 'ACP_SEARCH_INDEX', 'index', 'acl_a_search'),
	(116, 1, 1, 'acp_send_statistics', 'acp', 5, 63, 64, 'ACP_SEND_STATISTICS', 'send_statistics', 'acl_a_server'),
	(117, 1, 1, 'acp_styles', 'acp', 22, 229, 230, 'ACP_STYLES', 'style', 'acl_a_styles'),
	(118, 1, 1, 'acp_styles', 'acp', 22, 231, 232, 'ACP_STYLES_INSTALL', 'install', 'acl_a_styles'),
	(119, 1, 1, 'acp_update', 'acp', 29, 261, 262, 'ACP_VERSION_CHECK', 'version_check', 'acl_a_board'),
	(120, 1, 1, 'acp_users', 'acp', 13, 119, 120, 'ACP_MANAGE_USERS', 'overview', 'acl_a_user'),
	(121, 1, 0, 'acp_users', 'acp', 13, 131, 132, 'ACP_USER_FEEDBACK', 'feedback', 'acl_a_user'),
	(122, 1, 0, 'acp_users', 'acp', 13, 133, 134, 'ACP_USER_WARNINGS', 'warnings', 'acl_a_user'),
	(123, 1, 0, 'acp_users', 'acp', 13, 135, 136, 'ACP_USER_PROFILE', 'profile', 'acl_a_user'),
	(124, 1, 0, 'acp_users', 'acp', 13, 137, 138, 'ACP_USER_PREFS', 'prefs', 'acl_a_user'),
	(125, 1, 0, 'acp_users', 'acp', 13, 139, 140, 'ACP_USER_AVATAR', 'avatar', 'acl_a_user'),
	(126, 1, 0, 'acp_users', 'acp', 13, 141, 142, 'ACP_USER_RANK', 'rank', 'acl_a_user'),
	(127, 1, 0, 'acp_users', 'acp', 13, 143, 144, 'ACP_USER_SIG', 'sig', 'acl_a_user'),
	(128, 1, 0, 'acp_users', 'acp', 13, 145, 146, 'ACP_USER_GROUPS', 'groups', 'acl_a_user && acl_a_group'),
	(129, 1, 0, 'acp_users', 'acp', 13, 147, 148, 'ACP_USER_PERM', 'perm', 'acl_a_user && acl_a_viewauth'),
	(130, 1, 0, 'acp_users', 'acp', 13, 149, 150, 'ACP_USER_ATTACH', 'attach', 'acl_a_user'),
	(131, 1, 1, 'acp_words', 'acp', 10, 99, 100, 'ACP_WORDS', 'words', 'acl_a_words'),
	(132, 1, 1, 'acp_users', 'acp', 2, 5, 6, 'ACP_MANAGE_USERS', 'overview', 'acl_a_user'),
	(133, 1, 1, 'acp_groups', 'acp', 2, 7, 8, 'ACP_GROUPS_MANAGE', 'manage', 'acl_a_group'),
	(134, 1, 1, 'acp_forums', 'acp', 2, 9, 10, 'ACP_MANAGE_FORUMS', 'manage', 'acl_a_forum'),
	(135, 1, 1, 'acp_logs', 'acp', 2, 11, 12, 'ACP_MOD_LOGS', 'mod', 'acl_a_viewlogs'),
	(136, 1, 1, 'acp_bots', 'acp', 2, 13, 14, 'ACP_BOTS', 'bots', 'acl_a_bots'),
	(137, 1, 1, 'acp_php_info', 'acp', 2, 15, 16, 'ACP_PHP_INFO', 'info', 'acl_a_phpinfo'),
	(138, 1, 1, 'acp_permissions', 'acp', 8, 75, 76, 'ACP_FORUM_PERMISSIONS', 'setting_forum_local', 'acl_a_fauth && (acl_a_authusers || acl_a_authgroups)'),
	(139, 1, 1, 'acp_permissions', 'acp', 8, 77, 78, 'ACP_FORUM_PERMISSIONS_COPY', 'setting_forum_copy', 'acl_a_fauth && acl_a_authusers && acl_a_authgroups && acl_a_mauth'),
	(140, 1, 1, 'acp_permissions', 'acp', 8, 79, 80, 'ACP_FORUM_MODERATORS', 'setting_mod_local', 'acl_a_mauth && (acl_a_authusers || acl_a_authgroups)'),
	(141, 1, 1, 'acp_permissions', 'acp', 8, 81, 82, 'ACP_USERS_FORUM_PERMISSIONS', 'setting_user_local', 'acl_a_authusers && (acl_a_mauth || acl_a_fauth)'),
	(142, 1, 1, 'acp_permissions', 'acp', 8, 83, 84, 'ACP_GROUPS_FORUM_PERMISSIONS', 'setting_group_local', 'acl_a_authgroups && (acl_a_mauth || acl_a_fauth)'),
	(143, 1, 1, '', 'mcp', 0, 1, 10, 'MCP_MAIN', '', ''),
	(144, 1, 1, '', 'mcp', 0, 11, 22, 'MCP_QUEUE', '', ''),
	(145, 1, 1, '', 'mcp', 0, 23, 36, 'MCP_REPORTS', '', ''),
	(146, 1, 1, '', 'mcp', 0, 37, 42, 'MCP_NOTES', '', ''),
	(147, 1, 1, '', 'mcp', 0, 43, 52, 'MCP_WARN', '', ''),
	(148, 1, 1, '', 'mcp', 0, 53, 60, 'MCP_LOGS', '', ''),
	(149, 1, 1, '', 'mcp', 0, 61, 68, 'MCP_BAN', '', ''),
	(150, 1, 1, 'mcp_ban', 'mcp', 149, 62, 63, 'MCP_BAN_USERNAMES', 'user', 'acl_m_ban'),
	(151, 1, 1, 'mcp_ban', 'mcp', 149, 64, 65, 'MCP_BAN_IPS', 'ip', 'acl_m_ban'),
	(152, 1, 1, 'mcp_ban', 'mcp', 149, 66, 67, 'MCP_BAN_EMAILS', 'email', 'acl_m_ban'),
	(153, 1, 1, 'mcp_logs', 'mcp', 148, 54, 55, 'MCP_LOGS_FRONT', 'front', 'acl_m_ || aclf_m_'),
	(154, 1, 1, 'mcp_logs', 'mcp', 148, 56, 57, 'MCP_LOGS_FORUM_VIEW', 'forum_logs', 'acl_m_,$id'),
	(155, 1, 1, 'mcp_logs', 'mcp', 148, 58, 59, 'MCP_LOGS_TOPIC_VIEW', 'topic_logs', 'acl_m_,$id'),
	(156, 1, 1, 'mcp_main', 'mcp', 143, 2, 3, 'MCP_MAIN_FRONT', 'front', ''),
	(157, 1, 1, 'mcp_main', 'mcp', 143, 4, 5, 'MCP_MAIN_FORUM_VIEW', 'forum_view', 'acl_m_,$id'),
	(158, 1, 1, 'mcp_main', 'mcp', 143, 6, 7, 'MCP_MAIN_TOPIC_VIEW', 'topic_view', 'acl_m_,$id'),
	(159, 1, 1, 'mcp_main', 'mcp', 143, 8, 9, 'MCP_MAIN_POST_DETAILS', 'post_details', 'acl_m_,$id || (!$id && aclf_m_)'),
	(160, 1, 1, 'mcp_notes', 'mcp', 146, 38, 39, 'MCP_NOTES_FRONT', 'front', ''),
	(161, 1, 1, 'mcp_notes', 'mcp', 146, 40, 41, 'MCP_NOTES_USER', 'user_notes', ''),
	(162, 1, 1, 'mcp_pm_reports', 'mcp', 145, 30, 31, 'MCP_PM_REPORTS_OPEN', 'pm_reports', 'aclf_m_report'),
	(163, 1, 1, 'mcp_pm_reports', 'mcp', 145, 32, 33, 'MCP_PM_REPORTS_CLOSED', 'pm_reports_closed', 'aclf_m_report'),
	(164, 1, 1, 'mcp_pm_reports', 'mcp', 145, 34, 35, 'MCP_PM_REPORT_DETAILS', 'pm_report_details', 'aclf_m_report'),
	(165, 1, 1, 'mcp_queue', 'mcp', 144, 12, 13, 'MCP_QUEUE_UNAPPROVED_TOPICS', 'unapproved_topics', 'aclf_m_approve'),
	(166, 1, 1, 'mcp_queue', 'mcp', 144, 14, 15, 'MCP_QUEUE_UNAPPROVED_POSTS', 'unapproved_posts', 'aclf_m_approve'),
	(167, 1, 1, 'mcp_queue', 'mcp', 144, 16, 17, 'MCP_QUEUE_DELETED_TOPICS', 'deleted_topics', 'aclf_m_approve'),
	(168, 1, 1, 'mcp_queue', 'mcp', 144, 18, 19, 'MCP_QUEUE_DELETED_POSTS', 'deleted_posts', 'aclf_m_approve'),
	(169, 1, 1, 'mcp_queue', 'mcp', 144, 20, 21, 'MCP_QUEUE_APPROVE_DETAILS', 'approve_details', 'acl_m_approve,$id || (!$id && aclf_m_approve)'),
	(170, 1, 1, 'mcp_reports', 'mcp', 145, 24, 25, 'MCP_REPORTS_OPEN', 'reports', 'aclf_m_report'),
	(171, 1, 1, 'mcp_reports', 'mcp', 145, 26, 27, 'MCP_REPORTS_CLOSED', 'reports_closed', 'aclf_m_report'),
	(172, 1, 1, 'mcp_reports', 'mcp', 145, 28, 29, 'MCP_REPORT_DETAILS', 'report_details', 'acl_m_report,$id || (!$id && aclf_m_report)'),
	(173, 1, 1, 'mcp_warn', 'mcp', 147, 44, 45, 'MCP_WARN_FRONT', 'front', 'aclf_m_warn'),
	(174, 1, 1, 'mcp_warn', 'mcp', 147, 46, 47, 'MCP_WARN_LIST', 'list', 'aclf_m_warn'),
	(175, 1, 1, 'mcp_warn', 'mcp', 147, 48, 49, 'MCP_WARN_USER', 'warn_user', 'aclf_m_warn'),
	(176, 1, 1, 'mcp_warn', 'mcp', 147, 50, 51, 'MCP_WARN_POST', 'warn_post', 'acl_m_warn && acl_f_read,$id'),
	(177, 1, 1, '', 'ucp', 0, 1, 14, 'UCP_MAIN', '', ''),
	(178, 1, 1, '', 'ucp', 0, 15, 28, 'UCP_PROFILE', '', ''),
	(179, 1, 1, '', 'ucp', 0, 29, 38, 'UCP_PREFS', '', ''),
	(180, 1, 1, 'ucp_pm', 'ucp', 0, 39, 48, 'UCP_PM', '', ''),
	(181, 1, 1, '', 'ucp', 0, 49, 54, 'UCP_USERGROUPS', '', ''),
	(182, 1, 1, '', 'ucp', 0, 55, 60, 'UCP_ZEBRA', '', ''),
	(183, 1, 1, 'ucp_attachments', 'ucp', 177, 10, 11, 'UCP_MAIN_ATTACHMENTS', 'attachments', 'acl_u_attach'),
	(184, 1, 1, 'ucp_auth_link', 'ucp', 178, 26, 27, 'UCP_AUTH_LINK_MANAGE', 'auth_link', 'authmethod_oauth'),
	(185, 1, 1, 'ucp_groups', 'ucp', 181, 50, 51, 'UCP_USERGROUPS_MEMBER', 'membership', ''),
	(186, 1, 1, 'ucp_groups', 'ucp', 181, 52, 53, 'UCP_USERGROUPS_MANAGE', 'manage', ''),
	(187, 1, 1, 'ucp_main', 'ucp', 177, 2, 3, 'UCP_MAIN_FRONT', 'front', ''),
	(188, 1, 1, 'ucp_main', 'ucp', 177, 4, 5, 'UCP_MAIN_SUBSCRIBED', 'subscribed', ''),
	(189, 1, 1, 'ucp_main', 'ucp', 177, 6, 7, 'UCP_MAIN_BOOKMARKS', 'bookmarks', 'cfg_allow_bookmarks'),
	(190, 1, 1, 'ucp_main', 'ucp', 177, 8, 9, 'UCP_MAIN_DRAFTS', 'drafts', ''),
	(191, 1, 1, 'ucp_notifications', 'ucp', 179, 36, 37, 'UCP_NOTIFICATION_OPTIONS', 'notification_options', ''),
	(192, 1, 1, 'ucp_notifications', 'ucp', 177, 12, 13, 'UCP_NOTIFICATION_LIST', 'notification_list', ''),
	(193, 1, 0, 'ucp_pm', 'ucp', 180, 40, 41, 'UCP_PM_VIEW', 'view', 'cfg_allow_privmsg'),
	(194, 1, 1, 'ucp_pm', 'ucp', 180, 42, 43, 'UCP_PM_COMPOSE', 'compose', 'cfg_allow_privmsg'),
	(195, 1, 1, 'ucp_pm', 'ucp', 180, 44, 45, 'UCP_PM_DRAFTS', 'drafts', 'cfg_allow_privmsg'),
	(196, 1, 1, 'ucp_pm', 'ucp', 180, 46, 47, 'UCP_PM_OPTIONS', 'options', 'cfg_allow_privmsg'),
	(197, 1, 1, 'ucp_prefs', 'ucp', 179, 30, 31, 'UCP_PREFS_PERSONAL', 'personal', ''),
	(198, 1, 1, 'ucp_prefs', 'ucp', 179, 32, 33, 'UCP_PREFS_POST', 'post', ''),
	(199, 1, 1, 'ucp_prefs', 'ucp', 179, 34, 35, 'UCP_PREFS_VIEW', 'view', ''),
	(200, 1, 1, 'ucp_profile', 'ucp', 178, 16, 17, 'UCP_PROFILE_PROFILE_INFO', 'profile_info', 'acl_u_chgprofileinfo'),
	(201, 1, 1, 'ucp_profile', 'ucp', 178, 18, 19, 'UCP_PROFILE_SIGNATURE', 'signature', 'acl_u_sig'),
	(202, 1, 1, 'ucp_profile', 'ucp', 178, 20, 21, 'UCP_PROFILE_AVATAR', 'avatar', 'cfg_allow_avatar'),
	(203, 1, 1, 'ucp_profile', 'ucp', 178, 22, 23, 'UCP_PROFILE_REG_DETAILS', 'reg_details', ''),
	(204, 1, 1, 'ucp_profile', 'ucp', 178, 24, 25, 'UCP_PROFILE_AUTOLOGIN_KEYS', 'autologin_keys', ''),
	(205, 1, 1, 'ucp_zebra', 'ucp', 182, 56, 57, 'UCP_ZEBRA_FRIENDS', 'friends', ''),
	(206, 1, 1, 'ucp_zebra', 'ucp', 182, 58, 59, 'UCP_ZEBRA_FOES', 'foes', '');
/*!40000 ALTER TABLE `phpbb_modules` ENABLE KEYS */;


-- Dumping structure for table int_ita_db.phpbb_notifications
DROP TABLE IF EXISTS `phpbb_notifications`;
CREATE TABLE IF NOT EXISTS `phpbb_notifications` (
  `notification_id` int(10) unsigned NOT NULL AUTO_INCREMENT,
  `notification_type_id` smallint(4) unsigned NOT NULL DEFAULT '0',
  `item_id` mediumint(8) unsigned NOT NULL DEFAULT '0',
  `item_parent_id` mediumint(8) unsigned NOT NULL DEFAULT '0',
  `user_id` mediumint(8) unsigned NOT NULL DEFAULT '0',
  `notification_read` tinyint(1) unsigned NOT NULL DEFAULT '0',
  `notification_time` int(11) unsigned NOT NULL DEFAULT '1',
  `notification_data` text COLLATE utf8_bin NOT NULL,
  PRIMARY KEY (`notification_id`),
  KEY `item_ident` (`notification_type_id`,`item_id`),
  KEY `user` (`user_id`,`notification_read`)
) ENGINE=InnoDB AUTO_INCREMENT=8 DEFAULT CHARSET=utf8 COLLATE=utf8_bin;

-- Dumping data for table int_ita_db.phpbb_notifications: ~6 rows (approximately)
/*!40000 ALTER TABLE `phpbb_notifications` DISABLE KEYS */;
INSERT INTO `phpbb_notifications` (`notification_id`, `notification_type_id`, `item_id`, `item_parent_id`, `user_id`, `notification_read`, `notification_time`, `notification_data`) VALUES
	(2, 6, 4, 3, 48, 0, 1433430282, 'a:6:{s:12:"post_subject";s:18:"Re: 4 червня";s:9:"poster_id";s:2:"48";s:11:"topic_title";s:14:"4 червня";s:13:"post_username";s:0:"";s:8:"forum_id";s:1:"2";s:10:"forum_name";s:30:"Ваш перший форум";}'),
	(3, 3, 25, 5, 2, 0, 1437220140, 'a:6:{s:9:"poster_id";i:22;s:11:"topic_title";s:33:"Основи синтаксису";s:12:"post_subject";s:37:"Re: Основи синтаксису";s:13:"post_username";s:0:"";s:8:"forum_id";i:16;s:10:"forum_name";s:42:"Вступ до програмування";}'),
	(4, 3, 26, 5, 2, 0, 1437220304, 'a:6:{s:9:"poster_id";i:38;s:11:"topic_title";s:33:"Основи синтаксису";s:12:"post_subject";s:37:"Re: Основи синтаксису";s:13:"post_username";s:0:"";s:8:"forum_id";i:16;s:10:"forum_name";s:42:"Вступ до програмування";}'),
	(5, 4, 31, 4, 22, 0, 1438014402, 'a:6:{s:9:"poster_id";i:125;s:11:"topic_title";s:44:"Змінні та типи даних в PHP";s:12:"post_subject";s:48:"Re: Змінні та типи даних в PHP";s:13:"post_username";s:0:"";s:8:"forum_id";i:16;s:10:"forum_name";s:42:"Вступ до програмування";}'),
	(6, 5, 31, 4, 22, 0, 1438014402, 'a:6:{s:9:"poster_id";i:125;s:11:"topic_title";s:44:"Змінні та типи даних в PHP";s:12:"post_subject";s:48:"Re: Змінні та типи даних в PHP";s:13:"post_username";s:0:"";s:8:"forum_id";i:16;s:10:"forum_name";s:42:"Вступ до програмування";}'),
	(7, 9, 1, 0, 121, 0, 1438247796, 'a:2:{s:12:"from_user_id";s:3:"129";s:15:"message_subject";s:13:"cgbbcmvbmvn,!";}');
/*!40000 ALTER TABLE `phpbb_notifications` ENABLE KEYS */;


-- Dumping structure for table int_ita_db.phpbb_notification_types
DROP TABLE IF EXISTS `phpbb_notification_types`;
CREATE TABLE IF NOT EXISTS `phpbb_notification_types` (
  `notification_type_id` smallint(4) unsigned NOT NULL AUTO_INCREMENT,
  `notification_type_name` varchar(255) COLLATE utf8_bin NOT NULL DEFAULT '',
  `notification_type_enabled` tinyint(1) unsigned NOT NULL DEFAULT '1',
  PRIMARY KEY (`notification_type_id`),
  UNIQUE KEY `type` (`notification_type_name`)
) ENGINE=InnoDB AUTO_INCREMENT=10 DEFAULT CHARSET=utf8 COLLATE=utf8_bin;

-- Dumping data for table int_ita_db.phpbb_notification_types: ~9 rows (approximately)
/*!40000 ALTER TABLE `phpbb_notification_types` DISABLE KEYS */;
INSERT INTO `phpbb_notification_types` (`notification_type_id`, `notification_type_name`, `notification_type_enabled`) VALUES
	(1, 'notification.type.topic', 1),
	(2, 'notification.type.approve_topic', 1),
	(3, 'notification.type.quote', 1),
	(4, 'notification.type.bookmark', 1),
	(5, 'notification.type.post', 1),
	(6, 'notification.type.approve_post', 1),
	(7, 'notification.type.group_request', 1),
	(8, 'notification.type.post_in_queue', 1),
	(9, 'notification.type.pm', 1);
/*!40000 ALTER TABLE `phpbb_notification_types` ENABLE KEYS */;


-- Dumping structure for table int_ita_db.phpbb_oauth_accounts
DROP TABLE IF EXISTS `phpbb_oauth_accounts`;
CREATE TABLE IF NOT EXISTS `phpbb_oauth_accounts` (
  `user_id` mediumint(8) unsigned NOT NULL DEFAULT '0',
  `provider` varchar(255) COLLATE utf8_bin NOT NULL DEFAULT '',
  `oauth_provider_id` text COLLATE utf8_bin NOT NULL,
  PRIMARY KEY (`user_id`,`provider`)
) ENGINE=InnoDB DEFAULT CHARSET=utf8 COLLATE=utf8_bin;

-- Dumping data for table int_ita_db.phpbb_oauth_accounts: ~0 rows (approximately)
/*!40000 ALTER TABLE `phpbb_oauth_accounts` DISABLE KEYS */;
/*!40000 ALTER TABLE `phpbb_oauth_accounts` ENABLE KEYS */;


-- Dumping structure for table int_ita_db.phpbb_oauth_tokens
DROP TABLE IF EXISTS `phpbb_oauth_tokens`;
CREATE TABLE IF NOT EXISTS `phpbb_oauth_tokens` (
  `user_id` mediumint(8) unsigned NOT NULL DEFAULT '0',
  `session_id` char(32) COLLATE utf8_bin NOT NULL DEFAULT '',
  `provider` varchar(255) COLLATE utf8_bin NOT NULL DEFAULT '',
  `oauth_token` mediumtext COLLATE utf8_bin NOT NULL,
  KEY `user_id` (`user_id`),
  KEY `provider` (`provider`)
) ENGINE=InnoDB DEFAULT CHARSET=utf8 COLLATE=utf8_bin;

-- Dumping data for table int_ita_db.phpbb_oauth_tokens: ~0 rows (approximately)
/*!40000 ALTER TABLE `phpbb_oauth_tokens` DISABLE KEYS */;
/*!40000 ALTER TABLE `phpbb_oauth_tokens` ENABLE KEYS */;


-- Dumping structure for table int_ita_db.phpbb_poll_options
DROP TABLE IF EXISTS `phpbb_poll_options`;
CREATE TABLE IF NOT EXISTS `phpbb_poll_options` (
  `poll_option_id` tinyint(4) NOT NULL DEFAULT '0',
  `topic_id` mediumint(8) unsigned NOT NULL DEFAULT '0',
  `poll_option_text` text COLLATE utf8_bin NOT NULL,
  `poll_option_total` mediumint(8) unsigned NOT NULL DEFAULT '0',
  KEY `poll_opt_id` (`poll_option_id`),
  KEY `topic_id` (`topic_id`)
) ENGINE=InnoDB DEFAULT CHARSET=utf8 COLLATE=utf8_bin;

-- Dumping data for table int_ita_db.phpbb_poll_options: ~2 rows (approximately)
/*!40000 ALTER TABLE `phpbb_poll_options` DISABLE KEYS */;
INSERT INTO `phpbb_poll_options` (`poll_option_id`, `topic_id`, `poll_option_text`, `poll_option_total`) VALUES
	(1, 15, '1. Динамо', 1),
	(2, 15, '2. Шахтер', 0);
/*!40000 ALTER TABLE `phpbb_poll_options` ENABLE KEYS */;


-- Dumping structure for table int_ita_db.phpbb_poll_votes
DROP TABLE IF EXISTS `phpbb_poll_votes`;
CREATE TABLE IF NOT EXISTS `phpbb_poll_votes` (
  `topic_id` mediumint(8) unsigned NOT NULL DEFAULT '0',
  `poll_option_id` tinyint(4) NOT NULL DEFAULT '0',
  `vote_user_id` mediumint(8) unsigned NOT NULL DEFAULT '0',
  `vote_user_ip` varchar(40) COLLATE utf8_bin NOT NULL DEFAULT '',
  KEY `topic_id` (`topic_id`),
  KEY `vote_user_id` (`vote_user_id`),
  KEY `vote_user_ip` (`vote_user_ip`)
) ENGINE=InnoDB DEFAULT CHARSET=utf8 COLLATE=utf8_bin;

-- Dumping data for table int_ita_db.phpbb_poll_votes: ~1 rows (approximately)
/*!40000 ALTER TABLE `phpbb_poll_votes` DISABLE KEYS */;
INSERT INTO `phpbb_poll_votes` (`topic_id`, `poll_option_id`, `vote_user_id`, `vote_user_ip`) VALUES
	(15, 1, 54, '81.30.164.98');
/*!40000 ALTER TABLE `phpbb_poll_votes` ENABLE KEYS */;


-- Dumping structure for table int_ita_db.phpbb_posts
DROP TABLE IF EXISTS `phpbb_posts`;
CREATE TABLE IF NOT EXISTS `phpbb_posts` (
  `post_id` mediumint(8) unsigned NOT NULL AUTO_INCREMENT,
  `topic_id` mediumint(8) unsigned NOT NULL DEFAULT '0',
  `forum_id` mediumint(8) unsigned NOT NULL DEFAULT '0',
  `poster_id` mediumint(8) unsigned NOT NULL DEFAULT '0',
  `icon_id` mediumint(8) unsigned NOT NULL DEFAULT '0',
  `poster_ip` varchar(40) COLLATE utf8_bin NOT NULL DEFAULT '',
  `post_time` int(11) unsigned NOT NULL DEFAULT '0',
  `post_reported` tinyint(1) unsigned NOT NULL DEFAULT '0',
  `enable_bbcode` tinyint(1) unsigned NOT NULL DEFAULT '1',
  `enable_smilies` tinyint(1) unsigned NOT NULL DEFAULT '1',
  `enable_magic_url` tinyint(1) unsigned NOT NULL DEFAULT '1',
  `enable_sig` tinyint(1) unsigned NOT NULL DEFAULT '1',
  `post_username` varchar(255) COLLATE utf8_bin NOT NULL DEFAULT '',
  `post_subject` varchar(255) CHARACTER SET utf8 COLLATE utf8_unicode_ci NOT NULL DEFAULT '',
  `post_text` mediumtext COLLATE utf8_bin NOT NULL,
  `post_checksum` varchar(32) COLLATE utf8_bin NOT NULL DEFAULT '',
  `post_attachment` tinyint(1) unsigned NOT NULL DEFAULT '0',
  `bbcode_bitfield` varchar(255) COLLATE utf8_bin NOT NULL DEFAULT '',
  `bbcode_uid` varchar(8) COLLATE utf8_bin NOT NULL DEFAULT '',
  `post_postcount` tinyint(1) unsigned NOT NULL DEFAULT '1',
  `post_edit_time` int(11) unsigned NOT NULL DEFAULT '0',
  `post_edit_reason` varchar(255) COLLATE utf8_bin NOT NULL DEFAULT '',
  `post_edit_user` mediumint(8) unsigned NOT NULL DEFAULT '0',
  `post_edit_count` smallint(4) unsigned NOT NULL DEFAULT '0',
  `post_edit_locked` tinyint(1) unsigned NOT NULL DEFAULT '0',
  `post_visibility` tinyint(3) NOT NULL DEFAULT '0',
  `post_delete_time` int(11) unsigned NOT NULL DEFAULT '0',
  `post_delete_reason` varchar(255) COLLATE utf8_bin NOT NULL DEFAULT '',
  `post_delete_user` mediumint(8) unsigned NOT NULL DEFAULT '0',
  PRIMARY KEY (`post_id`),
  KEY `forum_id` (`forum_id`),
  KEY `topic_id` (`topic_id`),
  KEY `poster_ip` (`poster_ip`),
  KEY `poster_id` (`poster_id`),
  KEY `tid_post_time` (`topic_id`,`post_time`),
  KEY `post_username` (`post_username`),
  KEY `post_visibility` (`post_visibility`)
) ENGINE=InnoDB AUTO_INCREMENT=34 DEFAULT CHARSET=utf8 COLLATE=utf8_bin;

-- Dumping data for table int_ita_db.phpbb_posts: ~29 rows (approximately)
/*!40000 ALTER TABLE `phpbb_posts` DISABLE KEYS */;
INSERT INTO `phpbb_posts` (`post_id`, `topic_id`, `forum_id`, `poster_id`, `icon_id`, `poster_ip`, `post_time`, `post_reported`, `enable_bbcode`, `enable_smilies`, `enable_magic_url`, `enable_sig`, `post_username`, `post_subject`, `post_text`, `post_checksum`, `post_attachment`, `bbcode_bitfield`, `bbcode_uid`, `post_postcount`, `post_edit_time`, `post_edit_reason`, `post_edit_user`, `post_edit_count`, `post_edit_locked`, `post_visibility`, `post_delete_time`, `post_delete_reason`, `post_delete_user`) VALUES
	(5, 4, 16, 2, 0, '81.30.164.98', 1437053884, 0, 1, 1, 1, 1, '', 'Змінні та типи даних в PHP', 'Обговорення заняття &quot;Змінні та типи даних в PHP&quot;', '2be39cb02525d1caaab1a88ebcb9458b', 0, '', '3i5zo1rl', 1, 0, '', 0, 0, 0, 1, 0, '', 0),
	(6, 5, 16, 2, 0, '81.30.164.98', 1437053934, 0, 1, 1, 1, 1, '', 'Основи синтаксису', 'Обговорення заняття &quot;Основи синтаксису&quot;', '75aa5869f087c1ddf6f0a54cb6341a76', 0, '', 'l2ww0863', 1, 0, '', 0, 0, 0, 1, 0, '', 0),
	(7, 6, 16, 2, 0, '81.30.164.98', 1437053968, 0, 1, 1, 1, 1, '', 'Обробка запитів з допомогою PHP', 'Обговорення заняття &quot;Обробка запитів з допомогою PHP&quot;', '091a96ff55a24aaa2a022020e2e4538f', 0, '', '3s6bmpnq', 1, 0, '', 0, 0, 0, 1, 0, '', 0),
	(8, 4, 16, 51, 0, '81.30.164.98', 1437054093, 0, 1, 1, 1, 1, '', 'Re: Змінні та типи даних в PHP', 'Змінні змінюються, а типи даних типові', 'bbdcb004785fecdd423dda8ddfe6328c', 0, '', '2l451cjg', 1, 0, '', 0, 0, 0, 1, 0, '', 0),
	(9, 4, 16, 40, 0, '81.30.164.98', 1437054417, 0, 1, 1, 1, 1, '', 'Re: Змінні та типи даних в PHP', '[quote=&quot;Student 1 &quot;:29rz82h6]Змінні змінюються, а типи даних типові[/quote:29rz82h6]\nДуже дотепно...', 'a2423356e1a66f9a2076ccc21a5c9182', 0, 'gA==', '29rz82h6', 1, 0, '', 0, 0, 0, 1, 0, '', 0),
	(10, 7, 16, 40, 0, '81.30.164.98', 1437054945, 0, 1, 1, 1, 1, '', '784', 'jhbhb', '0c7ecd59838f6f5cce5c580816ff1e09', 0, '', '3rmxb4fy', 1, 0, '', 0, 0, 0, 1, 0, '', 0),
	(11, 5, 16, 2, 0, '81.30.164.98', 1437055279, 0, 1, 1, 1, 1, '', 'Re: Основи синтаксису', 'Мається на увазі синтаксис PHP', 'cbc21ad778130402bd5a4371a9381dfe', 0, '', 'dpwzvtk0', 1, 0, '', 0, 0, 0, 1, 0, '', 0),
	(12, 8, 15, 22, 0, '178.92.66.110', 1437125835, 0, 1, 1, 1, 1, '', 'Нова тема', 'Нова тема Нова тема Нова тема Нова тема Нова тема Нова тема <!-- s:) --><img src="{SMILIES_PATH}/icon_e_smile.gif" alt=":)" title="Посмішка" /><!-- s:) -->', 'd16266dec3dcf14fb23e1fe7714f470a', 0, 'Aw==', '1tttosjo', 1, 0, '', 0, 0, 0, 1, 0, '', 0),
	(13, 4, 16, 22, 0, '178.94.36.25', 1437166114, 0, 1, 1, 1, 1, '', 'Re: Змінні та типи даних в PHP', 'ребететптпааопрыврпьап\n[b:1yjudgep][u:1yjudgep]амтавлопра[/u:1yjudgep][/b:1yjudgep]', '5048d166c37885cec52a087d911dea91', 0, 'QQ==', '1yjudgep', 1, 0, '', 0, 0, 0, 1, 0, '', 0),
	(14, 4, 16, 22, 0, '178.94.36.25', 1437166713, 0, 1, 1, 1, 1, '', 'Re: Змінні та типи даних в PHP', 'итьтьбь бтьбьтьбтстит', '72ac05d63003aa93ac7892ec0651c12b', 0, '', 'px545m96', 1, 0, '', 0, 0, 0, 1, 0, '', 0),
	(15, 9, 34, 40, 0, '81.30.164.98', 1437203534, 0, 1, 1, 1, 1, '', 'Тема Тема', 'бази даних (частина 1)', '67721082f32d58a78439491292e48f95', 0, '', '3gh3trn0', 1, 0, '', 0, 0, 0, 1, 0, '', 0),
	(16, 9, 34, 40, 0, '81.30.164.98', 1437203610, 0, 1, 1, 1, 1, '', 'Re: Тема Тема', 'оллорло', '566a9f75fdff3d0053c9b68dfd1e5750', 0, '', '3cgrgldu', 1, 0, '', 0, 0, 0, 1, 0, '', 0),
	(17, 10, 35, 40, 0, '81.30.164.98', 1437203686, 0, 1, 1, 1, 1, '', 'Тема 2', 'апаорпаврпалврпл\nвоарвлрааларплап\nваороарллварварпа\nывораларлалпрапр\nыравларавларвлав\nырлрлырпапарпаа\nылвраварварвааов\nывраварвававваор\nворварварварвалр\nваварвоарвоарвав', '532824da0fc562dd231852bb2958fad1', 0, '', '185wbypb', 1, 0, '', 0, 0, 0, 1, 0, '', 0),
	(18, 10, 35, 40, 0, '81.30.164.98', 1437203752, 0, 1, 1, 1, 1, '', '', 'вапвапавпа\nвавравраврал', '0efec0579dfde51d145c213fc290ef1d', 0, '', '19ogidkc', 1, 0, '', 0, 0, 0, 1, 0, '', 0),
	(19, 11, 35, 40, 0, '81.30.164.98', 1437203781, 0, 1, 1, 1, 1, '', 'Тема 3', 'апапавп', 'b1c208493b83667e7e3e147897fbdf17', 0, '', '2rafv5qz', 1, 0, '', 0, 0, 0, 1, 0, '', 0),
	(20, 12, 35, 40, 0, '81.30.164.98', 1437203808, 0, 1, 1, 1, 1, '', 'Тема 4', 'авав', '5ee5c0c049101d073fd016c0e0055c9c', 0, '', 'i095sbk0', 1, 0, '', 0, 0, 0, 1, 0, '', 0),
	(21, 13, 35, 40, 0, '81.30.164.98', 1437203836, 0, 1, 1, 1, 1, '', 'Тема 5', 'ролплол', 'bf0648dfb1c0d26774170067c1339067', 0, '', '1v3o8emw', 1, 0, '', 0, 0, 0, 1, 0, '', 0),
	(22, 14, 35, 40, 0, '81.30.164.98', 1437203856, 0, 1, 1, 1, 1, '', 'тема 6', 'апапва', '2916be4695d93bdb648b2840d87d8c33', 0, '', '26d90h3x', 1, 0, '', 0, 0, 0, 1, 0, '', 0),
	(23, 15, 35, 40, 0, '81.30.164.98', 1437204004, 0, 1, 1, 1, 1, '', 'тема 7', 'тема7', 'b365dc48c1c291f2f9554d4a2f5b7ff9', 0, '', 'v0nuql9m', 1, 0, '', 0, 0, 0, 1, 0, '', 0),
	(24, 6, 16, 40, 0, '81.30.164.98', 1437219397, 0, 1, 1, 1, 1, '', 'Re: Обробка запитів з допомогою PHP', 'dghyrturyjfyhjfnhjh', '2a42b256cdf1467746177c380f02a9e4', 0, '', '1oauph5i', 1, 0, '', 0, 0, 0, 1, 0, '', 0),
	(25, 5, 16, 22, 0, '81.30.164.98', 1437220140, 0, 1, 1, 1, 1, '', 'Re: Основи синтаксису', '[quote=&quot;intita&quot;:3c33cwdc]Мається на увазі синтаксис PHP[/quote:3c33cwdc]\nДякую, кеп!', 'b01924ba6692ee146c3f5039461f3276', 0, 'gA==', '3c33cwdc', 1, 0, '', 0, 0, 0, 1, 0, '', 0),
	(26, 5, 16, 38, 0, '81.30.164.98', 1437220304, 0, 1, 1, 1, 1, '', 'Re: Основи синтаксису', '[quote=&quot;intita&quot;:t0l6jgja]Мається на увазі синтаксис PHP[/quote:t0l6jgja]\nndsdafhgdsf\nfjdsfgdshfgds', 'f12f2d8fbb7d639b1d55f61bf7048f20', 0, 'gA==', 't0l6jgja', 1, 0, '', 0, 0, 0, 1, 0, '', 0),
	(27, 5, 16, 45, 0, '81.30.164.98', 1437389655, 0, 1, 1, 1, 1, '', 'Re: Основи синтаксису', 'добре', 'bd324daa894d5317a64ab73f376e65dc', 0, '', '2dlujva1', 1, 0, '', 0, 0, 0, 1, 0, '', 0),
	(28, 6, 16, 45, 0, '81.30.164.98', 1437389787, 0, 1, 1, 1, 1, '', 'Re: Обробка запитів з допомогою PHP', 'добре', 'bd324daa894d5317a64ab73f376e65dc', 0, '', 'ea4liott', 1, 0, '', 0, 0, 0, 1, 0, '', 0),
	(29, 16, 36, 121, 0, '94.179.33.38', 1437554649, 0, 1, 1, 1, 1, '', 'иьмтьитьиь', 'сьтмьтбьбт бт', 'e5bae6257463743eac9293cfd2d8f1e7', 0, '', 'hvtacvqr', 1, 0, '', 0, 0, 0, 1, 0, '', 0),
	(30, 16, 36, 38, 0, '80.91.174.90', 1437732959, 0, 1, 1, 1, 1, '', 'Re: иьмтьитьиь', 'asdfgdsfnhgqqqqqqqqqqqqqqqqqqqqqqqqqqqqq', '739d72a94660d6e744c799d539159f38', 0, '', '2s49ns92', 1, 0, '', 0, 0, 0, 1, 0, '', 0),
	(31, 4, 16, 125, 0, '81.30.164.98', 1438014402, 0, 1, 1, 1, 1, '', 'Re: Змінні та типи даних в PHP', 'З нами з 27.07', 'd6d2bcc162ebbd971137e258799fba7a', 0, '', '1he5ee1d', 1, 0, '', 0, 0, 0, 1, 0, '', 0),
	(32, 6, 16, 54, 0, '81.30.164.98', 1438016568, 0, 1, 1, 1, 1, '', 'Re: Обробка запитів з допомогою PHP', 'Яких запитів? GET та РОST?', 'b2bf557e6e2ff54b9a71c282e50bfab1', 0, '', 'qicwrg2w', 1, 0, '', 0, 0, 0, 1, 0, '', 0),
	(33, 17, 29, 39, 0, '178.94.43.154', 1438089493, 0, 1, 1, 1, 1, '', 'аочропр', 'ьитьитьсиьит', 'fd64da38874cb7db2fdf7648b97c7b60', 0, '', '1s2j12tz', 1, 0, '', 0, 0, 0, 1, 0, '', 0);
/*!40000 ALTER TABLE `phpbb_posts` ENABLE KEYS */;


-- Dumping structure for table int_ita_db.phpbb_privmsgs
DROP TABLE IF EXISTS `phpbb_privmsgs`;
CREATE TABLE IF NOT EXISTS `phpbb_privmsgs` (
  `msg_id` mediumint(8) unsigned NOT NULL AUTO_INCREMENT,
  `root_level` mediumint(8) unsigned NOT NULL DEFAULT '0',
  `author_id` mediumint(8) unsigned NOT NULL DEFAULT '0',
  `icon_id` mediumint(8) unsigned NOT NULL DEFAULT '0',
  `author_ip` varchar(40) COLLATE utf8_bin NOT NULL DEFAULT '',
  `message_time` int(11) unsigned NOT NULL DEFAULT '0',
  `enable_bbcode` tinyint(1) unsigned NOT NULL DEFAULT '1',
  `enable_smilies` tinyint(1) unsigned NOT NULL DEFAULT '1',
  `enable_magic_url` tinyint(1) unsigned NOT NULL DEFAULT '1',
  `enable_sig` tinyint(1) unsigned NOT NULL DEFAULT '1',
  `message_subject` varchar(255) COLLATE utf8_bin NOT NULL DEFAULT '',
  `message_text` mediumtext COLLATE utf8_bin NOT NULL,
  `message_edit_reason` varchar(255) COLLATE utf8_bin NOT NULL DEFAULT '',
  `message_edit_user` mediumint(8) unsigned NOT NULL DEFAULT '0',
  `message_attachment` tinyint(1) unsigned NOT NULL DEFAULT '0',
  `bbcode_bitfield` varchar(255) COLLATE utf8_bin NOT NULL DEFAULT '',
  `bbcode_uid` varchar(8) COLLATE utf8_bin NOT NULL DEFAULT '',
  `message_edit_time` int(11) unsigned NOT NULL DEFAULT '0',
  `message_edit_count` smallint(4) unsigned NOT NULL DEFAULT '0',
  `to_address` text COLLATE utf8_bin NOT NULL,
  `bcc_address` text COLLATE utf8_bin NOT NULL,
  `message_reported` tinyint(1) unsigned NOT NULL DEFAULT '0',
  PRIMARY KEY (`msg_id`),
  KEY `author_ip` (`author_ip`),
  KEY `message_time` (`message_time`),
  KEY `author_id` (`author_id`),
  KEY `root_level` (`root_level`)
) ENGINE=InnoDB AUTO_INCREMENT=2 DEFAULT CHARSET=utf8 COLLATE=utf8_bin;

-- Dumping data for table int_ita_db.phpbb_privmsgs: ~1 rows (approximately)
/*!40000 ALTER TABLE `phpbb_privmsgs` DISABLE KEYS */;
INSERT INTO `phpbb_privmsgs` (`msg_id`, `root_level`, `author_id`, `icon_id`, `author_ip`, `message_time`, `enable_bbcode`, `enable_smilies`, `enable_magic_url`, `enable_sig`, `message_subject`, `message_text`, `message_edit_reason`, `message_edit_user`, `message_attachment`, `bbcode_bitfield`, `bbcode_uid`, `message_edit_time`, `message_edit_count`, `to_address`, `bcc_address`, `message_reported`) VALUES
	(1, 0, 129, 5, '94.179.84.150', 1438247796, 1, 1, 1, 1, 'cgbbcmvbmvn,!', 'jhghkgkgj', '', 0, 0, '', '3tpamifi', 0, 0, 'u_129:u_121', '', 0);
/*!40000 ALTER TABLE `phpbb_privmsgs` ENABLE KEYS */;


-- Dumping structure for table int_ita_db.phpbb_privmsgs_folder
DROP TABLE IF EXISTS `phpbb_privmsgs_folder`;
CREATE TABLE IF NOT EXISTS `phpbb_privmsgs_folder` (
  `folder_id` mediumint(8) unsigned NOT NULL AUTO_INCREMENT,
  `user_id` mediumint(8) unsigned NOT NULL DEFAULT '0',
  `folder_name` varchar(255) COLLATE utf8_bin NOT NULL DEFAULT '',
  `pm_count` mediumint(8) unsigned NOT NULL DEFAULT '0',
  PRIMARY KEY (`folder_id`),
  KEY `user_id` (`user_id`)
) ENGINE=InnoDB DEFAULT CHARSET=utf8 COLLATE=utf8_bin;

-- Dumping data for table int_ita_db.phpbb_privmsgs_folder: ~0 rows (approximately)
/*!40000 ALTER TABLE `phpbb_privmsgs_folder` DISABLE KEYS */;
/*!40000 ALTER TABLE `phpbb_privmsgs_folder` ENABLE KEYS */;


-- Dumping structure for table int_ita_db.phpbb_privmsgs_rules
DROP TABLE IF EXISTS `phpbb_privmsgs_rules`;
CREATE TABLE IF NOT EXISTS `phpbb_privmsgs_rules` (
  `rule_id` mediumint(8) unsigned NOT NULL AUTO_INCREMENT,
  `user_id` mediumint(8) unsigned NOT NULL DEFAULT '0',
  `rule_check` mediumint(8) unsigned NOT NULL DEFAULT '0',
  `rule_connection` mediumint(8) unsigned NOT NULL DEFAULT '0',
  `rule_string` varchar(255) COLLATE utf8_bin NOT NULL DEFAULT '',
  `rule_user_id` mediumint(8) unsigned NOT NULL DEFAULT '0',
  `rule_group_id` mediumint(8) unsigned NOT NULL DEFAULT '0',
  `rule_action` mediumint(8) unsigned NOT NULL DEFAULT '0',
  `rule_folder_id` int(11) NOT NULL DEFAULT '0',
  PRIMARY KEY (`rule_id`),
  KEY `user_id` (`user_id`)
) ENGINE=InnoDB DEFAULT CHARSET=utf8 COLLATE=utf8_bin;

-- Dumping data for table int_ita_db.phpbb_privmsgs_rules: ~0 rows (approximately)
/*!40000 ALTER TABLE `phpbb_privmsgs_rules` DISABLE KEYS */;
/*!40000 ALTER TABLE `phpbb_privmsgs_rules` ENABLE KEYS */;


-- Dumping structure for table int_ita_db.phpbb_privmsgs_to
DROP TABLE IF EXISTS `phpbb_privmsgs_to`;
CREATE TABLE IF NOT EXISTS `phpbb_privmsgs_to` (
  `msg_id` mediumint(8) unsigned NOT NULL DEFAULT '0',
  `user_id` mediumint(8) unsigned NOT NULL DEFAULT '0',
  `author_id` mediumint(8) unsigned NOT NULL DEFAULT '0',
  `pm_deleted` tinyint(1) unsigned NOT NULL DEFAULT '0',
  `pm_new` tinyint(1) unsigned NOT NULL DEFAULT '1',
  `pm_unread` tinyint(1) unsigned NOT NULL DEFAULT '1',
  `pm_replied` tinyint(1) unsigned NOT NULL DEFAULT '0',
  `pm_marked` tinyint(1) unsigned NOT NULL DEFAULT '0',
  `pm_forwarded` tinyint(1) unsigned NOT NULL DEFAULT '0',
  `folder_id` int(11) NOT NULL DEFAULT '0',
  KEY `msg_id` (`msg_id`),
  KEY `author_id` (`author_id`),
  KEY `usr_flder_id` (`user_id`,`folder_id`)
) ENGINE=InnoDB DEFAULT CHARSET=utf8 COLLATE=utf8_bin;

-- Dumping data for table int_ita_db.phpbb_privmsgs_to: ~3 rows (approximately)
/*!40000 ALTER TABLE `phpbb_privmsgs_to` DISABLE KEYS */;
INSERT INTO `phpbb_privmsgs_to` (`msg_id`, `user_id`, `author_id`, `pm_deleted`, `pm_new`, `pm_unread`, `pm_replied`, `pm_marked`, `pm_forwarded`, `folder_id`) VALUES
	(1, 129, 129, 0, 0, 0, 0, 0, 0, 0),
	(1, 121, 129, 0, 1, 1, 0, 0, 0, -3),
	(1, 129, 129, 0, 0, 0, 0, 0, 0, -1);
/*!40000 ALTER TABLE `phpbb_privmsgs_to` ENABLE KEYS */;


-- Dumping structure for table int_ita_db.phpbb_profile_fields
DROP TABLE IF EXISTS `phpbb_profile_fields`;
CREATE TABLE IF NOT EXISTS `phpbb_profile_fields` (
  `field_id` mediumint(8) unsigned NOT NULL AUTO_INCREMENT,
  `field_name` varchar(255) COLLATE utf8_bin NOT NULL DEFAULT '',
  `field_type` varchar(100) COLLATE utf8_bin NOT NULL DEFAULT '',
  `field_ident` varchar(20) COLLATE utf8_bin NOT NULL DEFAULT '',
  `field_length` varchar(20) COLLATE utf8_bin NOT NULL DEFAULT '',
  `field_minlen` varchar(255) COLLATE utf8_bin NOT NULL DEFAULT '',
  `field_maxlen` varchar(255) COLLATE utf8_bin NOT NULL DEFAULT '',
  `field_novalue` varchar(255) COLLATE utf8_bin NOT NULL DEFAULT '',
  `field_default_value` varchar(255) COLLATE utf8_bin NOT NULL DEFAULT '',
  `field_validation` varchar(64) COLLATE utf8_bin NOT NULL DEFAULT '',
  `field_required` tinyint(1) unsigned NOT NULL DEFAULT '0',
  `field_show_on_reg` tinyint(1) unsigned NOT NULL DEFAULT '0',
  `field_hide` tinyint(1) unsigned NOT NULL DEFAULT '0',
  `field_no_view` tinyint(1) unsigned NOT NULL DEFAULT '0',
  `field_active` tinyint(1) unsigned NOT NULL DEFAULT '0',
  `field_order` mediumint(8) unsigned NOT NULL DEFAULT '0',
  `field_show_profile` tinyint(1) unsigned NOT NULL DEFAULT '0',
  `field_show_on_vt` tinyint(1) unsigned NOT NULL DEFAULT '0',
  `field_show_novalue` tinyint(1) unsigned NOT NULL DEFAULT '0',
  `field_show_on_pm` tinyint(1) unsigned NOT NULL DEFAULT '0',
  `field_show_on_ml` tinyint(1) unsigned NOT NULL DEFAULT '0',
  `field_is_contact` tinyint(1) unsigned NOT NULL DEFAULT '0',
  `field_contact_desc` varchar(255) COLLATE utf8_bin NOT NULL DEFAULT '',
  `field_contact_url` varchar(255) COLLATE utf8_bin NOT NULL DEFAULT '',
  PRIMARY KEY (`field_id`),
  KEY `fld_type` (`field_type`),
  KEY `fld_ordr` (`field_order`)
) ENGINE=InnoDB AUTO_INCREMENT=14 DEFAULT CHARSET=utf8 COLLATE=utf8_bin;

-- Dumping data for table int_ita_db.phpbb_profile_fields: ~13 rows (approximately)
/*!40000 ALTER TABLE `phpbb_profile_fields` DISABLE KEYS */;
INSERT INTO `phpbb_profile_fields` (`field_id`, `field_name`, `field_type`, `field_ident`, `field_length`, `field_minlen`, `field_maxlen`, `field_novalue`, `field_default_value`, `field_validation`, `field_required`, `field_show_on_reg`, `field_hide`, `field_no_view`, `field_active`, `field_order`, `field_show_profile`, `field_show_on_vt`, `field_show_novalue`, `field_show_on_pm`, `field_show_on_ml`, `field_is_contact`, `field_contact_desc`, `field_contact_url`) VALUES
	(1, 'phpbb_location', 'profilefields.type.string', 'phpbb_location', '20', '2', '100', '', '', '.*', 0, 0, 0, 0, 1, 1, 1, 1, 0, 1, 1, 0, '', ''),
	(2, 'phpbb_website', 'profilefields.type.url', 'phpbb_website', '40', '12', '255', '', '', '', 0, 0, 0, 0, 1, 2, 1, 1, 0, 1, 1, 1, 'VISIT_WEBSITE', '%s'),
	(3, 'phpbb_interests', 'profilefields.type.text', 'phpbb_interests', '3|30', '2', '500', '', '', '.*', 0, 0, 0, 0, 0, 3, 1, 0, 0, 0, 0, 0, '', ''),
	(4, 'phpbb_occupation', 'profilefields.type.text', 'phpbb_occupation', '3|30', '2', '500', '', '', '.*', 0, 0, 0, 0, 0, 4, 1, 0, 0, 0, 0, 0, '', ''),
	(5, 'phpbb_aol', 'profilefields.type.string', 'phpbb_aol', '40', '5', '255', '', '', '.*', 0, 0, 0, 0, 0, 5, 1, 1, 0, 1, 1, 1, '', ''),
	(6, 'phpbb_icq', 'profilefields.type.string', 'phpbb_icq', '20', '3', '15', '', '', '[0-9]+', 0, 0, 0, 0, 0, 6, 1, 1, 0, 1, 1, 1, 'SEND_ICQ_MESSAGE', 'https://www.icq.com/people/%s/'),
	(7, 'phpbb_wlm', 'profilefields.type.string', 'phpbb_wlm', '40', '5', '255', '', '', '.*', 0, 0, 0, 0, 0, 7, 1, 1, 0, 1, 1, 1, '', ''),
	(8, 'phpbb_yahoo', 'profilefields.type.string', 'phpbb_yahoo', '40', '5', '255', '', '', '.*', 0, 0, 0, 0, 0, 8, 1, 1, 0, 1, 1, 1, 'SEND_YIM_MESSAGE', 'ymsgr:sendim?%s'),
	(9, 'phpbb_facebook', 'profilefields.type.string', 'phpbb_facebook', '20', '5', '50', '', '', '[\\w.]+', 0, 0, 0, 0, 1, 9, 1, 1, 0, 1, 1, 1, 'VIEW_FACEBOOK_PROFILE', 'http://facebook.com/%s/'),
	(10, 'phpbb_twitter', 'profilefields.type.string', 'phpbb_twitter', '20', '1', '15', '', '', '[\\w_]+', 0, 0, 0, 0, 1, 10, 1, 1, 0, 1, 1, 1, 'VIEW_TWITTER_PROFILE', 'http://twitter.com/%s'),
	(11, 'phpbb_skype', 'profilefields.type.string', 'phpbb_skype', '20', '6', '32', '', '', '[a-zA-Z][\\w\\.,\\-_]+', 0, 0, 0, 0, 1, 11, 1, 1, 0, 1, 1, 1, 'VIEW_SKYPE_PROFILE', 'skype:%s?userinfo'),
	(12, 'phpbb_youtube', 'profilefields.type.string', 'phpbb_youtube', '20', '3', '60', '', '', '[a-zA-Z][\\w\\.,\\-_]+', 0, 0, 0, 0, 1, 12, 1, 1, 0, 1, 1, 1, 'VIEW_YOUTUBE_CHANNEL', 'http://youtube.com/user/%s'),
	(13, 'phpbb_googleplus', 'profilefields.type.googleplus', 'phpbb_googleplus', '20', '3', '255', '', '', '[\\w]+', 0, 0, 0, 0, 1, 13, 1, 1, 0, 1, 1, 1, 'VIEW_GOOGLEPLUS_PROFILE', 'http://plus.google.com/%s');
/*!40000 ALTER TABLE `phpbb_profile_fields` ENABLE KEYS */;


-- Dumping structure for table int_ita_db.phpbb_profile_fields_data
DROP TABLE IF EXISTS `phpbb_profile_fields_data`;
CREATE TABLE IF NOT EXISTS `phpbb_profile_fields_data` (
  `user_id` mediumint(8) unsigned NOT NULL DEFAULT '0',
  `pf_phpbb_interests` mediumtext COLLATE utf8_bin NOT NULL,
  `pf_phpbb_occupation` mediumtext COLLATE utf8_bin NOT NULL,
  `pf_phpbb_facebook` varchar(255) COLLATE utf8_bin NOT NULL DEFAULT '',
  `pf_phpbb_googleplus` varchar(255) COLLATE utf8_bin NOT NULL DEFAULT '',
  `pf_phpbb_icq` varchar(255) COLLATE utf8_bin NOT NULL DEFAULT '',
  `pf_phpbb_location` varchar(255) COLLATE utf8_bin NOT NULL DEFAULT '',
  `pf_phpbb_skype` varchar(255) COLLATE utf8_bin NOT NULL DEFAULT '',
  `pf_phpbb_twitter` varchar(255) COLLATE utf8_bin NOT NULL DEFAULT '',
  `pf_phpbb_website` varchar(255) COLLATE utf8_bin NOT NULL DEFAULT '',
  `pf_phpbb_wlm` varchar(255) COLLATE utf8_bin NOT NULL DEFAULT '',
  `pf_phpbb_yahoo` varchar(255) COLLATE utf8_bin NOT NULL DEFAULT '',
  `pf_phpbb_youtube` varchar(255) COLLATE utf8_bin NOT NULL DEFAULT '',
  `pf_phpbb_aol` varchar(255) COLLATE utf8_bin NOT NULL DEFAULT '',
  PRIMARY KEY (`user_id`)
) ENGINE=InnoDB DEFAULT CHARSET=utf8 COLLATE=utf8_bin;

-- Dumping data for table int_ita_db.phpbb_profile_fields_data: ~0 rows (approximately)
/*!40000 ALTER TABLE `phpbb_profile_fields_data` DISABLE KEYS */;
/*!40000 ALTER TABLE `phpbb_profile_fields_data` ENABLE KEYS */;


-- Dumping structure for table int_ita_db.phpbb_profile_fields_lang
DROP TABLE IF EXISTS `phpbb_profile_fields_lang`;
CREATE TABLE IF NOT EXISTS `phpbb_profile_fields_lang` (
  `field_id` mediumint(8) unsigned NOT NULL DEFAULT '0',
  `lang_id` mediumint(8) unsigned NOT NULL DEFAULT '0',
  `option_id` mediumint(8) unsigned NOT NULL DEFAULT '0',
  `field_type` varchar(100) COLLATE utf8_bin NOT NULL DEFAULT '',
  `lang_value` varchar(255) COLLATE utf8_bin NOT NULL DEFAULT '',
  PRIMARY KEY (`field_id`,`lang_id`,`option_id`)
) ENGINE=InnoDB DEFAULT CHARSET=utf8 COLLATE=utf8_bin;

-- Dumping data for table int_ita_db.phpbb_profile_fields_lang: ~0 rows (approximately)
/*!40000 ALTER TABLE `phpbb_profile_fields_lang` DISABLE KEYS */;
/*!40000 ALTER TABLE `phpbb_profile_fields_lang` ENABLE KEYS */;


-- Dumping structure for table int_ita_db.phpbb_profile_lang
DROP TABLE IF EXISTS `phpbb_profile_lang`;
CREATE TABLE IF NOT EXISTS `phpbb_profile_lang` (
  `field_id` mediumint(8) unsigned NOT NULL DEFAULT '0',
  `lang_id` mediumint(8) unsigned NOT NULL DEFAULT '0',
  `lang_name` varchar(255) COLLATE utf8_bin NOT NULL DEFAULT '',
  `lang_explain` text COLLATE utf8_bin NOT NULL,
  `lang_default_value` varchar(255) COLLATE utf8_bin NOT NULL DEFAULT '',
  PRIMARY KEY (`field_id`,`lang_id`)
) ENGINE=InnoDB DEFAULT CHARSET=utf8 COLLATE=utf8_bin;

-- Dumping data for table int_ita_db.phpbb_profile_lang: ~26 rows (approximately)
/*!40000 ALTER TABLE `phpbb_profile_lang` DISABLE KEYS */;
INSERT INTO `phpbb_profile_lang` (`field_id`, `lang_id`, `lang_name`, `lang_explain`, `lang_default_value`) VALUES
	(1, 1, 'LOCATION', '', ''),
	(1, 2, 'LOCATION', '', ''),
	(2, 1, 'WEBSITE', '', ''),
	(2, 2, 'WEBSITE', '', ''),
	(3, 1, 'INTERESTS', '', ''),
	(3, 2, 'INTERESTS', '', ''),
	(4, 1, 'OCCUPATION', '', ''),
	(4, 2, 'OCCUPATION', '', ''),
	(5, 1, 'AOL', '', ''),
	(5, 2, 'AOL', '', ''),
	(6, 1, 'ICQ', '', ''),
	(6, 2, 'ICQ', '', ''),
	(7, 1, 'WLM', '', ''),
	(7, 2, 'WLM', '', ''),
	(8, 1, 'YAHOO', '', ''),
	(8, 2, 'YAHOO', '', ''),
	(9, 1, 'FACEBOOK', '', ''),
	(9, 2, 'FACEBOOK', '', ''),
	(10, 1, 'TWITTER', '', ''),
	(10, 2, 'TWITTER', '', ''),
	(11, 1, 'SKYPE', '', ''),
	(11, 2, 'SKYPE', '', ''),
	(12, 1, 'YOUTUBE', '', ''),
	(12, 2, 'YOUTUBE', '', ''),
	(13, 1, 'GOOGLEPLUS', '', ''),
	(13, 2, 'GOOGLEPLUS', '', '');
/*!40000 ALTER TABLE `phpbb_profile_lang` ENABLE KEYS */;


-- Dumping structure for table int_ita_db.phpbb_ranks
DROP TABLE IF EXISTS `phpbb_ranks`;
CREATE TABLE IF NOT EXISTS `phpbb_ranks` (
  `rank_id` mediumint(8) unsigned NOT NULL AUTO_INCREMENT,
  `rank_title` varchar(255) COLLATE utf8_bin NOT NULL DEFAULT '',
  `rank_min` mediumint(8) unsigned NOT NULL DEFAULT '0',
  `rank_special` tinyint(1) unsigned NOT NULL DEFAULT '0',
  `rank_image` varchar(255) COLLATE utf8_bin NOT NULL DEFAULT '',
  PRIMARY KEY (`rank_id`)
) ENGINE=InnoDB AUTO_INCREMENT=2 DEFAULT CHARSET=utf8 COLLATE=utf8_bin;

-- Dumping data for table int_ita_db.phpbb_ranks: ~1 rows (approximately)
/*!40000 ALTER TABLE `phpbb_ranks` DISABLE KEYS */;
INSERT INTO `phpbb_ranks` (`rank_id`, `rank_title`, `rank_min`, `rank_special`, `rank_image`) VALUES
	(1, 'Адміністратор сайту', 0, 1, '');
/*!40000 ALTER TABLE `phpbb_ranks` ENABLE KEYS */;


-- Dumping structure for table int_ita_db.phpbb_reports
DROP TABLE IF EXISTS `phpbb_reports`;
CREATE TABLE IF NOT EXISTS `phpbb_reports` (
  `report_id` mediumint(8) unsigned NOT NULL AUTO_INCREMENT,
  `reason_id` smallint(4) unsigned NOT NULL DEFAULT '0',
  `post_id` mediumint(8) unsigned NOT NULL DEFAULT '0',
  `user_id` mediumint(8) unsigned NOT NULL DEFAULT '0',
  `user_notify` tinyint(1) unsigned NOT NULL DEFAULT '0',
  `report_closed` tinyint(1) unsigned NOT NULL DEFAULT '0',
  `report_time` int(11) unsigned NOT NULL DEFAULT '0',
  `report_text` mediumtext COLLATE utf8_bin NOT NULL,
  `pm_id` mediumint(8) unsigned NOT NULL DEFAULT '0',
  `reported_post_enable_bbcode` tinyint(1) unsigned NOT NULL DEFAULT '1',
  `reported_post_enable_smilies` tinyint(1) unsigned NOT NULL DEFAULT '1',
  `reported_post_enable_magic_url` tinyint(1) unsigned NOT NULL DEFAULT '1',
  `reported_post_text` mediumtext COLLATE utf8_bin NOT NULL,
  `reported_post_uid` varchar(8) COLLATE utf8_bin NOT NULL DEFAULT '',
  `reported_post_bitfield` varchar(255) COLLATE utf8_bin NOT NULL DEFAULT '',
  PRIMARY KEY (`report_id`),
  KEY `post_id` (`post_id`),
  KEY `pm_id` (`pm_id`)
) ENGINE=InnoDB DEFAULT CHARSET=utf8 COLLATE=utf8_bin;

-- Dumping data for table int_ita_db.phpbb_reports: ~0 rows (approximately)
/*!40000 ALTER TABLE `phpbb_reports` DISABLE KEYS */;
/*!40000 ALTER TABLE `phpbb_reports` ENABLE KEYS */;


-- Dumping structure for table int_ita_db.phpbb_reports_reasons
DROP TABLE IF EXISTS `phpbb_reports_reasons`;
CREATE TABLE IF NOT EXISTS `phpbb_reports_reasons` (
  `reason_id` smallint(4) unsigned NOT NULL AUTO_INCREMENT,
  `reason_title` varchar(255) COLLATE utf8_bin NOT NULL DEFAULT '',
  `reason_description` mediumtext COLLATE utf8_bin NOT NULL,
  `reason_order` smallint(4) unsigned NOT NULL DEFAULT '0',
  PRIMARY KEY (`reason_id`)
) ENGINE=InnoDB AUTO_INCREMENT=5 DEFAULT CHARSET=utf8 COLLATE=utf8_bin;

-- Dumping data for table int_ita_db.phpbb_reports_reasons: ~4 rows (approximately)
/*!40000 ALTER TABLE `phpbb_reports_reasons` DISABLE KEYS */;
INSERT INTO `phpbb_reports_reasons` (`reason_id`, `reason_title`, `reason_description`, `reason_order`) VALUES
	(1, 'warez', 'Повідомлення містить посилання на нелегальне або піратське програмне забезпечення.', 1),
	(2, 'spam', 'Повідомлення має за мету лише рекламу вебсайту або іншого продукту.', 2),
	(3, 'off_topic', 'Повідомлення не відноситься до даної теми.', 3),
	(4, 'other', 'Причина скарги на повідомлення не підпадає під жодну з цих категорій, скористайтесь полем додаткової інформації.', 4);
/*!40000 ALTER TABLE `phpbb_reports_reasons` ENABLE KEYS */;


-- Dumping structure for table int_ita_db.phpbb_search_results
DROP TABLE IF EXISTS `phpbb_search_results`;
CREATE TABLE IF NOT EXISTS `phpbb_search_results` (
  `search_key` varchar(32) COLLATE utf8_bin NOT NULL DEFAULT '',
  `search_time` int(11) unsigned NOT NULL DEFAULT '0',
  `search_keywords` mediumtext COLLATE utf8_bin NOT NULL,
  `search_authors` mediumtext COLLATE utf8_bin NOT NULL,
  PRIMARY KEY (`search_key`)
) ENGINE=InnoDB DEFAULT CHARSET=utf8 COLLATE=utf8_bin;

-- Dumping data for table int_ita_db.phpbb_search_results: ~0 rows (approximately)
/*!40000 ALTER TABLE `phpbb_search_results` DISABLE KEYS */;
/*!40000 ALTER TABLE `phpbb_search_results` ENABLE KEYS */;


-- Dumping structure for table int_ita_db.phpbb_search_wordlist
DROP TABLE IF EXISTS `phpbb_search_wordlist`;
CREATE TABLE IF NOT EXISTS `phpbb_search_wordlist` (
  `word_id` mediumint(8) unsigned NOT NULL AUTO_INCREMENT,
  `word_text` varchar(255) COLLATE utf8_bin NOT NULL DEFAULT '',
  `word_common` tinyint(1) unsigned NOT NULL DEFAULT '0',
  `word_count` mediumint(8) unsigned NOT NULL DEFAULT '0',
  PRIMARY KEY (`word_id`),
  UNIQUE KEY `wrd_txt` (`word_text`),
  KEY `wrd_cnt` (`word_count`)
) ENGINE=InnoDB AUTO_INCREMENT=136 DEFAULT CHARSET=utf8 COLLATE=utf8_bin;

-- Dumping data for table int_ita_db.phpbb_search_wordlist: ~135 rows (approximately)
/*!40000 ALTER TABLE `phpbb_search_wordlist` DISABLE KEYS */;
INSERT INTO `phpbb_search_wordlist` (`word_id`, `word_text`, `word_common`, `word_count`) VALUES
	(1, 'приклад', 0, 1),
	(2, 'повідомлення', 0, 1),
	(3, 'вашого', 0, 1),
	(4, 'phpbb3', 0, 2),
	(5, 'форуму', 0, 1),
	(6, 'здається', 0, 1),
	(7, 'ніби', 0, 1),
	(8, 'все', 0, 1),
	(9, 'нормально', 0, 1),
	(10, 'працює', 0, 1),
	(11, 'можете', 0, 1),
	(12, 'при', 0, 1),
	(13, 'бажанні', 0, 1),
	(14, 'видалити', 0, 1),
	(15, 'продовжити', 0, 1),
	(16, 'налаштування', 0, 1),
	(17, 'процесі', 0, 1),
	(18, 'встановлення', 0, 1),
	(19, 'вашій', 0, 1),
	(20, 'першій', 0, 1),
	(21, 'категорії', 0, 1),
	(22, 'вашому', 0, 1),
	(23, 'першому', 0, 1),
	(24, 'було', 0, 1),
	(25, 'встановлено', 0, 1),
	(26, 'відповідні', 0, 1),
	(27, 'права', 0, 1),
	(28, 'доступу', 0, 1),
	(29, 'для', 0, 1),
	(30, 'передвстановлених', 0, 1),
	(31, 'груп', 0, 1),
	(32, 'адміністраторів', 0, 1),
	(33, 'ботів', 0, 1),
	(34, 'супермодераторів', 0, 1),
	(35, 'гостей', 0, 1),
	(36, 'зареєстрованих', 0, 1),
	(37, 'користувачів', 0, 1),
	(38, 'coppa', 0, 1),
	(39, 'якщо', 0, 1),
	(40, 'видалите', 0, 1),
	(41, 'вашу', 0, 1),
	(42, 'першу', 0, 1),
	(43, 'категорію', 0, 1),
	(44, 'ваш', 0, 1),
	(45, 'перший', 0, 1),
	(46, 'форум', 0, 1),
	(47, 'забудьте', 0, 1),
	(48, 'надати', 0, 1),
	(49, 'усім', 0, 1),
	(50, 'цих', 0, 1),
	(51, 'групам', 0, 1),
	(52, 'нових', 0, 1),
	(53, 'категорій', 0, 1),
	(54, 'форумів', 0, 1),
	(55, 'які', 0, 1),
	(56, 'створите', 0, 1),
	(57, 'рекомендується', 0, 1),
	(58, 'перейменувати', 0, 1),
	(59, 'скопіювати', 0, 1),
	(60, 'них', 0, 1),
	(61, 'створенні', 0, 1),
	(62, 'успіхів', 0, 1),
	(63, 'ласкаво', 0, 1),
	(64, 'просимо', 0, 1),
	(65, 'день', 0, 1),
	(66, 'пам', 0, 1),
	(67, 'яті', 0, 1),
	(68, 'примирення', 0, 1),
	(69, 'травня', 0, 1),
	(70, 'привіт1', 0, 1),
	(71, 'сьогодні', 0, 1),
	(72, 'червня', 0, 3),
	(73, '2015', 0, 1),
	(74, 'року', 0, 1),
	(75, 'обговорення', 0, 3),
	(76, 'заняття', 0, 3),
	(77, 'змінні', 0, 9),
	(78, 'типи', 0, 9),
	(79, 'даних', 0, 10),
	(80, 'php', 0, 15),
	(81, 'основи', 0, 6),
	(82, 'синтаксису', 0, 6),
	(83, 'обробка', 0, 5),
	(84, 'запитів', 0, 6),
	(85, 'допомогою', 0, 5),
	(86, 'змінюються', 0, 2),
	(87, 'типові', 0, 2),
	(88, 'дуже', 0, 1),
	(89, 'дотепно', 0, 1),
	(90, 'jhbhb', 0, 1),
	(91, '784', 0, 1),
	(92, 'мається', 0, 3),
	(93, 'увазі', 0, 3),
	(94, 'синтаксис', 0, 3),
	(95, 'нова', 0, 2),
	(96, 'тема', 0, 10),
	(97, 'ребететптпааопрыврпьап', 0, 1),
	(98, 'амтавлопра', 0, 1),
	(99, 'итьтьбь', 0, 1),
	(100, 'бтьбьтьбтстит', 0, 1),
	(101, 'бази', 0, 1),
	(102, 'частина', 0, 1),
	(103, 'оллорло', 0, 1),
	(104, 'апаорпаврпалврпл', 0, 1),
	(105, 'воарвлрааларплап', 0, 1),
	(106, 'ваороарллварварпа', 0, 1),
	(107, 'ывораларлалпрапр', 0, 1),
	(108, 'ыравларавларвлав', 0, 1),
	(109, 'ырлрлырпапарпаа', 0, 1),
	(110, 'ылвраварварвааов', 0, 1),
	(111, 'ывраварвававваор', 0, 1),
	(112, 'ворварварварвалр', 0, 1),
	(113, 'ваварвоарвоарвав', 0, 1),
	(114, 'вапвапавпа', 0, 1),
	(115, 'вавравраврал', 0, 1),
	(116, 'апапавп', 0, 1),
	(117, 'авав', 0, 1),
	(118, 'ролплол', 0, 1),
	(119, 'апапва', 0, 1),
	(120, 'тема7', 0, 1),
	(121, 'dghyrturyjfyhjfnhjh', 0, 1),
	(122, 'дякую', 0, 1),
	(123, 'кеп', 0, 1),
	(124, 'ndsdafhgdsf', 0, 1),
	(125, 'fjdsfgdshfgds', 0, 1),
	(126, 'добре', 0, 2),
	(127, 'сьтмьтбьбт', 0, 1),
	(128, 'иьмтьитьиь', 0, 2),
	(129, 'asdfgdsfnhgqqqqqqqqqqqqqqqqqqqqqqqqqqqqq', 0, 1),
	(130, 'нами', 0, 1),
	(131, 'яких', 0, 1),
	(132, 'get', 0, 1),
	(133, 'роst', 0, 1),
	(134, 'ьитьитьсиьит', 0, 1),
	(135, 'аочропр', 0, 1);
/*!40000 ALTER TABLE `phpbb_search_wordlist` ENABLE KEYS */;


-- Dumping structure for table int_ita_db.phpbb_search_wordmatch
DROP TABLE IF EXISTS `phpbb_search_wordmatch`;
CREATE TABLE IF NOT EXISTS `phpbb_search_wordmatch` (
  `post_id` mediumint(8) unsigned NOT NULL DEFAULT '0',
  `word_id` mediumint(8) unsigned NOT NULL DEFAULT '0',
  `title_match` tinyint(1) unsigned NOT NULL DEFAULT '0',
  UNIQUE KEY `un_mtch` (`word_id`,`post_id`,`title_match`),
  KEY `word_id` (`word_id`),
  KEY `post_id` (`post_id`)
) ENGINE=InnoDB DEFAULT CHARSET=utf8 COLLATE=utf8_bin;

-- Dumping data for table int_ita_db.phpbb_search_wordmatch: ~224 rows (approximately)
/*!40000 ALTER TABLE `phpbb_search_wordmatch` DISABLE KEYS */;
INSERT INTO `phpbb_search_wordmatch` (`post_id`, `word_id`, `title_match`) VALUES
	(1, 1, 0),
	(1, 2, 0),
	(1, 3, 0),
	(1, 4, 0),
	(1, 4, 1),
	(1, 5, 0),
	(1, 6, 0),
	(1, 7, 0),
	(1, 8, 0),
	(1, 9, 0),
	(1, 10, 0),
	(1, 11, 0),
	(1, 12, 0),
	(1, 13, 0),
	(1, 14, 0),
	(1, 15, 0),
	(1, 16, 0),
	(1, 17, 0),
	(1, 18, 0),
	(1, 19, 0),
	(1, 20, 0),
	(1, 21, 0),
	(1, 22, 0),
	(1, 23, 0),
	(1, 24, 0),
	(1, 25, 0),
	(1, 26, 0),
	(1, 27, 0),
	(1, 28, 0),
	(1, 29, 0),
	(1, 30, 0),
	(1, 31, 0),
	(1, 32, 0),
	(1, 33, 0),
	(1, 34, 0),
	(1, 35, 0),
	(1, 36, 0),
	(1, 37, 0),
	(1, 38, 0),
	(1, 39, 0),
	(1, 40, 0),
	(1, 41, 0),
	(1, 42, 0),
	(1, 43, 0),
	(1, 44, 0),
	(1, 45, 0),
	(1, 46, 0),
	(1, 47, 0),
	(1, 48, 0),
	(1, 49, 0),
	(1, 50, 0),
	(1, 51, 0),
	(1, 52, 0),
	(1, 53, 0),
	(1, 54, 0),
	(1, 55, 0),
	(1, 56, 0),
	(1, 57, 0),
	(1, 58, 0),
	(1, 59, 0),
	(1, 60, 0),
	(1, 61, 0),
	(1, 62, 0),
	(1, 63, 1),
	(1, 64, 1),
	(2, 65, 0),
	(2, 66, 0),
	(2, 67, 0),
	(2, 68, 0),
	(2, 69, 1),
	(3, 70, 0),
	(3, 71, 0),
	(3, 72, 0),
	(3, 72, 1),
	(4, 72, 1),
	(3, 73, 0),
	(3, 74, 0),
	(5, 75, 0),
	(6, 75, 0),
	(7, 75, 0),
	(5, 76, 0),
	(6, 76, 0),
	(7, 76, 0),
	(5, 77, 0),
	(5, 77, 1),
	(8, 77, 0),
	(8, 77, 1),
	(9, 77, 0),
	(9, 77, 1),
	(13, 77, 1),
	(14, 77, 1),
	(31, 77, 1),
	(5, 78, 0),
	(5, 78, 1),
	(8, 78, 0),
	(8, 78, 1),
	(9, 78, 0),
	(9, 78, 1),
	(13, 78, 1),
	(14, 78, 1),
	(31, 78, 1),
	(5, 79, 0),
	(5, 79, 1),
	(8, 79, 0),
	(8, 79, 1),
	(9, 79, 0),
	(9, 79, 1),
	(13, 79, 1),
	(14, 79, 1),
	(15, 79, 0),
	(31, 79, 1),
	(5, 80, 0),
	(5, 80, 1),
	(7, 80, 0),
	(7, 80, 1),
	(8, 80, 1),
	(9, 80, 1),
	(11, 80, 0),
	(13, 80, 1),
	(14, 80, 1),
	(24, 80, 1),
	(25, 80, 0),
	(26, 80, 0),
	(28, 80, 1),
	(31, 80, 1),
	(32, 80, 1),
	(6, 81, 0),
	(6, 81, 1),
	(11, 81, 1),
	(25, 81, 1),
	(26, 81, 1),
	(27, 81, 1),
	(6, 82, 0),
	(6, 82, 1),
	(11, 82, 1),
	(25, 82, 1),
	(26, 82, 1),
	(27, 82, 1),
	(7, 83, 0),
	(7, 83, 1),
	(24, 83, 1),
	(28, 83, 1),
	(32, 83, 1),
	(7, 84, 0),
	(7, 84, 1),
	(24, 84, 1),
	(28, 84, 1),
	(32, 84, 0),
	(32, 84, 1),
	(7, 85, 0),
	(7, 85, 1),
	(24, 85, 1),
	(28, 85, 1),
	(32, 85, 1),
	(8, 86, 0),
	(9, 86, 0),
	(8, 87, 0),
	(9, 87, 0),
	(9, 88, 0),
	(9, 89, 0),
	(10, 90, 0),
	(10, 91, 1),
	(11, 92, 0),
	(25, 92, 0),
	(26, 92, 0),
	(11, 93, 0),
	(25, 93, 0),
	(26, 93, 0),
	(11, 94, 0),
	(25, 94, 0),
	(26, 94, 0),
	(12, 95, 0),
	(12, 95, 1),
	(12, 96, 0),
	(12, 96, 1),
	(15, 96, 1),
	(16, 96, 1),
	(17, 96, 1),
	(19, 96, 1),
	(20, 96, 1),
	(21, 96, 1),
	(22, 96, 1),
	(23, 96, 1),
	(13, 97, 0),
	(13, 98, 0),
	(14, 99, 0),
	(14, 100, 0),
	(15, 101, 0),
	(15, 102, 0),
	(16, 103, 0),
	(17, 104, 0),
	(17, 105, 0),
	(17, 106, 0),
	(17, 107, 0),
	(17, 108, 0),
	(17, 109, 0),
	(17, 110, 0),
	(17, 111, 0),
	(17, 112, 0),
	(17, 113, 0),
	(18, 114, 0),
	(18, 115, 0),
	(19, 116, 0),
	(20, 117, 0),
	(21, 118, 0),
	(22, 119, 0),
	(23, 120, 0),
	(24, 121, 0),
	(25, 122, 0),
	(25, 123, 0),
	(26, 124, 0),
	(26, 125, 0),
	(27, 126, 0),
	(28, 126, 0),
	(29, 127, 0),
	(29, 128, 1),
	(30, 128, 1),
	(30, 129, 0),
	(31, 130, 0),
	(32, 131, 0),
	(32, 132, 0),
	(32, 133, 0),
	(33, 134, 0),
	(33, 135, 1);
/*!40000 ALTER TABLE `phpbb_search_wordmatch` ENABLE KEYS */;


-- Dumping structure for table int_ita_db.phpbb_sessions
DROP TABLE IF EXISTS `phpbb_sessions`;
CREATE TABLE IF NOT EXISTS `phpbb_sessions` (
  `session_id` char(32) COLLATE utf8_bin NOT NULL DEFAULT '',
  `session_user_id` mediumint(8) unsigned NOT NULL DEFAULT '0',
  `session_last_visit` int(11) unsigned NOT NULL DEFAULT '0',
  `session_start` int(11) unsigned NOT NULL DEFAULT '0',
  `session_time` int(11) unsigned NOT NULL DEFAULT '0',
  `session_ip` varchar(40) COLLATE utf8_bin NOT NULL DEFAULT '',
  `session_browser` varchar(150) COLLATE utf8_bin NOT NULL DEFAULT '',
  `session_forwarded_for` varchar(255) COLLATE utf8_bin NOT NULL DEFAULT '',
  `session_page` varchar(255) COLLATE utf8_bin NOT NULL DEFAULT '',
  `session_viewonline` tinyint(1) unsigned NOT NULL DEFAULT '1',
  `session_autologin` tinyint(1) unsigned NOT NULL DEFAULT '0',
  `session_admin` tinyint(1) unsigned NOT NULL DEFAULT '0',
  `session_forum_id` mediumint(8) unsigned NOT NULL DEFAULT '0',
  PRIMARY KEY (`session_id`),
  KEY `session_time` (`session_time`),
  KEY `session_user_id` (`session_user_id`),
  KEY `session_fid` (`session_forum_id`)
) ENGINE=InnoDB DEFAULT CHARSET=utf8 COLLATE=utf8_bin;

-- Dumping data for table int_ita_db.phpbb_sessions: ~1 rows (approximately)
/*!40000 ALTER TABLE `phpbb_sessions` DISABLE KEYS */;
INSERT INTO `phpbb_sessions` (`session_id`, `session_user_id`, `session_last_visit`, `session_start`, `session_time`, `session_ip`, `session_browser`, `session_forwarded_for`, `session_page`, `session_viewonline`, `session_autologin`, `session_admin`, `session_forum_id`) VALUES
	('d9cf69d7336166248bf8e2fab0edb5a5', 1, 1438615726, 1438615726, 1438615726, '::1', 'Mozilla/5.0 (Windows NT 6.1; WOW64) AppleWebKit/537.36 (KHTML, like Gecko) Chrome/44.0.2403.125 Safari/537.36', '', 'index.php', 1, 0, 0, 0);
/*!40000 ALTER TABLE `phpbb_sessions` ENABLE KEYS */;


-- Dumping structure for table int_ita_db.phpbb_sessions_keys
DROP TABLE IF EXISTS `phpbb_sessions_keys`;
CREATE TABLE IF NOT EXISTS `phpbb_sessions_keys` (
  `key_id` char(32) COLLATE utf8_bin NOT NULL DEFAULT '',
  `user_id` mediumint(8) unsigned NOT NULL DEFAULT '0',
  `last_ip` varchar(40) COLLATE utf8_bin NOT NULL DEFAULT '',
  `last_login` int(11) unsigned NOT NULL DEFAULT '0',
  PRIMARY KEY (`key_id`,`user_id`),
  KEY `last_login` (`last_login`)
) ENGINE=InnoDB DEFAULT CHARSET=utf8 COLLATE=utf8_bin;

-- Dumping data for table int_ita_db.phpbb_sessions_keys: ~0 rows (approximately)
/*!40000 ALTER TABLE `phpbb_sessions_keys` DISABLE KEYS */;
/*!40000 ALTER TABLE `phpbb_sessions_keys` ENABLE KEYS */;


-- Dumping structure for table int_ita_db.phpbb_sitelist
DROP TABLE IF EXISTS `phpbb_sitelist`;
CREATE TABLE IF NOT EXISTS `phpbb_sitelist` (
  `site_id` mediumint(8) unsigned NOT NULL AUTO_INCREMENT,
  `site_ip` varchar(40) COLLATE utf8_bin NOT NULL DEFAULT '',
  `site_hostname` varchar(255) COLLATE utf8_bin NOT NULL DEFAULT '',
  `ip_exclude` tinyint(1) unsigned NOT NULL DEFAULT '0',
  PRIMARY KEY (`site_id`)
) ENGINE=InnoDB DEFAULT CHARSET=utf8 COLLATE=utf8_bin;

-- Dumping data for table int_ita_db.phpbb_sitelist: ~0 rows (approximately)
/*!40000 ALTER TABLE `phpbb_sitelist` DISABLE KEYS */;
/*!40000 ALTER TABLE `phpbb_sitelist` ENABLE KEYS */;


-- Dumping structure for table int_ita_db.phpbb_smilies
DROP TABLE IF EXISTS `phpbb_smilies`;
CREATE TABLE IF NOT EXISTS `phpbb_smilies` (
  `smiley_id` mediumint(8) unsigned NOT NULL AUTO_INCREMENT,
  `code` varchar(50) COLLATE utf8_bin NOT NULL DEFAULT '',
  `emotion` varchar(50) COLLATE utf8_bin NOT NULL DEFAULT '',
  `smiley_url` varchar(50) COLLATE utf8_bin NOT NULL DEFAULT '',
  `smiley_width` smallint(4) unsigned NOT NULL DEFAULT '0',
  `smiley_height` smallint(4) unsigned NOT NULL DEFAULT '0',
  `smiley_order` mediumint(8) unsigned NOT NULL DEFAULT '0',
  `display_on_posting` tinyint(1) unsigned NOT NULL DEFAULT '1',
  PRIMARY KEY (`smiley_id`),
  KEY `display_on_post` (`display_on_posting`)
) ENGINE=InnoDB AUTO_INCREMENT=43 DEFAULT CHARSET=utf8 COLLATE=utf8_bin;

-- Dumping data for table int_ita_db.phpbb_smilies: ~42 rows (approximately)
/*!40000 ALTER TABLE `phpbb_smilies` DISABLE KEYS */;
INSERT INTO `phpbb_smilies` (`smiley_id`, `code`, `emotion`, `smiley_url`, `smiley_width`, `smiley_height`, `smiley_order`, `display_on_posting`) VALUES
	(1, ':D', 'Дуже щасливий', 'icon_e_biggrin.gif', 15, 17, 1, 1),
	(2, ':-D', 'Дуже щасливий', 'icon_e_biggrin.gif', 15, 17, 2, 1),
	(3, ':grin:', 'Дуже щасливий', 'icon_e_biggrin.gif', 15, 17, 3, 1),
	(4, ':)', 'Посмішка', 'icon_e_smile.gif', 15, 17, 4, 1),
	(5, ':-)', 'Посмішка', 'icon_e_smile.gif', 15, 17, 5, 1),
	(6, ':smile:', 'Посмішка', 'icon_e_smile.gif', 15, 17, 6, 1),
	(7, ';)', 'Підморгує', 'icon_e_wink.gif', 15, 17, 7, 1),
	(8, ';-)', 'Підморгує', 'icon_e_wink.gif', 15, 17, 8, 1),
	(9, ':wink:', 'Підморгує', 'icon_e_wink.gif', 15, 17, 9, 1),
	(10, ':(', 'Сумний', 'icon_e_sad.gif', 15, 17, 10, 1),
	(11, ':-(', 'Сумний', 'icon_e_sad.gif', 15, 17, 11, 1),
	(12, ':sad:', 'Сумний', 'icon_e_sad.gif', 15, 17, 12, 1),
	(13, ':o', 'Здивований', 'icon_e_surprised.gif', 15, 17, 13, 1),
	(14, ':-o', 'Здивований', 'icon_e_surprised.gif', 15, 17, 14, 1),
	(15, ':eek:', 'Здивований', 'icon_e_surprised.gif', 15, 17, 15, 1),
	(16, ':shock:', 'Шокований', 'icon_eek.gif', 15, 17, 16, 1),
	(17, ':?', 'Спантеличений', 'icon_e_confused.gif', 15, 17, 17, 1),
	(18, ':-?', 'Спантеличений', 'icon_e_confused.gif', 15, 17, 18, 1),
	(19, ':???:', 'Спантеличений', 'icon_e_confused.gif', 15, 17, 19, 1),
	(20, '8-)', 'Кльво', 'icon_cool.gif', 15, 17, 20, 1),
	(21, ':cool:', 'Кльво', 'icon_cool.gif', 15, 17, 21, 1),
	(22, ':lol:', 'Сміється', 'icon_lol.gif', 15, 17, 22, 1),
	(23, ':x', 'Божевільний', 'icon_mad.gif', 15, 17, 23, 1),
	(24, ':-x', 'Божевільний', 'icon_mad.gif', 15, 17, 24, 1),
	(25, ':mad:', 'Божевільний', 'icon_mad.gif', 15, 17, 25, 1),
	(26, ':P', 'Глузує', 'icon_razz.gif', 15, 17, 26, 1),
	(27, ':-P', 'Глузує', 'icon_razz.gif', 15, 17, 27, 1),
	(28, ':razz:', 'Глузує', 'icon_razz.gif', 15, 17, 28, 1),
	(29, ':oops:', 'Збентежений', 'icon_redface.gif', 15, 17, 29, 1),
	(30, ':cry:', 'Плаче або дуже сердитий', 'icon_cry.gif', 15, 17, 30, 1),
	(31, ':evil:', 'Злий або дуже роздратований', 'icon_evil.gif', 15, 17, 31, 1),
	(32, ':twisted:', 'Дуже злий', 'icon_twisted.gif', 15, 17, 32, 1),
	(33, ':roll:', 'Закочує очі', 'icon_rolleyes.gif', 15, 17, 33, 1),
	(34, ':!:', 'Увага', 'icon_exclaim.gif', 15, 17, 34, 1),
	(35, ':?:', 'Питання', 'icon_question.gif', 15, 17, 35, 1),
	(36, ':idea:', 'Ідея', 'icon_idea.gif', 15, 17, 36, 1),
	(37, ':arrow:', 'Стрілка', 'icon_arrow.gif', 15, 17, 37, 1),
	(38, ':|', 'Нейтральний', 'icon_neutral.gif', 15, 17, 38, 1),
	(39, ':-|', 'Нейтральний', 'icon_neutral.gif', 15, 17, 39, 1),
	(40, ':mrgreen:', 'Зелений', 'icon_mrgreen.gif', 15, 17, 40, 1),
	(41, ':geek:', 'Ботанік', 'icon_e_geek.gif', 17, 17, 41, 1),
	(42, ':ugeek:', 'Конкретний ботанік', 'icon_e_ugeek.gif', 17, 18, 42, 1);
/*!40000 ALTER TABLE `phpbb_smilies` ENABLE KEYS */;


-- Dumping structure for table int_ita_db.phpbb_styles
DROP TABLE IF EXISTS `phpbb_styles`;
CREATE TABLE IF NOT EXISTS `phpbb_styles` (
  `style_id` mediumint(8) unsigned NOT NULL AUTO_INCREMENT,
  `style_name` varchar(255) COLLATE utf8_bin NOT NULL DEFAULT '',
  `style_copyright` varchar(255) COLLATE utf8_bin NOT NULL DEFAULT '',
  `style_active` tinyint(1) unsigned NOT NULL DEFAULT '1',
  `style_path` varchar(100) COLLATE utf8_bin NOT NULL DEFAULT '',
  `bbcode_bitfield` varchar(255) COLLATE utf8_bin NOT NULL DEFAULT 'kNg=',
  `style_parent_id` int(4) unsigned NOT NULL DEFAULT '0',
  `style_parent_tree` text COLLATE utf8_bin NOT NULL,
  PRIMARY KEY (`style_id`),
  UNIQUE KEY `style_name` (`style_name`)
) ENGINE=InnoDB AUTO_INCREMENT=2 DEFAULT CHARSET=utf8 COLLATE=utf8_bin;

-- Dumping data for table int_ita_db.phpbb_styles: ~1 rows (approximately)
/*!40000 ALTER TABLE `phpbb_styles` DISABLE KEYS */;
INSERT INTO `phpbb_styles` (`style_id`, `style_name`, `style_copyright`, `style_active`, `style_path`, `bbcode_bitfield`, `style_parent_id`, `style_parent_tree`) VALUES
	(1, 'prosilver', '&copy; phpBB Limited', 1, 'prosilver', 'kNg=', 0, '');
/*!40000 ALTER TABLE `phpbb_styles` ENABLE KEYS */;


-- Dumping structure for table int_ita_db.phpbb_teampage
DROP TABLE IF EXISTS `phpbb_teampage`;
CREATE TABLE IF NOT EXISTS `phpbb_teampage` (
  `teampage_id` mediumint(8) unsigned NOT NULL AUTO_INCREMENT,
  `group_id` mediumint(8) unsigned NOT NULL DEFAULT '0',
  `teampage_name` varchar(255) COLLATE utf8_bin NOT NULL DEFAULT '',
  `teampage_position` mediumint(8) unsigned NOT NULL DEFAULT '0',
  `teampage_parent` mediumint(8) unsigned NOT NULL DEFAULT '0',
  PRIMARY KEY (`teampage_id`)
) ENGINE=InnoDB AUTO_INCREMENT=3 DEFAULT CHARSET=utf8 COLLATE=utf8_bin;

-- Dumping data for table int_ita_db.phpbb_teampage: ~2 rows (approximately)
/*!40000 ALTER TABLE `phpbb_teampage` DISABLE KEYS */;
INSERT INTO `phpbb_teampage` (`teampage_id`, `group_id`, `teampage_name`, `teampage_position`, `teampage_parent`) VALUES
	(1, 5, '', 1, 0),
	(2, 4, '', 2, 0);
/*!40000 ALTER TABLE `phpbb_teampage` ENABLE KEYS */;


-- Dumping structure for table int_ita_db.phpbb_topics
DROP TABLE IF EXISTS `phpbb_topics`;
CREATE TABLE IF NOT EXISTS `phpbb_topics` (
  `topic_id` mediumint(8) unsigned NOT NULL AUTO_INCREMENT,
  `forum_id` mediumint(8) unsigned NOT NULL DEFAULT '0',
  `icon_id` mediumint(8) unsigned NOT NULL DEFAULT '0',
  `topic_attachment` tinyint(1) unsigned NOT NULL DEFAULT '0',
  `topic_reported` tinyint(1) unsigned NOT NULL DEFAULT '0',
  `topic_title` varchar(255) CHARACTER SET utf8 COLLATE utf8_unicode_ci NOT NULL DEFAULT '',
  `topic_poster` mediumint(8) unsigned NOT NULL DEFAULT '0',
  `topic_time` int(11) unsigned NOT NULL DEFAULT '0',
  `topic_time_limit` int(11) unsigned NOT NULL DEFAULT '0',
  `topic_views` mediumint(8) unsigned NOT NULL DEFAULT '0',
  `topic_status` tinyint(3) NOT NULL DEFAULT '0',
  `topic_type` tinyint(3) NOT NULL DEFAULT '0',
  `topic_first_post_id` mediumint(8) unsigned NOT NULL DEFAULT '0',
  `topic_first_poster_name` varchar(255) CHARACTER SET utf8 COLLATE utf8_unicode_ci NOT NULL DEFAULT '',
  `topic_first_poster_colour` varchar(6) COLLATE utf8_bin NOT NULL DEFAULT '',
  `topic_last_post_id` mediumint(8) unsigned NOT NULL DEFAULT '0',
  `topic_last_poster_id` mediumint(8) unsigned NOT NULL DEFAULT '0',
  `topic_last_poster_name` varchar(255) COLLATE utf8_bin NOT NULL DEFAULT '',
  `topic_last_poster_colour` varchar(6) COLLATE utf8_bin NOT NULL DEFAULT '',
  `topic_last_post_subject` varchar(255) COLLATE utf8_bin NOT NULL DEFAULT '',
  `topic_last_post_time` int(11) unsigned NOT NULL DEFAULT '0',
  `topic_last_view_time` int(11) unsigned NOT NULL DEFAULT '0',
  `topic_moved_id` mediumint(8) unsigned NOT NULL DEFAULT '0',
  `topic_bumped` tinyint(1) unsigned NOT NULL DEFAULT '0',
  `topic_bumper` mediumint(8) unsigned NOT NULL DEFAULT '0',
  `poll_title` varchar(255) COLLATE utf8_bin NOT NULL DEFAULT '',
  `poll_start` int(11) unsigned NOT NULL DEFAULT '0',
  `poll_length` int(11) unsigned NOT NULL DEFAULT '0',
  `poll_max_options` tinyint(4) NOT NULL DEFAULT '1',
  `poll_last_vote` int(11) unsigned NOT NULL DEFAULT '0',
  `poll_vote_change` tinyint(1) unsigned NOT NULL DEFAULT '0',
  `topic_visibility` tinyint(3) NOT NULL DEFAULT '0',
  `topic_delete_time` int(11) unsigned NOT NULL DEFAULT '0',
  `topic_delete_reason` varchar(255) COLLATE utf8_bin NOT NULL DEFAULT '',
  `topic_delete_user` mediumint(8) unsigned NOT NULL DEFAULT '0',
  `topic_posts_approved` mediumint(8) unsigned NOT NULL DEFAULT '0',
  `topic_posts_unapproved` mediumint(8) unsigned NOT NULL DEFAULT '0',
  `topic_posts_softdeleted` mediumint(8) unsigned NOT NULL DEFAULT '0',
  PRIMARY KEY (`topic_id`),
  KEY `forum_id` (`forum_id`),
  KEY `forum_id_type` (`forum_id`,`topic_type`),
  KEY `last_post_time` (`topic_last_post_time`),
  KEY `fid_time_moved` (`forum_id`,`topic_last_post_time`,`topic_moved_id`),
  KEY `topic_visibility` (`topic_visibility`),
  KEY `forum_vis_last` (`forum_id`,`topic_visibility`,`topic_last_post_id`)
) ENGINE=InnoDB AUTO_INCREMENT=18 DEFAULT CHARSET=utf8 COLLATE=utf8_bin;

-- Dumping data for table int_ita_db.phpbb_topics: ~13 rows (approximately)
/*!40000 ALTER TABLE `phpbb_topics` DISABLE KEYS */;
INSERT INTO `phpbb_topics` (`topic_id`, `forum_id`, `icon_id`, `topic_attachment`, `topic_reported`, `topic_title`, `topic_poster`, `topic_time`, `topic_time_limit`, `topic_views`, `topic_status`, `topic_type`, `topic_first_post_id`, `topic_first_poster_name`, `topic_first_poster_colour`, `topic_last_post_id`, `topic_last_poster_id`, `topic_last_poster_name`, `topic_last_poster_colour`, `topic_last_post_subject`, `topic_last_post_time`, `topic_last_view_time`, `topic_moved_id`, `topic_bumped`, `topic_bumper`, `poll_title`, `poll_start`, `poll_length`, `poll_max_options`, `poll_last_vote`, `poll_vote_change`, `topic_visibility`, `topic_delete_time`, `topic_delete_reason`, `topic_delete_user`, `topic_posts_approved`, `topic_posts_unapproved`, `topic_posts_softdeleted`) VALUES
	(4, 16, 0, 0, 0, 'Змінні та типи даних в PHP', 2, 1437053884, 0, 40, 0, 0, 5, 'intita', 'AA0000', 31, 125, 'potap@gmail.com', '', 'Re: Змінні та типи даних в PHP', 1438014402, 1438196911, 0, 0, 0, '', 0, 0, 1, 0, 0, 1, 0, '', 0, 6, 0, 0),
	(5, 16, 0, 0, 0, 'Основи синтаксису', 2, 1437053934, 0, 37, 0, 0, 6, 'intita', 'AA0000', 27, 45, 'Roman Melnyk', '', 'Re: Основи синтаксису', 1437389655, 1438079930, 0, 0, 0, '', 0, 0, 1, 0, 0, 1, 0, '', 0, 5, 0, 0),
	(6, 16, 0, 0, 0, 'Обробка запитів з допомогою PHP', 2, 1437053968, 0, 47, 0, 0, 7, 'intita', 'AA0000', 32, 54, 'StudentFour ', '', 'Re: Обробка запитів з допомогою PHP', 1438016568, 1438247913, 0, 0, 0, '', 0, 0, 1, 0, 0, 1, 0, '', 0, 4, 0, 0),
	(8, 15, 0, 0, 0, 'Нова тема', 22, 1437125835, 0, 8, 0, 0, 12, 'Student ', '', 12, 22, 'Student ', '', 'Нова тема', 1437125835, 1438017947, 0, 0, 0, '', 0, 0, 1, 0, 0, 1, 0, '', 0, 1, 0, 0),
	(9, 34, 0, 0, 0, 'Тема Тема', 40, 1437203534, 0, 17, 0, 0, 15, 'teacher3@gmail.com', '', 16, 40, 'teacher3@gmail.com', '', 'Re: Тема Тема', 1437203610, 1438017838, 0, 0, 0, '', 0, 0, 1, 0, 0, 1, 0, '', 0, 2, 0, 0),
	(10, 35, 0, 0, 0, 'Тема 2', 40, 1437203686, 0, 18, 0, 0, 17, 'teacher3@gmail.com', '', 18, 40, 'teacher3@gmail.com', '', '', 1437203752, 1438017910, 0, 0, 0, '', 0, 0, 1, 0, 0, 1, 0, '', 0, 2, 0, 0),
	(11, 35, 0, 0, 0, 'Тема 3', 40, 1437203781, 0, 12, 0, 0, 19, 'teacher3@gmail.com', '', 19, 40, 'teacher3@gmail.com', '', 'Тема 3', 1437203781, 1438017900, 0, 0, 0, '', 0, 0, 1, 0, 0, 1, 0, '', 0, 1, 0, 0),
	(12, 35, 0, 0, 0, 'Тема 4', 40, 1437203808, 0, 10, 0, 0, 20, 'teacher3@gmail.com', '', 20, 40, 'teacher3@gmail.com', '', 'Тема 4', 1437203808, 1438017896, 0, 0, 0, '', 0, 0, 1, 0, 0, 1, 0, '', 0, 1, 0, 0),
	(13, 35, 0, 0, 0, 'Тема 5', 40, 1437203836, 0, 7, 0, 0, 21, 'teacher3@gmail.com', '', 21, 40, 'teacher3@gmail.com', '', 'Тема 5', 1437203836, 1438017892, 0, 0, 0, '', 0, 0, 1, 0, 0, 1, 0, '', 0, 1, 0, 0),
	(14, 35, 0, 0, 0, 'тема 6', 40, 1437203856, 0, 9, 0, 0, 22, 'teacher3@gmail.com', '', 22, 40, 'teacher3@gmail.com', '', 'тема 6', 1437203856, 1438017888, 0, 0, 0, '', 0, 0, 1, 0, 0, 1, 0, '', 0, 1, 0, 0),
	(15, 35, 0, 0, 0, 'тема 7', 40, 1437204004, 0, 15, 0, 0, 23, 'teacher3@gmail.com', '', 23, 40, 'teacher3@gmail.com', '', 'тема 7', 1437204004, 1438017928, 0, 0, 0, 'Кто выиграет Суперкубок Украины?', 1437204004, 0, 1, 1438017861, 0, 1, 0, '', 0, 1, 0, 0),
	(16, 36, 0, 0, 0, 'иьмтьитьиь', 121, 1437554649, 0, 6, 0, 0, 29, 'genius ', '', 30, 38, 'teacher ', '', 'Re: иьмтьитьиь', 1437732959, 1438079915, 0, 0, 0, '', 0, 0, 1, 0, 0, 1, 0, '', 0, 2, 0, 0),
	(17, 29, 0, 0, 0, 'аочропр', 39, 1438089493, 0, 3, 0, 0, 33, 'teacher2@gmail.com', '', 33, 39, 'teacher2@gmail.com', '', 'аочропр', 1438089493, 1438242107, 0, 0, 0, '', 0, 0, 1, 0, 0, 1, 0, '', 0, 1, 0, 0);
/*!40000 ALTER TABLE `phpbb_topics` ENABLE KEYS */;


-- Dumping structure for table int_ita_db.phpbb_topics_posted
DROP TABLE IF EXISTS `phpbb_topics_posted`;
CREATE TABLE IF NOT EXISTS `phpbb_topics_posted` (
  `user_id` mediumint(8) unsigned NOT NULL DEFAULT '0',
  `topic_id` mediumint(8) unsigned NOT NULL DEFAULT '0',
  `topic_posted` tinyint(1) unsigned NOT NULL DEFAULT '0',
  PRIMARY KEY (`user_id`,`topic_id`)
) ENGINE=InnoDB DEFAULT CHARSET=utf8 COLLATE=utf8_bin;

-- Dumping data for table int_ita_db.phpbb_topics_posted: ~29 rows (approximately)
/*!40000 ALTER TABLE `phpbb_topics_posted` DISABLE KEYS */;
INSERT INTO `phpbb_topics_posted` (`user_id`, `topic_id`, `topic_posted`) VALUES
	(2, 1, 1),
	(2, 2, 1),
	(2, 3, 1),
	(2, 4, 1),
	(2, 5, 1),
	(2, 6, 1),
	(22, 4, 1),
	(22, 5, 1),
	(22, 8, 1),
	(38, 5, 1),
	(38, 16, 1),
	(39, 17, 1),
	(40, 4, 1),
	(40, 6, 1),
	(40, 7, 1),
	(40, 9, 1),
	(40, 10, 1),
	(40, 11, 1),
	(40, 12, 1),
	(40, 13, 1),
	(40, 14, 1),
	(40, 15, 1),
	(45, 5, 1),
	(45, 6, 1),
	(48, 3, 1),
	(51, 4, 1),
	(54, 6, 1),
	(121, 16, 1),
	(125, 4, 1);
/*!40000 ALTER TABLE `phpbb_topics_posted` ENABLE KEYS */;


-- Dumping structure for table int_ita_db.phpbb_topics_track
DROP TABLE IF EXISTS `phpbb_topics_track`;
CREATE TABLE IF NOT EXISTS `phpbb_topics_track` (
  `user_id` mediumint(8) unsigned NOT NULL DEFAULT '0',
  `topic_id` mediumint(8) unsigned NOT NULL DEFAULT '0',
  `forum_id` mediumint(8) unsigned NOT NULL DEFAULT '0',
  `mark_time` int(11) unsigned NOT NULL DEFAULT '0',
  PRIMARY KEY (`user_id`,`topic_id`),
  KEY `forum_id` (`forum_id`),
  KEY `topic_id` (`topic_id`)
) ENGINE=InnoDB DEFAULT CHARSET=utf8 COLLATE=utf8_bin;

-- Dumping data for table int_ita_db.phpbb_topics_track: ~20 rows (approximately)
/*!40000 ALTER TABLE `phpbb_topics_track` DISABLE KEYS */;
INSERT INTO `phpbb_topics_track` (`user_id`, `topic_id`, `forum_id`, `mark_time`) VALUES
	(2, 5, 16, 1437055279),
	(22, 4, 16, 1437166713),
	(22, 5, 16, 1437220304),
	(22, 8, 15, 1437125835),
	(38, 5, 16, 1437220304),
	(38, 6, 16, 1437389787),
	(38, 16, 36, 1437732959),
	(39, 17, 29, 1438089493),
	(40, 4, 16, 1437054417),
	(40, 6, 16, 1437219404),
	(40, 7, 16, 1437054945),
	(40, 9, 34, 1437203610),
	(40, 15, 35, 1437204004),
	(45, 5, 16, 1437389655),
	(45, 6, 16, 1438016568),
	(51, 4, 16, 1438014402),
	(121, 16, 36, 1437554649),
	(125, 4, 16, 1438014402),
	(125, 5, 16, 1437389655),
	(129, 6, 16, 1438016568);
/*!40000 ALTER TABLE `phpbb_topics_track` ENABLE KEYS */;


-- Dumping structure for table int_ita_db.phpbb_topics_watch
DROP TABLE IF EXISTS `phpbb_topics_watch`;
CREATE TABLE IF NOT EXISTS `phpbb_topics_watch` (
  `topic_id` mediumint(8) unsigned NOT NULL DEFAULT '0',
  `user_id` mediumint(8) unsigned NOT NULL DEFAULT '0',
  `notify_status` tinyint(1) unsigned NOT NULL DEFAULT '0',
  KEY `topic_id` (`topic_id`),
  KEY `user_id` (`user_id`),
  KEY `notify_stat` (`notify_status`)
) ENGINE=InnoDB DEFAULT CHARSET=utf8 COLLATE=utf8_bin;

-- Dumping data for table int_ita_db.phpbb_topics_watch: ~1 rows (approximately)
/*!40000 ALTER TABLE `phpbb_topics_watch` DISABLE KEYS */;
INSERT INTO `phpbb_topics_watch` (`topic_id`, `user_id`, `notify_status`) VALUES
	(4, 22, 0);
/*!40000 ALTER TABLE `phpbb_topics_watch` ENABLE KEYS */;


-- Dumping structure for table int_ita_db.phpbb_users
DROP TABLE IF EXISTS `phpbb_users`;
CREATE TABLE IF NOT EXISTS `phpbb_users` (
  `user_id` mediumint(8) unsigned NOT NULL AUTO_INCREMENT,
  `user_type` tinyint(2) NOT NULL DEFAULT '0',
  `group_id` mediumint(8) unsigned NOT NULL DEFAULT '3',
  `user_permissions` mediumtext COLLATE utf8_bin NOT NULL,
  `user_perm_from` mediumint(8) unsigned NOT NULL DEFAULT '0',
  `user_ip` varchar(40) COLLATE utf8_bin NOT NULL DEFAULT '',
  `user_regdate` int(11) unsigned NOT NULL DEFAULT '0',
  `username` varchar(255) COLLATE utf8_bin NOT NULL DEFAULT '',
  `username_clean` varchar(255) COLLATE utf8_bin NOT NULL DEFAULT '',
  `user_password` varchar(255) COLLATE utf8_bin NOT NULL DEFAULT '',
  `user_passchg` int(11) unsigned NOT NULL DEFAULT '0',
  `user_email` varchar(100) COLLATE utf8_bin NOT NULL DEFAULT '',
  `user_email_hash` bigint(20) NOT NULL DEFAULT '0',
  `user_birthday` varchar(10) COLLATE utf8_bin NOT NULL DEFAULT '',
  `user_lastvisit` int(11) unsigned NOT NULL DEFAULT '0',
  `user_lastmark` int(11) unsigned NOT NULL DEFAULT '0',
  `user_lastpost_time` int(11) unsigned NOT NULL DEFAULT '0',
  `user_lastpage` varchar(200) COLLATE utf8_bin NOT NULL DEFAULT '',
  `user_last_confirm_key` varchar(10) COLLATE utf8_bin NOT NULL DEFAULT '',
  `user_last_search` int(11) unsigned NOT NULL DEFAULT '0',
  `user_warnings` tinyint(4) NOT NULL DEFAULT '0',
  `user_last_warning` int(11) unsigned NOT NULL DEFAULT '0',
  `user_login_attempts` tinyint(4) NOT NULL DEFAULT '0',
  `user_inactive_reason` tinyint(2) NOT NULL DEFAULT '0',
  `user_inactive_time` int(11) unsigned NOT NULL DEFAULT '0',
  `user_posts` mediumint(8) unsigned NOT NULL DEFAULT '0',
  `user_lang` varchar(30) COLLATE utf8_bin NOT NULL DEFAULT '',
  `user_timezone` varchar(100) COLLATE utf8_bin NOT NULL DEFAULT '',
  `user_dateformat` varchar(30) COLLATE utf8_bin NOT NULL DEFAULT 'd M Y H:i',
  `user_style` mediumint(8) unsigned NOT NULL DEFAULT '0',
  `user_rank` mediumint(8) unsigned NOT NULL DEFAULT '0',
  `user_colour` varchar(6) COLLATE utf8_bin NOT NULL DEFAULT '',
  `user_new_privmsg` int(4) NOT NULL DEFAULT '0',
  `user_unread_privmsg` int(4) NOT NULL DEFAULT '0',
  `user_last_privmsg` int(11) unsigned NOT NULL DEFAULT '0',
  `user_message_rules` tinyint(1) unsigned NOT NULL DEFAULT '0',
  `user_full_folder` int(11) NOT NULL DEFAULT '-3',
  `user_emailtime` int(11) unsigned NOT NULL DEFAULT '0',
  `user_topic_show_days` smallint(4) unsigned NOT NULL DEFAULT '0',
  `user_topic_sortby_type` varchar(1) COLLATE utf8_bin NOT NULL DEFAULT 't',
  `user_topic_sortby_dir` varchar(1) COLLATE utf8_bin NOT NULL DEFAULT 'd',
  `user_post_show_days` smallint(4) unsigned NOT NULL DEFAULT '0',
  `user_post_sortby_type` varchar(1) COLLATE utf8_bin NOT NULL DEFAULT 't',
  `user_post_sortby_dir` varchar(1) COLLATE utf8_bin NOT NULL DEFAULT 'a',
  `user_notify` tinyint(1) unsigned NOT NULL DEFAULT '0',
  `user_notify_pm` tinyint(1) unsigned NOT NULL DEFAULT '1',
  `user_notify_type` tinyint(4) NOT NULL DEFAULT '0',
  `user_allow_pm` tinyint(1) unsigned NOT NULL DEFAULT '1',
  `user_allow_viewonline` tinyint(1) unsigned NOT NULL DEFAULT '1',
  `user_allow_viewemail` tinyint(1) unsigned NOT NULL DEFAULT '1',
  `user_allow_massemail` tinyint(1) unsigned NOT NULL DEFAULT '1',
  `user_options` int(11) unsigned NOT NULL DEFAULT '230271',
  `user_avatar` varchar(255) COLLATE utf8_bin NOT NULL DEFAULT '',
  `user_avatar_type` varchar(255) COLLATE utf8_bin NOT NULL DEFAULT '',
  `user_avatar_width` smallint(4) unsigned NOT NULL DEFAULT '0',
  `user_avatar_height` smallint(4) unsigned NOT NULL DEFAULT '0',
  `user_sig` mediumtext COLLATE utf8_bin NOT NULL,
  `user_sig_bbcode_uid` varchar(8) COLLATE utf8_bin NOT NULL DEFAULT '',
  `user_sig_bbcode_bitfield` varchar(255) COLLATE utf8_bin NOT NULL DEFAULT '',
  `user_jabber` varchar(255) COLLATE utf8_bin NOT NULL DEFAULT '',
  `user_actkey` varchar(32) COLLATE utf8_bin NOT NULL DEFAULT '',
  `user_newpasswd` varchar(255) COLLATE utf8_bin NOT NULL DEFAULT '',
  `user_form_salt` varchar(32) COLLATE utf8_bin NOT NULL DEFAULT '',
  `user_new` tinyint(1) unsigned NOT NULL DEFAULT '1',
  `user_reminded` tinyint(4) NOT NULL DEFAULT '0',
  `user_reminded_time` int(11) unsigned NOT NULL DEFAULT '0',
  PRIMARY KEY (`user_id`),
  UNIQUE KEY `username_clean` (`username_clean`),
  KEY `user_birthday` (`user_birthday`),
  KEY `user_email_hash` (`user_email_hash`),
  KEY `user_type` (`user_type`)
) ENGINE=InnoDB AUTO_INCREMENT=130 DEFAULT CHARSET=utf8 COLLATE=utf8_bin;

-- Dumping data for table int_ita_db.phpbb_users: ~15 rows (approximately)
/*!40000 ALTER TABLE `phpbb_users` DISABLE KEYS */;
INSERT INTO `phpbb_users` (`user_id`, `user_type`, `group_id`, `user_permissions`, `user_perm_from`, `user_ip`, `user_regdate`, `username`, `username_clean`, `user_password`, `user_passchg`, `user_email`, `user_email_hash`, `user_birthday`, `user_lastvisit`, `user_lastmark`, `user_lastpost_time`, `user_lastpage`, `user_last_confirm_key`, `user_last_search`, `user_warnings`, `user_last_warning`, `user_login_attempts`, `user_inactive_reason`, `user_inactive_time`, `user_posts`, `user_lang`, `user_timezone`, `user_dateformat`, `user_style`, `user_rank`, `user_colour`, `user_new_privmsg`, `user_unread_privmsg`, `user_last_privmsg`, `user_message_rules`, `user_full_folder`, `user_emailtime`, `user_topic_show_days`, `user_topic_sortby_type`, `user_topic_sortby_dir`, `user_post_show_days`, `user_post_sortby_type`, `user_post_sortby_dir`, `user_notify`, `user_notify_pm`, `user_notify_type`, `user_allow_pm`, `user_allow_viewonline`, `user_allow_viewemail`, `user_allow_massemail`, `user_options`, `user_avatar`, `user_avatar_type`, `user_avatar_width`, `user_avatar_height`, `user_sig`, `user_sig_bbcode_uid`, `user_sig_bbcode_bitfield`, `user_jabber`, `user_actkey`, `user_newpasswd`, `user_form_salt`, `user_new`, `user_reminded`, `user_reminded_time`) VALUES
	(1, 2, 1, '00000000000w27wrgg\n\n\n\n\n\n\n\n\n\n\n\n\n\n\ni1cjyo000000\ni1cjyo000000\ni1cjyo000000\ni1cjyo000000\ni1cjyo000000\ni1cjyo000000\ni1cjyo000000\n\n\ni1cjyo000000\ni1cjyo000000\ni1cjyo000000\ni1cjyo000000\ni1cjyo000000\ni1cjyo000000\ni1cjyo000000\ni1cjyo000000\ni1cjyo000000\ni1cjyo000000\ni1cjyo000000\ni1cjyo000000\ni1cjyo000000\ni1cjyo000000\ni1cjyo000000\ni1cjyo000000\ni1cjyo000000\ni1cjyo000000\ni1cjyo000000\ni1cjyo000000\ni1cjyo000000\ni1cjyo000000\ni1cjyo000000\ni1cjyo000000\ni1cjyo000000', 0, '', 1431076924, 'Anonymous', 'anonymous', '', 0, '', 0, '', 0, 0, 0, '', '2F4M64ETS4', 1438079950, 0, 0, 0, 0, 0, 0, 'uk', 'Europe/Kiev', 'd M Y H:i', 1, 0, '', 0, 0, 0, 0, -3, 0, 0, 't', 'd', 0, 't', 'a', 0, 1, 0, 1, 1, 1, 0, 230271, '', '', 0, 0, '', '', '', '', '', '', 'cd2aa0b28523b846', 1, 0, 0),
	(2, 3, 5, 'zik0zjzik0zjzik0zc\n\n\n\n\n\n\n\n\n\n\n\n\n\n\nzik0zj000000\nzik0zj000000\nzik0zj000000\nzik0zj000000\nzik0zj000000\nzik0zj000000\nzik0zj000000\n\n\nzik0zj000000\nzik0zj000000\nzik0zj000000\nzik0zj000000\nzik0zj000000\nzik0zj000000\nzik0zj000000\nzik0zj000000\nzik0zj000000\nzik0zj000000\nzik0zj000000\nzik0zj000000\nzik0zj000000\nzik0zj000000\nzik0zj000000\nzik0zj000000\nzik0zj000000\nzik0zj000000\nzik0zj000000\nzik0zj000000\nzik0zj000000\nzik0zj000000\nzik0zj000000\nzik0zj000000\nzik0zj000000', 0, '127.0.0.1', 1431076924, 'intita', 'intita', '$2y$10$G.aeTtUTb6qI44QQuAOgh.P5fP9mw3.6/WzPVzB53z5TM5i3mBdra', 0, 'intita.hr@gmail.com', 144972273819, '', 1438188533, 0, 1437055279, 'index.php?transition=false', '3IF0CVYBS4', 0, 0, 0, 0, 0, 0, 4, 'uk', 'Europe/Kiev', 'd M Y H:i', 1, 1, 'AA0000', 0, 0, 0, 0, -3, 0, 0, 't', 'd', 0, 't', 'a', 0, 1, 0, 1, 1, 1, 1, 230271, '', '', 0, 0, '', '', '', '', '', '', '5e79e054a6e4eacd', 0, 0, 0),
	(22, 0, 3, '00000000001qh78puw\n\n\n\n\n\n\n\n\n\n\n\n\n\n\nkgzahh000000\nkgzahh000000\nkgzahh000000\nkgzahh000000\nkgzahh000000\nkgzahh000000\nkgzahh000000\n\n\nkgzahh000000\nkgzahh000000\nkgzahh000000\nkgzahh000000\nkgzahh000000\nkgzahh000000\nkgzahh000000\nkgzahh000000\nkgzahh000000\nkgzahh000000\nkgzahh000000\nkgzahh000000\nkgzahh000000\nkgzahh000000\nkgzahh000000\nkgzahh000000\nkgzahh000000\nkgzahh000000\nkgzahh000000\nkgzahh000000\nkgzahh000000\nkgzahh000000\nkgzahh000000\nkgzahh000000\nkgzahh000000', 0, '', 1431076924, 'Student ', 'Student ', '', 0, '', 0, '', 1437221780, 1437123064, 1437220140, 'posting.php?f=16&mode=reply&t=5', '3N68T27D96', 1437166212, 0, 0, 0, 0, 0, 4, '', 'Europe/Kiev', 'd M Y H:i', 1, 0, '', 0, 0, 0, 0, -3, 0, 0, 't', 'd', 0, 't', 'a', 0, 1, 0, 1, 1, 1, 1, 230271, '', '', 0, 0, '', '', '', '', '', '', '', 0, 0, 0),
	(38, 0, 3, '00000000001qh78puw\n\n\n\n\n\n\n\n\n\n\n\n\n\n\nkgzahh000000\nkgzahh000000\nkgzahh000000\nkgzahh000000\nkgzahh000000\nkgzahh000000\nkgzahh000000\n\n\nkgzahh000000\nkgzahh000000\nkgzahh000000\nkgzahh000000\nkgzahh000000\nkgzahh000000\nkgzahh000000\nkgzahh000000\nkgzahh000000\nkgzahh000000\nkgzahh000000\nkgzahh000000\nkgzahh000000\nkgzahh000000\nkgzahh000000\nkgzahh000000\nkgzahh000000\nkgzahh000000\nkgzahh000000\nkgzahh000000\nkgzahh000000\nkgzahh000000\nkgzahh000000\nkgzahh000000\nkgzahh000000', 0, '', 1431076924, 'teacher ', 'teacher ', '', 0, '', 0, '', 1437732968, 0, 1437732959, 'viewforum.php?f=15', '', 0, 0, 0, 0, 0, 0, 2, '', 'Europe/Kiev', 'd M Y H:i', 1, 0, '', 0, 0, 0, 0, -3, 0, 0, 't', 'd', 0, 't', 'a', 0, 1, 0, 1, 1, 1, 1, 230271, '', '', 0, 0, '', '', '', '', '', '', '', 1, 0, 0),
	(39, 0, 3, '00000000001qh78puw\n\n\n\n\n\n\n\n\n\n\n\n\n\n\nkgzahh000000\nkgzahh000000\nkgzahh000000\nkgzahh000000\nkgzahh000000\nkgzahh000000\nkgzahh000000\n\n\nkgzahh000000\nkgzahh000000\nkgzahh000000\nkgzahh000000\nkgzahh000000\nkgzahh000000\nkgzahh000000\nkgzahh000000\nkgzahh000000\nkgzahh000000\nkgzahh000000\nkgzahh000000\nkgzahh000000\nkgzahh000000\nkgzahh000000\nkgzahh000000\nkgzahh000000\nkgzahh000000\nkgzahh000000\nkgzahh000000\nkgzahh000000\nkgzahh000000\nkgzahh000000\nkgzahh000000\nkgzahh000000', 0, '', 1438089466, 'teacher2@gmail.com', 'teacher2@gmail.com', '', 0, '', 0, '', 0, 0, 1438089493, '', 'DP7RFO1A2P', 0, 0, 0, 0, 0, 0, 1, '', 'Europe/Kiev', 'd M Y H:i', 1, 0, '', 0, 0, 0, 0, -3, 0, 0, 't', 'd', 0, 't', 'a', 0, 1, 0, 1, 1, 1, 1, 230271, '', '', 0, 0, '', '', '', '', '', '', '', 1, 0, 0),
	(40, 0, 3, '00000000001qh78puw\n\n\n\n\n\n\n\n\n\n\n\n\n\n\nkgzahh000000\nkgzahh000000\nkgzahh000000\nkgzahh000000\nkgzahh000000\nkgzahh000000\nkgzahh000000\n\n\nkgzahh000000\nkgzahh000000\nkgzahh000000\nkgzahh000000\nkgzahh000000\nkgzahh000000\nkgzahh000000\nkgzahh000000\nkgzahh000000\nkgzahh000000\nkgzahh000000\nkgzahh000000\nkgzahh000000\nkgzahh000000\nkgzahh000000\nkgzahh000000\nkgzahh000000\nkgzahh000000\nkgzahh000000\nkgzahh000000\nkgzahh000000\nkgzahh000000\nkgzahh000000\nkgzahh000000\nkgzahh000000', 0, '', 1431076924, 'teacher3@gmail.com', 'teacher3@gmail.com', '', 0, '', 0, '', 1437215252, 0, 1437219397, 'index.php?transition=false', '3JEJLYLZU4', 1437054456, 0, 0, 0, 0, 0, 12, '', 'Europe/Kiev', 'd M Y H:i', 1, 0, '', 0, 0, 0, 0, -3, 0, 0, 't', 'd', 0, 't', 'a', 0, 1, 0, 1, 1, 1, 1, 230271, '', '', 0, 0, '', '', '', '', '', '', '', 0, 0, 0),
	(45, 0, 3, '00000000001qh78puw\n\n\n\n\n\n\n\n\n\n\n\n\n\n\nkgzahh000000\nkgzahh000000\nkgzahh000000\nkgzahh000000\nkgzahh000000\nkgzahh000000\nkgzahh000000\n\n\nkgzahh000000\nkgzahh000000\nkgzahh000000\nkgzahh000000\nkgzahh000000\nkgzahh000000\nkgzahh000000\nkgzahh000000\nkgzahh000000\nkgzahh000000\nkgzahh000000\nkgzahh000000\nkgzahh000000\nkgzahh000000\nkgzahh000000\nkgzahh000000\nkgzahh000000\nkgzahh000000\nkgzahh000000\nkgzahh000000\nkgzahh000000\nkgzahh000000\nkgzahh000000\nkgzahh000000\nkgzahh000000', 0, '', 1431076924, 'Roman Melnyk', 'Roman Melnyk', '', 0, '', 0, '', 1438245304, 0, 1437389787, 'index.php', '', 0, 0, 0, 0, 0, 0, 2, '', 'Europe/Kiev', 'd M Y H:i', 1, 0, '', 0, 0, 0, 0, -3, 0, 0, 't', 'd', 0, 't', 'a', 0, 1, 0, 1, 1, 1, 1, 230271, '', '', 0, 0, '', '', '', '', '', '', '', 1, 0, 0),
	(51, 0, 3, '00000000001qh78puw\n\n\n\n\n\n\n\n\n\n\n\n\n\n\nkgzahh000000\nkgzahh000000\nkgzahh000000\nkgzahh000000\nkgzahh000000\nkgzahh000000\nkgzahh000000\n\n\nkgzahh000000\nkgzahh000000\nkgzahh000000\nkgzahh000000\nkgzahh000000\nkgzahh000000\nkgzahh000000\nkgzahh000000\nkgzahh000000\nkgzahh000000\nkgzahh000000\nkgzahh000000\nkgzahh000000\nkgzahh000000\nkgzahh000000\nkgzahh000000\nkgzahh000000\nkgzahh000000\nkgzahh000000\nkgzahh000000\nkgzahh000000\nkgzahh000000\nkgzahh000000\nkgzahh000000\nkgzahh000000', 0, '', 1431076924, 'Student 1 ', 'Student 1 ', '', 0, '', 0, '', 1438015309, 0, 1437054093, 'posting.php?f=16&mode=reply&t=4', '', 0, 0, 0, 0, 0, 0, 1, '', 'Europe/Kiev', 'd M Y H:i', 1, 0, '', 0, 0, 0, 0, -3, 0, 0, 't', 'd', 0, 't', 'a', 0, 1, 0, 1, 1, 1, 1, 230271, '', '', 0, 0, '', '', '', '', '', '', '', 1, 0, 0),
	(52, 0, 3, '00000000001qh78puw\n\n\n\n\n\n\n\n\n\n\n\n\n\n\nkgzahh000000\nkgzahh000000\nkgzahh000000\nkgzahh000000\nkgzahh000000\nkgzahh000000\nkgzahh000000\n\n\nkgzahh000000\nkgzahh000000\nkgzahh000000\nkgzahh000000\nkgzahh000000\nkgzahh000000\nkgzahh000000\nkgzahh000000\nkgzahh000000\nkgzahh000000\nkgzahh000000\nkgzahh000000\nkgzahh000000\nkgzahh000000\nkgzahh000000\nkgzahh000000\nkgzahh000000\nkgzahh000000\nkgzahh000000\nkgzahh000000\nkgzahh000000\nkgzahh000000\nkgzahh000000\nkgzahh000000\nkgzahh000000', 0, '', 1431076924, 'Student 2 ', 'Student 2 ', '', 0, '', 0, '', 1437469749, 0, 0, 'index.php?transition=false', '', 0, 0, 0, 0, 0, 0, 0, '', 'Europe/Kiev', 'd M Y H:i', 1, 0, '', 0, 0, 0, 0, -3, 0, 0, 't', 'd', 0, 't', 'a', 0, 1, 0, 1, 1, 1, 1, 230271, '', '', 0, 0, '', '', '', '', '', '', '', 1, 0, 0),
	(54, 0, 3, '00000000001qh78puw\n\n\n\n\n\n\n\n\n\n\n\n\n\n\nkgzahh000000\nkgzahh000000\nkgzahh000000\nkgzahh000000\nkgzahh000000\nkgzahh000000\nkgzahh000000\n\n\nkgzahh000000\nkgzahh000000\nkgzahh000000\nkgzahh000000\nkgzahh000000\nkgzahh000000\nkgzahh000000\nkgzahh000000\nkgzahh000000\nkgzahh000000\nkgzahh000000\nkgzahh000000\nkgzahh000000\nkgzahh000000\nkgzahh000000\nkgzahh000000\nkgzahh000000\nkgzahh000000\nkgzahh000000\nkgzahh000000\nkgzahh000000\nkgzahh000000\nkgzahh000000\nkgzahh000000\nkgzahh000000', 0, '', 1438016520, 'StudentFour ', 'StudentFour ', '', 0, '', 0, '', 1438018029, 0, 1438016568, 'viewtopic.php?p=27', '2Y1D403DFK', 0, 0, 0, 0, 0, 0, 1, '', 'Europe/Kiev', 'd M Y H:i', 1, 0, '', 0, 0, 0, 0, -3, 0, 0, 't', 'd', 0, 't', 'a', 0, 1, 0, 1, 1, 1, 1, 230271, '', '', 0, 0, '', '', '', '', '', '', '', 1, 0, 0),
	(106, 0, 3, '', 0, '', 1431076924, 'nnn.badyora2015@gmail.com', 'nnn.badyora2015@gmail.com', '', 0, '', 0, '', 0, 0, 0, '', '', 0, 0, 0, 0, 0, 0, 0, '', 'Europe/Kiev', 'd M Y H:i', 0, 0, '', 0, 0, 0, 0, -3, 0, 0, 't', 'd', 0, 't', 'a', 0, 1, 0, 1, 1, 1, 1, 230271, '', '', 0, 0, '', '', '', '', '', '', '', 1, 0, 0),
	(113, 0, 3, '', 0, '', 1431076924, 'Олександр Бохан', 'Олександр Бохан', '', 0, '', 0, '', 1436971163, 0, 0, '', '', 0, 0, 0, 0, 0, 0, 0, '', 'Europe/Kiev', 'd M Y H:i', 1, 0, '', 0, 0, 0, 0, -3, 0, 0, 't', 'd', 0, 't', 'a', 0, 1, 0, 1, 1, 1, 1, 230271, '', '', 0, 0, '', '', '', '', '', '', '', 1, 0, 0),
	(121, 0, 3, '00000000001qh78puw\n\n\n\n\n\n\n\n\n\n\n\n\n\n\nkgzahh000000\nkgzahh000000\nkgzahh000000\nkgzahh000000\nkgzahh000000\nkgzahh000000\nkgzahh000000\n\n\nkgzahh000000\nkgzahh000000\nkgzahh000000\nkgzahh000000\nkgzahh000000\nkgzahh000000\nkgzahh000000\nkgzahh000000\nkgzahh000000\nkgzahh000000\nkgzahh000000\nkgzahh000000\nkgzahh000000\nkgzahh000000\nkgzahh000000\nkgzahh000000\nkgzahh000000\nkgzahh000000\nkgzahh000000\nkgzahh000000\nkgzahh000000\nkgzahh000000\nkgzahh000000\nkgzahh000000\nkgzahh000000', 0, '', 1431076924, 'genius ', 'genius ', '', 0, '', 0, '', 0, 0, 1437554649, '', '1C98QMWW3P', 0, 0, 0, 0, 0, 0, 1, '', 'Europe/Kiev', 'd M Y H:i', 1, 0, '', 1, 1, 1438247796, 0, -3, 0, 0, 't', 'd', 0, 't', 'a', 0, 1, 0, 1, 1, 1, 1, 230271, '', '', 0, 0, '', '', '', '', '', '', '', 1, 0, 0),
	(125, 0, 3, '00000000001qh78puw\n\n\n\n\n\n\n\n\n\n\n\n\n\n\nkgzahh000000\nkgzahh000000\nkgzahh000000\nkgzahh000000\nkgzahh000000\nkgzahh000000\nkgzahh000000\n\n\nkgzahh000000\nkgzahh000000\nkgzahh000000\nkgzahh000000\nkgzahh000000\nkgzahh000000\nkgzahh000000\nkgzahh000000\nkgzahh000000\nkgzahh000000\nkgzahh000000\nkgzahh000000\nkgzahh000000\nkgzahh000000\nkgzahh000000\nkgzahh000000\nkgzahh000000\nkgzahh000000\nkgzahh000000\nkgzahh000000\nkgzahh000000\nkgzahh000000\nkgzahh000000\nkgzahh000000\nkgzahh000000', 0, '', 1438013849, 'potap@gmail.com', 'potap@gmail.com', '', 0, '', 0, '', 1438014936, 0, 1438014402, '', '', 0, 0, 0, 0, 0, 0, 1, '', 'Europe/Kiev', 'd M Y H:i', 1, 0, '', 0, 0, 0, 0, -3, 0, 0, 't', 'd', 0, 't', 'a', 0, 1, 0, 1, 1, 1, 1, 230271, '', '', 0, 0, '', '', '', '', '', '', '', 1, 0, 0),
	(129, 0, 3, '00000000001qh78puw\n\n\n\n\n\n\n\n\n\n\n\n\n\n\nkgzahh000000\nkgzahh000000\nkgzahh000000\nkgzahh000000\nkgzahh000000\nkgzahh000000\nkgzahh000000\n\n\nkgzahh000000\nkgzahh000000\nkgzahh000000\nkgzahh000000\nkgzahh000000\nkgzahh000000\nkgzahh000000\nkgzahh000000\nkgzahh000000\nkgzahh000000\nkgzahh000000\nkgzahh000000\nkgzahh000000\nkgzahh000000\nkgzahh000000\nkgzahh000000\nkgzahh000000\nkgzahh000000\nkgzahh000000\nkgzahh000000\nkgzahh000000\nkgzahh000000\nkgzahh000000\nkgzahh000000\nkgzahh000000', 0, '', 1438165651, 'Наталья Бадёра', 'Наталья Бадёра', '', 0, '', 0, '', 1438242297, 0, 1438247796, 'ucp.php?i=ucp_profile&mode=profile_info', '', 0, 0, 0, 0, 0, 0, 0, '', 'Europe/Kiev', 'd M Y H:i', 1, 0, '', 0, 0, 1438247796, 0, -3, 1438242151, 0, 't', 'd', 0, 't', 'a', 0, 1, 0, 1, 1, 1, 1, 230271, '', '', 0, 0, '', '', '', '', '', '', '', 1, 0, 0);
/*!40000 ALTER TABLE `phpbb_users` ENABLE KEYS */;


-- Dumping structure for table int_ita_db.phpbb_user_group
DROP TABLE IF EXISTS `phpbb_user_group`;
CREATE TABLE IF NOT EXISTS `phpbb_user_group` (
  `group_id` mediumint(8) unsigned NOT NULL DEFAULT '0',
  `user_id` mediumint(8) unsigned NOT NULL DEFAULT '0',
  `group_leader` tinyint(1) unsigned NOT NULL DEFAULT '0',
  `user_pending` tinyint(1) unsigned NOT NULL DEFAULT '1',
  KEY `group_id` (`group_id`),
  KEY `user_id` (`user_id`),
  KEY `group_leader` (`group_leader`)
) ENGINE=InnoDB DEFAULT CHARSET=utf8 COLLATE=utf8_bin;

-- Dumping data for table int_ita_db.phpbb_user_group: ~17 rows (approximately)
/*!40000 ALTER TABLE `phpbb_user_group` DISABLE KEYS */;
INSERT INTO `phpbb_user_group` (`group_id`, `user_id`, `group_leader`, `user_pending`) VALUES
	(1, 1, 0, 0),
	(2, 2, 0, 0),
	(4, 2, 0, 0),
	(5, 2, 1, 0),
	(2, 113, 0, 0),
	(2, 52, 0, 0),
	(2, 38, 0, 0),
	(2, 106, 0, 0),
	(2, 51, 0, 0),
	(2, 40, 0, 0),
	(2, 22, 0, 0),
	(2, 45, 0, 0),
	(2, 121, 0, 0),
	(2, 125, 0, 0),
	(2, 54, 0, 0),
	(2, 39, 0, 0),
	(2, 129, 0, 0);
/*!40000 ALTER TABLE `phpbb_user_group` ENABLE KEYS */;


-- Dumping structure for table int_ita_db.phpbb_user_notifications
DROP TABLE IF EXISTS `phpbb_user_notifications`;
CREATE TABLE IF NOT EXISTS `phpbb_user_notifications` (
  `item_type` varchar(255) COLLATE utf8_bin NOT NULL DEFAULT '',
  `item_id` mediumint(8) unsigned NOT NULL DEFAULT '0',
  `user_id` mediumint(8) unsigned NOT NULL DEFAULT '0',
  `method` varchar(255) COLLATE utf8_bin NOT NULL DEFAULT '',
  `notify` tinyint(1) unsigned NOT NULL DEFAULT '1'
) ENGINE=InnoDB DEFAULT CHARSET=utf8 COLLATE=utf8_bin;

-- Dumping data for table int_ita_db.phpbb_user_notifications: ~188 rows (approximately)
/*!40000 ALTER TABLE `phpbb_user_notifications` DISABLE KEYS */;
INSERT INTO `phpbb_user_notifications` (`item_type`, `item_id`, `user_id`, `method`, `notify`) VALUES
	('notification.type.post', 0, 2, '', 1),
	('notification.type.post', 0, 2, 'notification.method.email', 1),
	('notification.type.topic', 0, 2, '', 1),
	('notification.type.topic', 0, 2, 'notification.method.email', 1),
	('notification.type.post', 0, 3, '', 1),
	('notification.type.post', 0, 3, 'notification.method.email', 1),
	('notification.type.topic', 0, 3, '', 1),
	('notification.type.topic', 0, 3, 'notification.method.email', 1),
	('notification.type.post', 0, 4, '', 1),
	('notification.type.post', 0, 4, 'notification.method.email', 1),
	('notification.type.topic', 0, 4, '', 1),
	('notification.type.topic', 0, 4, 'notification.method.email', 1),
	('notification.type.post', 0, 5, '', 1),
	('notification.type.post', 0, 5, 'notification.method.email', 1),
	('notification.type.topic', 0, 5, '', 1),
	('notification.type.topic', 0, 5, 'notification.method.email', 1),
	('notification.type.post', 0, 6, '', 1),
	('notification.type.post', 0, 6, 'notification.method.email', 1),
	('notification.type.topic', 0, 6, '', 1),
	('notification.type.topic', 0, 6, 'notification.method.email', 1),
	('notification.type.post', 0, 7, '', 1),
	('notification.type.post', 0, 7, 'notification.method.email', 1),
	('notification.type.topic', 0, 7, '', 1),
	('notification.type.topic', 0, 7, 'notification.method.email', 1),
	('notification.type.post', 0, 8, '', 1),
	('notification.type.post', 0, 8, 'notification.method.email', 1),
	('notification.type.topic', 0, 8, '', 1),
	('notification.type.topic', 0, 8, 'notification.method.email', 1),
	('notification.type.post', 0, 9, '', 1),
	('notification.type.post', 0, 9, 'notification.method.email', 1),
	('notification.type.topic', 0, 9, '', 1),
	('notification.type.topic', 0, 9, 'notification.method.email', 1),
	('notification.type.post', 0, 10, '', 1),
	('notification.type.post', 0, 10, 'notification.method.email', 1),
	('notification.type.topic', 0, 10, '', 1),
	('notification.type.topic', 0, 10, 'notification.method.email', 1),
	('notification.type.post', 0, 11, '', 1),
	('notification.type.post', 0, 11, 'notification.method.email', 1),
	('notification.type.topic', 0, 11, '', 1),
	('notification.type.topic', 0, 11, 'notification.method.email', 1),
	('notification.type.post', 0, 12, '', 1),
	('notification.type.post', 0, 12, 'notification.method.email', 1),
	('notification.type.topic', 0, 12, '', 1),
	('notification.type.topic', 0, 12, 'notification.method.email', 1),
	('notification.type.post', 0, 13, '', 1),
	('notification.type.post', 0, 13, 'notification.method.email', 1),
	('notification.type.topic', 0, 13, '', 1),
	('notification.type.topic', 0, 13, 'notification.method.email', 1),
	('notification.type.post', 0, 14, '', 1),
	('notification.type.post', 0, 14, 'notification.method.email', 1),
	('notification.type.topic', 0, 14, '', 1),
	('notification.type.topic', 0, 14, 'notification.method.email', 1),
	('notification.type.post', 0, 15, '', 1),
	('notification.type.post', 0, 15, 'notification.method.email', 1),
	('notification.type.topic', 0, 15, '', 1),
	('notification.type.topic', 0, 15, 'notification.method.email', 1),
	('notification.type.post', 0, 16, '', 1),
	('notification.type.post', 0, 16, 'notification.method.email', 1),
	('notification.type.topic', 0, 16, '', 1),
	('notification.type.topic', 0, 16, 'notification.method.email', 1),
	('notification.type.post', 0, 17, '', 1),
	('notification.type.post', 0, 17, 'notification.method.email', 1),
	('notification.type.topic', 0, 17, '', 1),
	('notification.type.topic', 0, 17, 'notification.method.email', 1),
	('notification.type.post', 0, 18, '', 1),
	('notification.type.post', 0, 18, 'notification.method.email', 1),
	('notification.type.topic', 0, 18, '', 1),
	('notification.type.topic', 0, 18, 'notification.method.email', 1),
	('notification.type.post', 0, 19, '', 1),
	('notification.type.post', 0, 19, 'notification.method.email', 1),
	('notification.type.topic', 0, 19, '', 1),
	('notification.type.topic', 0, 19, 'notification.method.email', 1),
	('notification.type.post', 0, 20, '', 1),
	('notification.type.post', 0, 20, 'notification.method.email', 1),
	('notification.type.topic', 0, 20, '', 1),
	('notification.type.topic', 0, 20, 'notification.method.email', 1),
	('notification.type.post', 0, 21, '', 1),
	('notification.type.post', 0, 21, 'notification.method.email', 1),
	('notification.type.topic', 0, 21, '', 1),
	('notification.type.topic', 0, 21, 'notification.method.email', 1),
	('notification.type.post', 0, 22, '', 1),
	('notification.type.post', 0, 22, 'notification.method.email', 1),
	('notification.type.topic', 0, 22, '', 1),
	('notification.type.topic', 0, 22, 'notification.method.email', 1),
	('notification.type.post', 0, 23, '', 1),
	('notification.type.post', 0, 23, 'notification.method.email', 1),
	('notification.type.topic', 0, 23, '', 1),
	('notification.type.topic', 0, 23, 'notification.method.email', 1),
	('notification.type.post', 0, 24, '', 1),
	('notification.type.post', 0, 24, 'notification.method.email', 1),
	('notification.type.topic', 0, 24, '', 1),
	('notification.type.topic', 0, 24, 'notification.method.email', 1),
	('notification.type.post', 0, 25, '', 1),
	('notification.type.post', 0, 25, 'notification.method.email', 1),
	('notification.type.topic', 0, 25, '', 1),
	('notification.type.topic', 0, 25, 'notification.method.email', 1),
	('notification.type.post', 0, 26, '', 1),
	('notification.type.post', 0, 26, 'notification.method.email', 1),
	('notification.type.topic', 0, 26, '', 1),
	('notification.type.topic', 0, 26, 'notification.method.email', 1),
	('notification.type.post', 0, 27, '', 1),
	('notification.type.post', 0, 27, 'notification.method.email', 1),
	('notification.type.topic', 0, 27, '', 1),
	('notification.type.topic', 0, 27, 'notification.method.email', 1),
	('notification.type.post', 0, 28, '', 1),
	('notification.type.post', 0, 28, 'notification.method.email', 1),
	('notification.type.topic', 0, 28, '', 1),
	('notification.type.topic', 0, 28, 'notification.method.email', 1),
	('notification.type.post', 0, 29, '', 1),
	('notification.type.post', 0, 29, 'notification.method.email', 1),
	('notification.type.topic', 0, 29, '', 1),
	('notification.type.topic', 0, 29, 'notification.method.email', 1),
	('notification.type.post', 0, 30, '', 1),
	('notification.type.post', 0, 30, 'notification.method.email', 1),
	('notification.type.topic', 0, 30, '', 1),
	('notification.type.topic', 0, 30, 'notification.method.email', 1),
	('notification.type.post', 0, 31, '', 1),
	('notification.type.post', 0, 31, 'notification.method.email', 1),
	('notification.type.topic', 0, 31, '', 1),
	('notification.type.topic', 0, 31, 'notification.method.email', 1),
	('notification.type.post', 0, 32, '', 1),
	('notification.type.post', 0, 32, 'notification.method.email', 1),
	('notification.type.topic', 0, 32, '', 1),
	('notification.type.topic', 0, 32, 'notification.method.email', 1),
	('notification.type.post', 0, 33, '', 1),
	('notification.type.post', 0, 33, 'notification.method.email', 1),
	('notification.type.topic', 0, 33, '', 1),
	('notification.type.topic', 0, 33, 'notification.method.email', 1),
	('notification.type.post', 0, 34, '', 1),
	('notification.type.post', 0, 34, 'notification.method.email', 1),
	('notification.type.topic', 0, 34, '', 1),
	('notification.type.topic', 0, 34, 'notification.method.email', 1),
	('notification.type.post', 0, 35, '', 1),
	('notification.type.post', 0, 35, 'notification.method.email', 1),
	('notification.type.topic', 0, 35, '', 1),
	('notification.type.topic', 0, 35, 'notification.method.email', 1),
	('notification.type.post', 0, 36, '', 1),
	('notification.type.post', 0, 36, 'notification.method.email', 1),
	('notification.type.topic', 0, 36, '', 1),
	('notification.type.topic', 0, 36, 'notification.method.email', 1),
	('notification.type.post', 0, 37, '', 1),
	('notification.type.post', 0, 37, 'notification.method.email', 1),
	('notification.type.topic', 0, 37, '', 1),
	('notification.type.topic', 0, 37, 'notification.method.email', 1),
	('notification.type.post', 0, 38, '', 1),
	('notification.type.post', 0, 38, 'notification.method.email', 1),
	('notification.type.topic', 0, 38, '', 1),
	('notification.type.topic', 0, 38, 'notification.method.email', 1),
	('notification.type.post', 0, 39, '', 1),
	('notification.type.post', 0, 39, 'notification.method.email', 1),
	('notification.type.topic', 0, 39, '', 1),
	('notification.type.topic', 0, 39, 'notification.method.email', 1),
	('notification.type.post', 0, 40, '', 1),
	('notification.type.post', 0, 40, 'notification.method.email', 1),
	('notification.type.topic', 0, 40, '', 1),
	('notification.type.topic', 0, 40, 'notification.method.email', 1),
	('notification.type.post', 0, 41, '', 1),
	('notification.type.post', 0, 41, 'notification.method.email', 1),
	('notification.type.topic', 0, 41, '', 1),
	('notification.type.topic', 0, 41, 'notification.method.email', 1),
	('notification.type.post', 0, 42, '', 1),
	('notification.type.post', 0, 42, 'notification.method.email', 1),
	('notification.type.topic', 0, 42, '', 1),
	('notification.type.topic', 0, 42, 'notification.method.email', 1),
	('notification.type.post', 0, 43, '', 1),
	('notification.type.post', 0, 43, 'notification.method.email', 1),
	('notification.type.topic', 0, 43, '', 1),
	('notification.type.topic', 0, 43, 'notification.method.email', 1),
	('notification.type.post', 0, 44, '', 1),
	('notification.type.post', 0, 44, 'notification.method.email', 1),
	('notification.type.topic', 0, 44, '', 1),
	('notification.type.topic', 0, 44, 'notification.method.email', 1),
	('notification.type.post', 0, 45, '', 1),
	('notification.type.post', 0, 45, 'notification.method.email', 1),
	('notification.type.topic', 0, 45, '', 1),
	('notification.type.topic', 0, 45, 'notification.method.email', 1),
	('notification.type.post', 0, 46, '', 1),
	('notification.type.post', 0, 46, 'notification.method.email', 1),
	('notification.type.topic', 0, 46, '', 1),
	('notification.type.topic', 0, 46, 'notification.method.email', 1),
	('notification.type.post', 0, 47, '', 1),
	('notification.type.post', 0, 47, 'notification.method.email', 1),
	('notification.type.topic', 0, 47, '', 1),
	('notification.type.topic', 0, 47, 'notification.method.email', 1),
	('notification.type.post', 0, 48, '', 1),
	('notification.type.post', 0, 48, 'notification.method.email', 1),
	('notification.type.topic', 0, 48, '', 1),
	('notification.type.topic', 0, 48, 'notification.method.email', 1);
/*!40000 ALTER TABLE `phpbb_user_notifications` ENABLE KEYS */;


-- Dumping structure for table int_ita_db.phpbb_warnings
DROP TABLE IF EXISTS `phpbb_warnings`;
CREATE TABLE IF NOT EXISTS `phpbb_warnings` (
  `warning_id` mediumint(8) unsigned NOT NULL AUTO_INCREMENT,
  `user_id` mediumint(8) unsigned NOT NULL DEFAULT '0',
  `post_id` mediumint(8) unsigned NOT NULL DEFAULT '0',
  `log_id` mediumint(8) unsigned NOT NULL DEFAULT '0',
  `warning_time` int(11) unsigned NOT NULL DEFAULT '0',
  PRIMARY KEY (`warning_id`)
) ENGINE=InnoDB DEFAULT CHARSET=utf8 COLLATE=utf8_bin;

-- Dumping data for table int_ita_db.phpbb_warnings: ~0 rows (approximately)
/*!40000 ALTER TABLE `phpbb_warnings` DISABLE KEYS */;
/*!40000 ALTER TABLE `phpbb_warnings` ENABLE KEYS */;


-- Dumping structure for table int_ita_db.phpbb_words
DROP TABLE IF EXISTS `phpbb_words`;
CREATE TABLE IF NOT EXISTS `phpbb_words` (
  `word_id` mediumint(8) unsigned NOT NULL AUTO_INCREMENT,
  `word` varchar(255) COLLATE utf8_bin NOT NULL DEFAULT '',
  `replacement` varchar(255) COLLATE utf8_bin NOT NULL DEFAULT '',
  PRIMARY KEY (`word_id`)
) ENGINE=InnoDB DEFAULT CHARSET=utf8 COLLATE=utf8_bin;

-- Dumping data for table int_ita_db.phpbb_words: ~0 rows (approximately)
/*!40000 ALTER TABLE `phpbb_words` DISABLE KEYS */;
/*!40000 ALTER TABLE `phpbb_words` ENABLE KEYS */;


-- Dumping structure for table int_ita_db.phpbb_zebra
DROP TABLE IF EXISTS `phpbb_zebra`;
CREATE TABLE IF NOT EXISTS `phpbb_zebra` (
  `user_id` mediumint(8) unsigned NOT NULL DEFAULT '0',
  `zebra_id` mediumint(8) unsigned NOT NULL DEFAULT '0',
  `friend` tinyint(1) unsigned NOT NULL DEFAULT '0',
  `foe` tinyint(1) unsigned NOT NULL DEFAULT '0',
  PRIMARY KEY (`user_id`,`zebra_id`)
) ENGINE=InnoDB DEFAULT CHARSET=utf8 COLLATE=utf8_bin;

-- Dumping data for table int_ita_db.phpbb_zebra: ~0 rows (approximately)
/*!40000 ALTER TABLE `phpbb_zebra` DISABLE KEYS */;
/*!40000 ALTER TABLE `phpbb_zebra` ENABLE KEYS */;


-- Dumping structure for table int_ita_db.project
DROP TABLE IF EXISTS `project`;
CREATE TABLE IF NOT EXISTS `project` (
  `id` int(10) NOT NULL AUTO_INCREMENT,
  `id_leader` int(10) NOT NULL,
  `is_completed` tinyint(1) NOT NULL DEFAULT '0',
  `title` varchar(255) NOT NULL,
  `start_date` date NOT NULL,
  `mark` tinyint(4) NOT NULL,
  `comment` varchar(100) NOT NULL,
  PRIMARY KEY (`id`),
  KEY `FK_project_teacher` (`id_leader`),
  CONSTRAINT `FK_project_teacher` FOREIGN KEY (`id_leader`) REFERENCES `teacher` (`teacher_id`)
) ENGINE=InnoDB AUTO_INCREMENT=8 DEFAULT CHARSET=utf8 COMMENT='is_completed (values : 0 - in develop, 1 - completed)';

-- Dumping data for table int_ita_db.project: ~6 rows (approximately)
/*!40000 ALTER TABLE `project` DISABLE KEYS */;
INSERT INTO `project` (`id`, `id_leader`, `is_completed`, `title`, `start_date`, `mark`, `comment`) VALUES
	(1, 1, 1, 'Розробка інтернет-магазину', '2015-06-15', 5, 'Відмінно'),
	(2, 2, 0, 'Створення сайту Міноборони України', '2015-06-15', 0, ''),
	(4, 3, 0, 'Розробка СМS для інтернет-магазину', '2015-06-15', 0, ''),
	(5, 4, 1, 'Розробка БД для інтернет-магазину', '2015-06-08', 4, 'Добре'),
	(6, 5, 1, 'Дизайн для інтернет-магазину', '2015-06-12', 5, 'Відмінно'),
	(7, 6, 0, 'Верстка інтернет-магазину', '2015-05-25', 4, 'Добре');
/*!40000 ALTER TABLE `project` ENABLE KEYS */;


-- Dumping structure for table int_ita_db.project_student
DROP TABLE IF EXISTS `project_student`;
CREATE TABLE IF NOT EXISTS `project_student` (
  `project` int(10) NOT NULL,
  `student` int(10) NOT NULL,
  KEY `FK_project_student_project` (`project`),
  KEY `FK_project_student_user` (`student`),
  CONSTRAINT `FK_project_student_project` FOREIGN KEY (`project`) REFERENCES `project` (`id`),
  CONSTRAINT `FK_project_student_user` FOREIGN KEY (`student`) REFERENCES `user` (`id`)
) ENGINE=InnoDB DEFAULT CHARSET=utf8;

-- Dumping data for table int_ita_db.project_student: ~7 rows (approximately)
/*!40000 ALTER TABLE `project_student` DISABLE KEYS */;
INSERT INTO `project_student` (`project`, `student`) VALUES
	(1, 51),
	(2, 52),
	(4, 55),
	(4, 53),
	(5, 53),
	(6, 55),
	(7, 54);
/*!40000 ALTER TABLE `project_student` ENABLE KEYS */;


-- Dumping structure for table int_ita_db.response
DROP TABLE IF EXISTS `response`;
CREATE TABLE IF NOT EXISTS `response` (
  `id` int(11) NOT NULL AUTO_INCREMENT,
  `who` int(11) NOT NULL,
  `about` int(11) NOT NULL,
  `date` datetime NOT NULL,
  `text` text NOT NULL,
  `rate` int(2) DEFAULT NULL,
  `who_ip` varchar(40) NOT NULL,
  `knowledge` int(2) DEFAULT NULL,
  `behavior` int(2) DEFAULT NULL,
  `motivation` int(2) DEFAULT NULL,
  PRIMARY KEY (`id`),
  KEY `FK__user` (`who`),
  KEY `FK__user_2` (`about`),
  CONSTRAINT `FK__user` FOREIGN KEY (`who`) REFERENCES `user` (`id`) ON DELETE CASCADE,
  CONSTRAINT `FK__user_2` FOREIGN KEY (`about`) REFERENCES `user` (`id`) ON DELETE CASCADE
) ENGINE=InnoDB AUTO_INCREMENT=58 DEFAULT CHARSET=utf8 COMMENT='Responses for teachers';

-- Dumping data for table int_ita_db.response: ~57 rows (approximately)
/*!40000 ALTER TABLE `response` DISABLE KEYS */;
INSERT INTO `response` (`id`, `who`, `about`, `date`, `text`, `rate`, `who_ip`, `knowledge`, `behavior`, `motivation`) VALUES
	(1, 22, 38, '2015-06-24 15:07:16', 'iubl,ugl', 6, '::1', 8, 5, 5),
	(2, 22, 38, '2015-06-24 15:07:26', 'luu;;', 4, '::1', 2, 2, 7),
	(3, 22, 38, '2015-06-24 15:07:36', 'liugl', NULL, '::1', 7, 7, 7),
	(4, 22, 38, '2015-06-24 15:22:00', 'loyilyl', NULL, '::1', 7, 9, 7),
	(5, 22, 47, '2015-07-04 09:08:57', 'мрлор  дрлд рлжожлмиижщзжгщхгпщн8щшзагзг9згзг', 5, '81.30.164.98', 8, 6, 2),
	(6, 22, 39, '2015-07-04 09:09:16', 'н8щшздм', 2, '81.30.164.98', 2, 2, 2),
	(7, 22, 39, '2015-07-04 09:09:30', 'пртпьртвяртвопртпвороап\r\nалповаьропоропопврдпапро\r\nывлпоаыпропорпорплрпоп\r\nывлпоавопрропрполрпрп\r\nалптвоапрорпоропорпропроп', 8, '81.30.164.98', 6, 10, 7),
	(8, 22, 39, '2015-07-04 09:09:43', 'анашнрлполролрлдю\r\nплоплолдллддлдлд\r\nапорнноророророс\r\nрорлобобоололол', 8, '81.30.164.98', 6, 10, 7),
	(9, 22, 39, '2015-07-04 09:10:11', 'првлоправ\r\nалповлрп\r\nадпрваолрпл\r\nыалпоаорпр\r\nыоапрловрпл\r\nлоярплярлепрвлпа\r\nвлапоаралорпрлп\r\nяваьрпапдродпр\r\nпояапдлропдлро\r\nвлапрплорпл\r\nыпрваолпрларп\r\nыдвпрлапрларлп\r\nаолрпалрплрп\r\nвклповдор\r\nкопеврореолрелр', 8, '81.30.164.98', 6, 10, 7),
	(10, 22, 39, '2015-07-06 09:36:16', ' nvbnvbnbv', NULL, '94.179.108.235', 4, 4, 4),
	(11, 22, 39, '2015-07-06 09:36:25', 'bbbb', NULL, '94.179.108.235', 1, 1, 1),
	(12, 22, 39, '2015-07-06 09:36:41', 'bbbncnbnbnxbnvbnbvvnbcxbnvbnxnvbnbnvvn', NULL, '94.179.108.235', 2, 2, 2),
	(13, 22, 43, '2015-07-06 10:31:37', '                              ', 1, '94.179.108.235', 1, 1, 1),
	(14, 22, 42, '2015-07-08 16:59:33', 'rydtuyfigkjgkgjkhghgjhjh', 1, '81.30.164.98', 1, 1, 1),
	(15, 22, 42, '2015-07-08 17:00:12', 'itritrhfjgfhgkjjfhgfkjghfkjj\r\ndkfjkghfdjkghkjhkjfhfdkjhfkjgfd\r\nkkjxgkjghjkdghbkjbhfkjbhv\r\nxkhjghfdjfhdkjfdhkjfhgjfdk\r\nxxkvjxfjghjghgjhgkjkghjghgk\r\nckvhfdgjhfgjkfdhgkjfdghkjf\r\ncvhfkjhgdkjkghfjjdfhgkjf\r\ngkkfgjdghgjkhjgkhjgjhghjkhl\r\ndkfgjfjghgjhghjghjghjgjhgjhjg\\\r\nrtyrryytyuyuuuuuuuuuuuuuu\r\ntyryyuyuyuyuytyuuyiuiiiuituiu\r\ntyuytuutiuiuyiuyiuyiuiuiuiii', 10, '81.30.164.98', 10, 10, 10),
	(16, 22, 42, '2015-07-08 17:00:40', 'jhthyutyiuyuty\r\njhtjyhtyhtyjthy\r\njrjthyjthyjtyhtjy\r\njhtjthyjtyhtyjthjt\r\nrhyhhjhhjhjhjjjj\r\nghghffhjhjjhjhj\r\nyyjtkytyjgjhgjhfkgh\r\n', NULL, '81.30.164.98', 1, 1, 1),
	(17, 22, 38, '2015-07-09 14:30:39', 'jggkhj,l', NULL, '178.94.6.7', NULL, NULL, NULL),
	(18, 22, 47, '2015-07-10 10:16:05', 'рьплопло', NULL, '94.179.47.46', NULL, NULL, NULL),
	(19, 22, 42, '2015-07-10 10:21:27', 'чарпорлол', NULL, '94.179.47.46', NULL, NULL, NULL),
	(20, 22, 42, '2015-07-10 10:21:40', 'аоырпоа\r\nвраыпор\r\nыварыаплоа\r\nварпор\r\nвраопра\r\nялмрыоапраэв\r\nварыалопралп', NULL, '94.179.47.46', NULL, NULL, NULL),
	(21, 22, 42, '2015-07-10 10:21:46', 'мтмтбь', NULL, '94.179.47.46', NULL, NULL, NULL),
	(22, 22, 38, '2015-07-10 10:23:00', 'ччиист', NULL, '94.179.47.46', NULL, NULL, NULL),
	(23, 22, 42, '2015-07-10 10:23:57', 'миьб', NULL, '94.179.47.46', NULL, NULL, NULL),
	(24, 45, 109, '2015-07-10 14:06:09', 'qq', 7, '178.95.152.124', 7, 7, 7),
	(25, 45, 109, '2015-07-10 14:06:33', 'wedqw', NULL, '178.95.152.124', NULL, NULL, NULL),
	(26, 45, 109, '2015-07-10 14:06:46', 'aaaa', NULL, '178.95.152.124', NULL, NULL, NULL),
	(27, 22, 109, '2015-07-11 13:33:32', 'bffhtityjjohtjhoyhouhoyt\r\n', 8, '81.30.164.98', 10, 4, 10),
	(28, 22, 109, '2015-07-11 13:33:39', 'tyuytutyutyuyttituu', NULL, '81.30.164.98', NULL, NULL, NULL),
	(29, 22, 109, '2015-07-11 13:33:44', 'tyuytu', NULL, '81.30.164.98', NULL, NULL, NULL),
	(30, 22, 47, '2015-07-11 13:37:51', 'bjhgffh', NULL, '81.30.164.98', NULL, NULL, NULL),
	(31, 45, 109, '2015-07-13 18:26:40', 'vcbnmcvbmnb,nb,n', NULL, '178.93.134.134', NULL, NULL, NULL),
	(32, 106, 40, '2015-07-15 15:17:36', 'имм', 5, '178.94.53.78', 5, 7, 4),
	(33, 106, 110, '2015-07-15 15:30:45', 'в', 1, '178.94.53.78', 1, 1, 1),
	(34, 106, 110, '2015-07-15 15:30:50', 'ы', NULL, '178.94.53.78', NULL, NULL, NULL),
	(35, 22, 38, '2015-07-15 17:04:22', 'r6uyuytiui', NULL, '81.30.164.98', NULL, NULL, NULL),
	(36, 22, 38, '2015-07-15 17:05:27', 'rfjhrghkhgt\r\nrktgjhghjgj\r\ndjfgghghjgj\r\nfkjfjghfjhggjh\r\njhghghghghg\r\nfjghgghgjh\r\nfgjfghfjg\r\nfgfgfggggggg\r\nfkgjfhghggjh\r\nfhfhggkgkg\r\nkcjfjglfjglgflkg\r\nkjgkhjghjgh\r\nfgjgkjghj\r\nflgggh\r\nkfjgkfjgfgj\r\nfgfghhghggkh\r\nfkgjfgjjhkjjhkh\r\nfgjfjgjghjghjlg\r\nfkjgkjkghjghjlg\r\nfkjggkghjgkhjgl\r\nghkjghjglh]\r\ngjglhjgfhjglhg\r\nglhjglhjglhjglh\r\nf;gjgkhjgkhjglhjg\r\ndfkjhgkjhgkhjgl\'\r\nfjglhjghgjhlgjhg\r\nflgkjfgjfhljghlgj\r\n', NULL, '81.30.164.98', NULL, NULL, NULL),
	(37, 106, 41, '2015-07-16 07:16:07', 'bmb,m', 3, '178.94.89.86', 4, 2, 4),
	(38, 45, 117, '2015-07-20 11:09:29', 'птовпрбароюброю', 9, '81.30.164.98', 9, 9, 9),
	(39, 45, 108, '2015-07-20 11:21:48', 'кіеопальпрьч', 9, '81.30.164.98', 10, 8, 8),
	(40, 22, 41, '2015-07-20 14:20:53', '        jhv', 3, '178.92.81.45', 3, 2, 5),
	(41, 22, 39, '2015-07-21 09:03:04', 'reer', NULL, '94.179.58.220', NULL, NULL, NULL),
	(42, 52, 38, '2015-07-21 09:07:33', ' cncbvxbx', 1, '94.179.58.220', 1, 1, 1),
	(43, 52, 38, '2015-07-21 09:07:43', 'khgghdfsh', NULL, '94.179.58.220', NULL, NULL, NULL),
	(44, 52, 38, '2015-07-21 09:07:51', 'mfjgfjdhf', NULL, '94.179.58.220', NULL, NULL, NULL),
	(45, 45, 117, '2015-07-21 15:17:28', 'кккккккккккккккк', NULL, '81.30.164.98', NULL, NULL, NULL),
	(46, 121, 42, '2015-07-22 08:26:18', 'рмапввыаи', 5, '94.179.33.38', 4, 8, 3),
	(47, 121, 42, '2015-07-22 08:26:32', 'п445464863', NULL, '94.179.33.38', NULL, NULL, NULL),
	(48, 121, 108, '2015-07-22 08:44:58', 'иьть', 10, '94.179.33.38', 10, 10, 10),
	(49, 121, 108, '2015-07-22 08:45:08', 'пторь', NULL, '94.179.33.38', NULL, NULL, NULL),
	(50, 45, 108, '2015-07-22 08:53:10', 'qfwgvadsv', NULL, '81.30.164.98', NULL, NULL, NULL),
	(51, 45, 109, '2015-07-22 08:53:33', 'rsthnsfgn', NULL, '81.30.164.98', NULL, NULL, NULL),
	(52, 121, 43, '2015-07-24 09:24:59', 'вмірувяепо', 4, '94.179.32.251', 2, 8, 2),
	(53, 121, 43, '2015-07-24 09:25:18', 'акнгнгонгоікьнікн\r\nнгінгегнг\r\nкнгінкгнкгн\r\nкгннгнгнгнгн\r\nоеенге', NULL, '94.179.32.251', NULL, NULL, NULL),
	(54, 22, 38, '2015-07-27 10:13:36', 'mkmmknmbn', NULL, '94.179.88.43', NULL, NULL, NULL),
	(55, 121, 38, '2015-07-27 13:48:11', 'fyudg', 10, '94.179.88.43', 9, 10, 10),
	(56, 22, 41, '2015-07-28 19:12:07', 'яапяваряпврвпрявпрвпрвпрп', NULL, '178.94.43.154', NULL, NULL, NULL),
	(57, 129, 42, '2015-07-29 10:53:23', 'кккнкн!крр;м\r\nрлоаист.%лор\r\n\r\nдл\r\nоплр', 9, '94.179.103.214', 8, 9, 9);
/*!40000 ALTER TABLE `response` ENABLE KEYS */;


-- Dumping structure for table int_ita_db.results
DROP TABLE IF EXISTS `results`;
CREATE TABLE IF NOT EXISTS `results` (
  `id` int(11) NOT NULL AUTO_INCREMENT,
  `session` varchar(255) NOT NULL,
  `jobid` int(11) NOT NULL,
  `status` text NOT NULL,
  `date` date NOT NULL,
  `result` text NOT NULL,
  `warning` text NOT NULL,
  PRIMARY KEY (`id`,`session`(100)),
  UNIQUE KEY `SECONDY` (`session`,`jobid`)
) ENGINE=InnoDB AUTO_INCREMENT=141 DEFAULT CHARSET=latin1;

-- Dumping data for table int_ita_db.results: ~7 rows (approximately)
/*!40000 ALTER TABLE `results` DISABLE KEYS */;
INSERT INTO `results` (`id`, `session`, `jobid`, `status`, `date`, `result`, `warning`) VALUES
	(134, '1241q223f4f2341', 11212, 'done', '2015-07-17', '64\n??????2343VM: 11892; RSS: 980\n', ''),
	(135, '1241q223f4f2341', 38, 'done', '2015-07-17', '64\n??????2343VM: 11892; RSS: 984\n', ''),
	(136, '1241q223f4f2341', 51, 'done', '2015-07-17', 'Hello World!\nVM: 11888; RSS: 980\n', ''),
	(137, '1241q223f4f2341', 12212, 'done', '2015-07-17', '\nVM: 11888; RSS: 984\n', ''),
	(138, '1241q223f4f2341', 56, 'failed', '2015-07-22', '', ''),
	(139, '1241q223f4f2341', 121, 'failed', '2015-07-23', '', ''),
	(140, '1241q223f4f2341', 122125, 'done', '2015-07-24', '\nVM: 11888; RSS: 980\n', '');
/*!40000 ALTER TABLE `results` ENABLE KEYS */;


-- Dumping structure for table int_ita_db.roles
DROP TABLE IF EXISTS `roles`;
CREATE TABLE IF NOT EXISTS `roles` (
  `id` int(10) NOT NULL AUTO_INCREMENT,
  `title_en` varchar(20) NOT NULL,
  `title_ru` varchar(20) NOT NULL,
  `title_ua` varchar(20) NOT NULL,
  `description` varchar(255) NOT NULL,
  PRIMARY KEY (`id`)
) ENGINE=InnoDB AUTO_INCREMENT=6 DEFAULT CHARSET=utf8 COMMENT='List of teachers roles.';

-- Dumping data for table int_ita_db.roles: ~5 rows (approximately)
/*!40000 ALTER TABLE `roles` DISABLE KEYS */;
INSERT INTO `roles` (`id`, `title_en`, `title_ru`, `title_ua`, `description`) VALUES
	(1, 'Trainer', 'Тренер', 'Тренер', 'Trainer. Help student with simple and common problems.'),
	(2, 'Consultant', 'Консультант', 'Консультант', 'Online consultations'),
	(3, 'Leader', 'Руководитель проекта', 'Керівник проекта', 'Leader for single and team students projects'),
	(4, 'Author', 'Автор модуля', 'Автор модуля', 'Module owner'),
	(5, 'Admin', 'Админ', 'Адмін', 'Create and describe courses and modules.');
/*!40000 ALTER TABLE `roles` ENABLE KEYS */;


-- Dumping structure for table int_ita_db.role_attribute
DROP TABLE IF EXISTS `role_attribute`;
CREATE TABLE IF NOT EXISTS `role_attribute` (
  `id` int(10) NOT NULL AUTO_INCREMENT,
  `name` varchar(30) NOT NULL,
  `role` int(10) NOT NULL,
  `type` varchar(50) NOT NULL,
  `name_ru` varchar(30) NOT NULL,
  `name_ua` varchar(30) NOT NULL,
  PRIMARY KEY (`id`),
  KEY `role` (`role`),
  CONSTRAINT `FK_role_attribute_roles` FOREIGN KEY (`role`) REFERENCES `roles` (`id`)
) ENGINE=InnoDB AUTO_INCREMENT=9 DEFAULT CHARSET=utf8 COMMENT='1 - capacity: number of students\r\n2 - students list: trainer''s students\r\n3 - modules list: leader''s modules\r\n4 - projects list: leader''s projects\r\n5 - modules_consultant';

-- Dumping data for table int_ita_db.role_attribute: ~8 rows (approximately)
/*!40000 ALTER TABLE `role_attribute` DISABLE KEYS */;
INSERT INTO `role_attribute` (`id`, `name`, `role`, `type`, `name_ru`, `name_ua`) VALUES
	(1, 'capacity', 1, 'int', 'Количество студентов', 'Кількість студентів'),
	(2, 'students_list', 1, 'int', 'Список студентов', 'Список студентів'),
	(3, 'modules_list', 2, 'int', 'Список модулей', 'Список модулів'),
	(4, 'projects_list', 3, 'int', 'Проекты', 'Проекти'),
	(5, 'shedule', 2, 'int', 'Расписание', 'Розклад'),
	(6, 'modules_list', 4, 'int', 'Список модулей', 'Список модулів'),
	(7, 'modules_list', 3, 'int', 'Список модулей', 'Список модулів'),
	(8, 'capacity', 3, 'int', 'Количество студентов', 'Кількість студентів');
/*!40000 ALTER TABLE `role_attribute` ENABLE KEYS */;


-- Dumping structure for table int_ita_db.sourcemessages
DROP TABLE IF EXISTS `sourcemessages`;
CREATE TABLE IF NOT EXISTS `sourcemessages` (
  `id` int(10) NOT NULL AUTO_INCREMENT,
  `category` varchar(32) NOT NULL,
  `message` text NOT NULL,
  PRIMARY KEY (`id`)
) ENGINE=InnoDB AUTO_INCREMENT=567 DEFAULT CHARSET=utf8 COMMENT='Table for interface messages (keys).';

-- Dumping data for table int_ita_db.sourcemessages: ~564 rows (approximately)
/*!40000 ALTER TABLE `sourcemessages` DISABLE KEYS */;
INSERT INTO `sourcemessages` (`id`, `category`, `message`) VALUES
	(1, 'mainpage', '0001'),
	(2, 'mainpage', '0002'),
	(3, 'mainpage', '0003'),
	(4, 'mainpage', '0004'),
	(5, 'slider', '0005'),
	(6, 'mainpage', '0006'),
	(7, 'mainpage', '0007'),
	(8, 'slider', '0008'),
	(9, 'regform', '0009'),
	(10, 'regform', '0010'),
	(11, 'regform', '0011'),
	(12, 'regform', '0012'),
	(13, 'regform', '0013'),
	(14, 'regform', '0014'),
	(15, 'regform', '0015'),
	(16, 'header', '0016'),
	(17, 'header', '0017'),
	(18, 'header', '0018'),
	(19, 'header', '0019'),
	(20, 'header', '0020'),
	(21, 'header', '0021'),
	(22, 'header', '0022'),
	(23, 'footer', '0023'),
	(24, 'footer', '0024'),
	(25, 'footer', '0025'),
	(26, 'footer', '0026'),
	(27, 'slider', '0027'),
	(28, 'slider', '0028'),
	(29, 'slider', '0029'),
	(30, 'slider', '0030'),
	(31, 'slider', '0031'),
	(32, 'aboutus', '0032'),
	(33, 'aboutus', '0033'),
	(34, 'aboutus', '0034'),
	(35, 'aboutus', '0035'),
	(36, 'aboutus', '0036'),
	(37, 'aboutus', '0037'),
	(38, 'step', '0038'),
	(39, 'step', '0039'),
	(40, 'step', '0040'),
	(41, 'step', '0041'),
	(42, 'step', '0042'),
	(43, 'step', '0043'),
	(44, 'step', '0044'),
	(45, 'step', '0045'),
	(46, 'step', '0046'),
	(47, 'step', '0047'),
	(48, 'step', '0048'),
	(49, 'breadcrumbs', '0049'),
	(50, 'breadcrumbs', '0050'),
	(51, 'breadcrumbs', '0051'),
	(52, 'breadcrumbs', '0052'),
	(53, 'breadcrumbs', '0053'),
	(54, 'breadcrumbs', '0054'),
	(55, 'breadcrumbs', '0055'),
	(56, 'breadcrumbs', '0056'),
	(57, 'breadcrumbs', '0057'),
	(58, 'teachers', '0058'),
	(59, 'teachers', '0059'),
	(60, 'teachers', '0060'),
	(61, 'teachers', '0061'),
	(62, 'teachers', '0062'),
	(63, 'teachers', '0063'),
	(64, 'teacher', '0064'),
	(65, 'teacher', '0065'),
	(66, 'courses', '0066'),
	(67, 'courses', '0067'),
	(68, 'courses', '0068'),
	(69, 'courses', '0069'),
	(70, 'lecture', '0070'),
	(71, 'lecture', '0071'),
	(72, 'lecture', '0072'),
	(73, 'lecture', '0073'),
	(74, 'lecture', '0074'),
	(75, 'lecture', '0075'),
	(76, 'lecture', '0076'),
	(77, 'lecture', '0077'),
	(78, 'lecture', '0078'),
	(79, 'lecture', '0079'),
	(80, 'lecture', '0080'),
	(81, 'lecture', '0081'),
	(82, 'lecture', '0082'),
	(83, 'lecture', '0083'),
	(84, 'lecture', '0084'),
	(85, 'lecture', '0085'),
	(86, 'lecture', '0086'),
	(87, 'lecture', '0087'),
	(88, 'lecture', '0088'),
	(89, 'lecture', '0089'),
	(90, 'lecture', '0090'),
	(91, 'regform', '0091'),
	(92, 'regform', '0092'),
	(93, 'regform', '0093'),
	(94, 'courses', '0094'),
	(95, 'profile', '0095'),
	(96, 'profile', '0096'),
	(97, 'profile', '0097'),
	(98, 'profile', '0098'),
	(99, 'profile', '0099'),
	(100, 'profile', '0100'),
	(101, 'profile', '0101'),
	(102, 'profile', '0102'),
	(103, 'profile', '0103'),
	(104, 'profile', '0104'),
	(105, 'profile', '0105'),
	(106, 'profile', '0106'),
	(107, 'profile', '0107'),
	(108, 'profile', '0108'),
	(109, 'profile', '0109'),
	(110, 'profile', '0110'),
	(111, 'profile', '0111'),
	(112, 'profile', '0112'),
	(113, 'profile', '0113'),
	(114, 'profile', '0114'),
	(115, 'profile', '0115'),
	(116, 'profile', '0116'),
	(117, 'profile', '0117'),
	(118, 'profile', '0118'),
	(119, 'profile', '0119'),
	(120, 'profile', '0120'),
	(121, 'profile', '0121'),
	(122, 'profile', '0122'),
	(123, 'profile', '0123'),
	(124, 'profile', '0124'),
	(125, 'profile', '0125'),
	(126, 'profile', '0126'),
	(127, 'profile', '0127'),
	(128, 'profile', '0128'),
	(129, 'profile', '0129'),
	(130, 'profile', '0130'),
	(131, 'profile', '0131'),
	(132, 'profile', '0132'),
	(133, 'profile', '0133'),
	(134, 'profile', '0134'),
	(135, 'profile', '0135'),
	(136, 'profile', '0136'),
	(137, 'header', '0137'),
	(138, 'errors', '0138'),
	(139, 'errors', '0139'),
	(140, 'courses', '0140'),
	(141, 'courses', '0141'),
	(142, 'courses', '0142'),
	(143, 'courses', '0143'),
	(144, 'courses', '0144'),
	(145, 'courses', '0145'),
	(146, 'courses', '0146'),
	(147, 'courses', '0147'),
	(148, 'courses', '0148'),
	(149, 'courses', '0149'),
	(150, 'regexp', '0150'),
	(151, 'regexp', '0151'),
	(152, 'regexp', '0152'),
	(153, 'regexp', '0153'),
	(154, 'regexp', '0154'),
	(155, 'regexp', '0155'),
	(156, 'regexp', '0156'),
	(157, 'regexp', '0157'),
	(158, 'regexp', '0158'),
	(159, 'regexp', '0159'),
	(160, 'regexp', '0160'),
	(161, 'regexp', '0161'),
	(162, 'regexp', '0162'),
	(163, 'regexp', '0163'),
	(164, 'regexp', '0164'),
	(165, 'regexp', '0165'),
	(166, 'regexp', '0166'),
	(167, 'regexp', '0167'),
	(168, 'regexp', '0168'),
	(169, 'regexp', '0169'),
	(170, 'regexp', '0170'),
	(171, 'regexp', '0171'),
	(172, 'regexp', '0172'),
	(173, 'regexp', '0173'),
	(174, 'teachers', '0174'),
	(175, 'teachers', '0175'),
	(176, 'teachers', '0176'),
	(177, 'teachers', '0177'),
	(178, 'teachers', '0178'),
	(179, 'teachers', '0179'),
	(180, 'teachers', '0180'),
	(181, 'teacher', '0181'),
	(182, 'teacher', '0182'),
	(183, 'teacher', '0183'),
	(184, 'teacher', '0184'),
	(185, 'teacher', '0185'),
	(186, 'teacher', '0186'),
	(187, 'teacher', '0187'),
	(188, 'teacher', '0188'),
	(189, 'teacher', '0189'),
	(190, 'teacher', '0190'),
	(191, 'teacher', '0191'),
	(192, 'teacher', '0192'),
	(193, 'course', '0193'),
	(194, 'course', '0194'),
	(195, 'profile', '0195'),
	(196, 'course', '0196'),
	(197, 'course', '0197'),
	(198, 'course', '0198'),
	(199, 'course', '0199'),
	(200, 'course', '0200'),
	(201, 'course', '0201'),
	(202, 'course', '0202'),
	(203, 'course', '0203'),
	(204, 'course', '0204'),
	(205, 'course', '0205'),
	(206, 'course', '0206'),
	(207, 'course', '0207'),
	(208, 'course', '0208'),
	(209, 'course', '0209'),
	(210, 'course', '0210'),
	(211, 'module', '0211'),
	(212, 'module', '0212'),
	(213, 'module', '0213'),
	(214, 'module', '0214'),
	(215, 'module', '0215'),
	(216, 'module', '0216'),
	(217, 'module', '0217'),
	(218, 'module', '0218'),
	(219, 'module', '0219'),
	(220, 'module', '0220'),
	(221, 'module', '0221'),
	(222, 'module', '0222'),
	(223, 'module', '0223'),
	(224, 'module', '0224'),
	(225, 'module', '0225'),
	(226, 'module', '0226'),
	(227, 'module', '0227'),
	(228, 'module', '0228'),
	(229, 'courses', '0229'),
	(230, 'courses', '0230'),
	(231, 'courses', '0231'),
	(232, 'courses', '0232'),
	(233, 'courses', '0233'),
	(234, 'courses', '0234'),
	(235, 'courses', '0235'),
	(236, 'courses', '0236'),
	(237, 'exception', '0237'),
	(238, 'exception', '0238'),
	(239, 'recovery', '0239'),
	(240, 'recovery', '0240'),
	(241, 'profile', '0241'),
	(242, 'regexp', '0242'),
	(243, 'regexp', '0243'),
	(244, 'regexp', '0244'),
	(245, 'regexp', '0245'),
	(246, 'regexp', '0246'),
	(247, 'regexp', '0247'),
	(248, 'regexp', '0248'),
	(249, 'regexp', '0249'),
	(250, 'profile', '0250'),
	(251, 'profile', '0251'),
	(252, 'profile', '0252'),
	(253, 'profile', '0253'),
	(254, 'profile', '0254'),
	(255, 'profile', '0255'),
	(256, 'profile', '0256'),
	(257, 'profile', '0257'),
	(258, 'profile', '0258'),
	(259, 'profile', '0259'),
	(260, 'profile', '0260'),
	(261, 'profile', '0261'),
	(262, 'regexp', '0262'),
	(263, 'regexp', '0263'),
	(264, 'regexp', '0264'),
	(265, 'regexp', '0265'),
	(266, 'regexp', '0266'),
	(267, 'regexp', '0267'),
	(268, 'error', '0268'),
	(269, 'error', '0269'),
	(270, 'error', '0270'),
	(271, 'error', '0271'),
	(272, 'error', '0272'),
	(273, 'error', '0273'),
	(274, 'error', '0274'),
	(275, 'error', '0275'),
	(276, 'error', '0276'),
	(277, 'error', '0277'),
	(278, 'error', '0278'),
	(279, 'module', '0279'),
	(280, 'module', '0280'),
	(281, 'recovery', '0281'),
	(282, 'recovery', '0282'),
	(283, 'recovery', '0283'),
	(284, 'recovery', '0284'),
	(285, 'resetpass', '0285'),
	(286, 'resetemail', '0286'),
	(287, 'resetemail', '0287'),
	(288, 'resetemail', '0288'),
	(289, 'forgotpass', '0289'),
	(290, 'forgotpass', '0290'),
	(291, 'forgotpass', '0291'),
	(292, 'changeemail', '0292'),
	(293, 'changeemail', '0293'),
	(294, 'changeemail', '0294'),
	(295, 'regexp', '0295'),
	(296, 'breadcrumbs', '0296'),
	(297, 'graduates', '0297'),
	(298, 'activeemail', '0298'),
	(299, 'activeemail', '0299'),
	(300, 'error', '0300'),
	(301, 'error', '0301'),
	(302, 'error', '0302'),
	(303, 'activeemail', '0303'),
	(304, 'activeemail', '0304'),
	(305, 'activeemail', '0305'),
	(306, 'activeemail', '0306'),
	(307, 'activeemail', '0307'),
	(308, 'activeemail', '0308'),
	(309, 'changeemail', '0309'),
	(310, 'changeemail', '0310'),
	(311, 'activeemail', '0311'),
	(312, 'activeemail', '0312'),
	(313, 'activeemail', '0313'),
	(314, 'resetpass', '0314'),
	(315, 'resetpass', '0315'),
	(316, 'graduates', '0316'),
	(317, 'graduates', '0317'),
	(318, 'graduates', '0318'),
	(319, 'graduates', '0319'),
	(320, 'graduates', '0320'),
	(321, 'lecture', '0321'),
	(322, 'courses', '0322'),
	(323, 'course', '0323'),
	(324, 'course', '0324'),
	(325, 'course', '0325'),
	(326, 'course', '0326'),
	(327, 'course', '0327'),
	(328, 'course', '0328'),
	(329, 'course', '0329'),
	(330, 'course', '0330'),
	(331, 'course', '0331'),
	(332, 'course', '0332'),
	(333, 'course', '0333'),
	(334, 'course', '0334'),
	(335, 'course', '0335'),
	(336, 'course', '0336'),
	(337, 'aboutus', '0337'),
	(338, 'aboutus', '0338'),
	(339, 'aboutus', '0339'),
	(340, 'aboutus', '0340'),
	(341, 'aboutus', '0341'),
	(342, 'aboutus', '0342'),
	(343, 'aboutus', '0343'),
	(344, 'aboutus', '0344'),
	(345, 'aboutus', '0345'),
	(346, 'aboutus', '0346'),
	(347, 'aboutus', '0347'),
	(348, 'aboutus', '0348'),
	(349, 'aboutus', '0349'),
	(350, 'aboutus', '0350'),
	(351, 'aboutus', '0351'),
	(352, 'aboutus', '0352'),
	(353, 'aboutus', '0353'),
	(354, 'aboutus', '0354'),
	(355, 'aboutus', '0355'),
	(356, 'aboutus', '0356'),
	(357, 'aboutus', '0357'),
	(358, 'aboutus', '0358'),
	(359, 'aboutus', '0359'),
	(360, 'aboutus', '0360'),
	(361, 'aboutus', '0361'),
	(362, 'aboutus', '0362'),
	(363, 'aboutus', '0363'),
	(364, 'course', '0364'),
	(365, 'course', '0365'),
	(366, 'course', '0366'),
	(367, 'course', '0367'),
	(368, 'course', '0368'),
	(369, 'module', '0369'),
	(370, 'module', '0370'),
	(371, 'module', '0371'),
	(372, 'module', '0372'),
	(373, 'module', '0373'),
	(374, 'module', '0374'),
	(375, 'module', '0375'),
	(376, 'module', '0376'),
	(377, 'module', '0377'),
	(378, 'module', '0378'),
	(379, 'module', '0379'),
	(380, 'module', '0380'),
	(381, 'module', '0381'),
	(382, 'module', '0382'),
	(383, 'module', '0383'),
	(384, 'module', '0384'),
	(385, 'response', '0385'),
	(386, 'response', '0386'),
	(387, 'coursemanage', '0387'),
	(388, 'coursemanage', '0388'),
	(389, 'coursemanage', '0389'),
	(390, 'coursemanage', '0390'),
	(391, 'coursemanage', '0391'),
	(392, 'coursemanage', '0392'),
	(393, 'coursemanage', '0393'),
	(394, 'coursemanage', '0394'),
	(395, 'coursemanage', '0395'),
	(396, 'coursemanage', '0396'),
	(397, 'coursemanage', '0397'),
	(398, 'coursemanage', '0398'),
	(399, 'coursemanage', '0399'),
	(400, 'course', '0400'),
	(401, 'course', '0401'),
	(402, 'course', '0402'),
	(403, 'course', '0403'),
	(404, 'course', '0404'),
	(405, 'course', '0405'),
	(406, 'course', '0406'),
	(407, 'course', '0407'),
	(408, 'course', '0408'),
	(409, 'course', '0409'),
	(410, 'course', '0410'),
	(411, 'course', '0411'),
	(412, 'module', '0412'),
	(413, 'module', '0413'),
	(414, 'course', '0414'),
	(415, 'course', '0415'),
	(416, 'error', '0416'),
	(417, 'coursemanage', '0417'),
	(418, 'teachers', '0418'),
	(419, 'coursemanage', '0419'),
	(420, 'lecture', '0420'),
	(421, 'module', '0421'),
	(422, 'lecture', '0422'),
	(423, 'graduates', '0423'),
	(424, 'graduates', '0424'),
	(425, 'course', '0425'),
	(426, 'course', '0426'),
	(427, 'error', '0427'),
	(428, 'error', '0428'),
	(429, 'error', '0429'),
	(432, 'aboutus', '0432'),
	(433, 'aboutus', '0433'),
	(434, 'aboutus', '0434'),
	(435, 'aboutus', '0435'),
	(436, 'aboutus', '0436'),
	(437, 'aboutus', '0437'),
	(438, 'aboutus', '0438'),
	(439, 'aboutus', '0439'),
	(440, 'aboutus', '0440'),
	(441, 'aboutus', '0441'),
	(442, 'aboutus', '0442'),
	(443, 'aboutus', '0443'),
	(444, 'aboutus', '0444'),
	(445, 'aboutus', '0445'),
	(446, 'aboutus', '0446'),
	(447, 'aboutus', '0447'),
	(448, 'aboutus', '0448'),
	(449, 'aboutus', '0449'),
	(450, 'aboutus', '0450'),
	(451, 'aboutus', '0451'),
	(452, 'aboutus', '0452'),
	(453, 'aboutus', '0453'),
	(454, 'aboutus', '0454'),
	(455, 'aboutus', '0455'),
	(456, 'aboutus', '0456'),
	(457, 'aboutus', '0457'),
	(458, 'aboutus', '0458'),
	(459, 'aboutus', '0459'),
	(460, 'aboutus', '0460'),
	(461, 'aboutus', '0461'),
	(462, 'aboutus', '0462'),
	(463, 'aboutus', '0463'),
	(464, 'aboutus', '0464'),
	(465, 'aboutus', '0465'),
	(466, 'aboutus', '0466'),
	(467, 'aboutus', '0467'),
	(468, 'aboutus', '0468'),
	(469, 'aboutus', '0469'),
	(470, 'aboutus', '0470'),
	(471, 'aboutus', '0471'),
	(472, 'aboutus', '0472'),
	(473, 'aboutus', '0473'),
	(474, 'aboutus', '0474'),
	(475, 'aboutus', '0475'),
	(476, 'aboutus', '0476'),
	(477, 'aboutus', '0477'),
	(478, 'aboutus', '0478'),
	(479, 'aboutus', '0479'),
	(480, 'aboutus', '0480'),
	(481, 'aboutus', '0481'),
	(482, 'aboutus', '0482'),
	(483, 'aboutus', '0483'),
	(484, 'aboutus', '0484'),
	(485, 'aboutus', '0485'),
	(486, 'aboutus', '0486'),
	(487, 'aboutus', '0487'),
	(488, 'aboutus', '0488'),
	(489, 'aboutus', '0489'),
	(490, 'aboutus', '0490'),
	(491, 'aboutus', '0491'),
	(492, 'consultation', '0492'),
	(493, 'consultation', '0493'),
	(494, 'consultation', '0494'),
	(495, 'consultation', '0495'),
	(496, 'consultation', '0496'),
	(497, 'consultation', '0497'),
	(498, 'consultation', '0498'),
	(499, 'consultation', '0499'),
	(500, 'consultation', '0500'),
	(501, 'consultation', '0501'),
	(502, 'consultation', '0502'),
	(503, 'consultation', '0503'),
	(504, 'consultation', '0504'),
	(505, 'consultation', '0505'),
	(506, 'consultation', '0506'),
	(507, 'consultation', '0507'),
	(508, 'coursemanage', '0508'),
	(509, 'coursemanage', '0509'),
	(510, 'coursemanage', '0510'),
	(511, 'coursemanage', '0511'),
	(512, 'coursemanage', '0512'),
	(513, 'coursemanage', '0513'),
	(514, 'coursemanage', '0514'),
	(515, 'coursemanage', '0515'),
	(516, 'coursemanage', '0516'),
	(517, 'coursemanage', '0517'),
	(518, 'coursemanage', '0518'),
	(519, 'coursemanage', '0519'),
	(520, 'coursemanage', '0520'),
	(521, 'coursemanage', '0521'),
	(522, 'coursemanage', '0522'),
	(523, 'coursemanage', '0523'),
	(524, 'coursemanage', '0524'),
	(525, 'coursemanage', '0525'),
	(526, 'letter', '0526'),
	(527, 'letter', '0527'),
	(528, 'letter', '0528'),
	(529, 'letter', '0529'),
	(530, 'letter', '0530'),
	(531, 'letter', '0531'),
	(532, 'letter', '0532'),
	(533, 'letter', '0533'),
	(534, 'letter', '0534'),
	(535, 'letter', '0535'),
	(536, 'letter', '0536'),
	(537, 'letter', '0537'),
	(538, 'letter', '0538'),
	(539, 'letter', '0539'),
	(540, 'letter', '0540'),
	(541, 'letter', '0541'),
	(542, 'letter', '0542'),
	(543, 'finances', '0543'),
	(544, 'response', '0544'),
	(545, 'profile', '0545'),
	(546, 'profile', '0546'),
	(547, 'profile', '0547'),
	(548, 'profile', '0548'),
	(549, 'slider', '0549'),
	(550, 'slider', '0550'),
	(551, 'slider', '0551'),
	(552, 'slider', '0552'),
	(553, 'slider', '0553'),
	(554, 'slider', '0554'),
	(555, 'slider', '0555'),
	(556, 'aboutus', '0556'),
	(557, 'aboutus', '0557'),
	(558, 'aboutus', '0558'),
	(559, 'slider', '0559'),
	(560, 'slider', '0560'),
	(561, 'regexp', '0561'),
	(562, 'regexp', '0562'),
	(563, 'regexp', '0563'),
	(564, 'teachers', '0564'),
	(565, 'lecture', '0565'),
	(566, 'lecture', '0566');
/*!40000 ALTER TABLE `sourcemessages` ENABLE KEYS */;


-- Dumping structure for table int_ita_db.step
DROP TABLE IF EXISTS `step`;
CREATE TABLE IF NOT EXISTS `step` (
  `stepID` int(11) NOT NULL AUTO_INCREMENT,
  `language` enum('UA','RU','EN') NOT NULL,
  `stepName` varchar(30) NOT NULL DEFAULT '0',
  `stepNumber` int(11) NOT NULL,
  `stepTitle` varchar(50) NOT NULL,
  `stepImagePath` varchar(255) NOT NULL DEFAULT '0',
  `stepImage` varchar(50) NOT NULL,
  `stepText` text NOT NULL,
  PRIMARY KEY (`stepID`)
) ENGINE=InnoDB AUTO_INCREMENT=6 DEFAULT CHARSET=utf8;

-- Dumping data for table int_ita_db.step: ~5 rows (approximately)
/*!40000 ALTER TABLE `step` DISABLE KEYS */;
INSERT INTO `step` (`stepID`, `language`, `stepName`, `stepNumber`, `stepTitle`, `stepImagePath`, `stepImage`, `stepText`) VALUES
	(1, 'UA', 'крок', 1, 'Реєстрація на сайті', '/css/images/', 'step1.jpg', 'Щоб отримати доступ до переліку курсів, модулів і занять та пройти безкоштовні модулі і заняття зареєструйся на сайті. Реєстрація дозволить тобі оцінити якість та зручність нашого продукт, який стане для тебе надійним партнером і порадником в професійній самореалізації.\r\n'),
	(2, 'UA', 'крок', 2, 'Вибір курсу чи модуля', '/css/images/', 'step2.jpg', '<p>Щоб стати спеціалістом певного напрямку та рівня (отримати професійну спеціалізацію) вибери для проходження відповідний курс. Якщо Тебе цікавить виключно поглиблення знань в певному напрямку ІТ, то вибери відповідний модуль для проходження.</p>'),
	(3, 'UA', 'крок', 3, 'Проплата', '/css/images/', 'step3.jpg', 'Щоб розпочати проходження курсу чи модуля вибери схему оплати (вся сума за курс, помісячно, потриместрово тощо) та здійсни оплату зручним Тобі способом (схему оплати курсу чи модуля можна змінювати, також можлива помісячна оплата в кредит).'),
	(4, 'UA', 'крок', 4, 'Освоєння матеріалу', '/css/images/', 'step4.jpg', '<p>Вивчення матеріалу можливе шляхом читання тексту чи/і перегляду відео для кожного заняття.\n    Протягом освоєння матеріалу заняття виконуй Проміжні тестові завдання. По завершенню кожного заняття виконуй Підсумкове тестове завдання. Кожен модуль завершується Індивідуальним проектом чи Екзаменом.\n    Можна отримати індивідуальну консультацію викладача чи обговорити питання на форумі.</p>'),
	(5, 'UA', 'крок', 5, 'Завершення курсу', '/css/images/', 'step5.jpg', 'Підсумком курсу є Командний дипломний проект, який виконується разом з іншими студентами (склад команди формуєш самостійно чи рекомендує керівник, який затверджує тему і технічне завдання проекту). Здача проекту передбачає передзахист та захист в он-лайн режимі із представленням технічної документації.');
/*!40000 ALTER TABLE `step` ENABLE KEYS */;


-- Dumping structure for table int_ita_db.task1
DROP TABLE IF EXISTS `task1`;
CREATE TABLE IF NOT EXISTS `task1` (
  `id` int(10) NOT NULL AUTO_INCREMENT,
  `language` varchar(15) DEFAULT NULL,
  `assignment` int(10) DEFAULT NULL,
  `condition` int(11) NOT NULL,
  `author` int(11) DEFAULT NULL,
  `table` varchar(20) DEFAULT NULL,
  PRIMARY KEY (`id`),
  KEY `author` (`author`),
  CONSTRAINT `FK_task1_teacher` FOREIGN KEY (`author`) REFERENCES `teacher` (`teacher_id`)
) ENGINE=InnoDB AUTO_INCREMENT=103 DEFAULT CHARSET=utf8 COMMENT='Lectures tasks.';

-- Dumping data for table int_ita_db.task1: ~46 rows (approximately)
/*!40000 ALTER TABLE `task1` DISABLE KEYS */;
INSERT INTO `task1` (`id`, `language`, `assignment`, `condition`, `author`, `table`) VALUES
	(50, 'c++', 1, 100, 1, 'assignment_cpp'),
	(51, 'c++', 2, 159, 1, 'assignment_cpp'),
	(52, 'c++', 3, 160, 1, 'assignment_cpp'),
	(53, 'c++', 1, 100, 1, 'assignment_cpp'),
	(54, 'c++', 1, 100, 1, 'assignment_cpp'),
	(55, 'c++', 1, 111, 1, 'assignment_cpp'),
	(56, 'c++', 1, 135, 1, 'assignment_cpp'),
	(58, 'c++', 1, 157, 3, 'assignment_cpp'),
	(59, 'c++', 1, 175, 5, 'assignment_cpp'),
	(60, 'c++', 1, 195, 5, 'assignment_cpp'),
	(61, 'c++', 1, 197, 2, 'assignment_cpp'),
	(62, 'c++', 1, 208, 2, 'assignment_cpp'),
	(63, 'c++', 1, 209, 5, 'assignment_cpp'),
	(64, 'c++', 1, 220, 5, 'assignment_cpp'),
	(65, 'c++', 1, 224, 5, 'assignment_cpp'),
	(66, 'c++', 1, 250, 4, 'assignment_cpp'),
	(67, 'c++', 1, 233, 4, 'assignment_cpp'),
	(68, 'c++', 14, 302, 1, 'assignment_cpp'),
	(72, 'c++', 1, 230, 1, 'assignment_cpp'),
	(73, 'c++', 1, 229, 1, 'assignment_cpp'),
	(74, 'c++', 1, 230, 1, 'assignment_cpp'),
	(75, 'c++', 1, 229, 1, 'assignment_cpp'),
	(76, 'c++', 1, 236, 1, 'assignment_cpp'),
	(77, 'c++', 1, 400, 1, 'assignment_cpp'),
	(78, 'c++', 1, 377, 1, 'assignment_cpp'),
	(79, 'c++', 1, 385, 1, 'assignment_cpp'),
	(80, 'c++', 1, 90, 1, 'assignment_cpp'),
	(81, 'c++', 1, 112, 1, 'assignment_cpp'),
	(82, 'c++', 1, 256, 1, 'assignment_cpp'),
	(83, 'c++', 1, 279, 1, 'assignment_cpp'),
	(85, 'c++', 22, 438, 1, 'assignment_cpp'),
	(88, 'c++', 22, 442, 9, 'assignment_cpp'),
	(89, 'c++', 25, 448, 1, 'assignment_cpp'),
	(90, 'c++', 26, 474, 1, 'assignment_cpp'),
	(91, 'c++', 27, 476, 1, 'assignment_cpp'),
	(92, 'c++', 28, 477, 1, 'assignment_cpp'),
	(93, 'c++', 29, 478, 1, 'assignment_cpp'),
	(94, 'c++', 30, 479, 1, 'assignment_cpp'),
	(95, 'c++', 31, 481, 1, 'assignment_cpp'),
	(96, 'c++', 32, 482, 1, 'assignment_cpp'),
	(97, 'java', 33, 483, 1, 'assignment_cpp'),
	(98, 'c++', 35, 485, 1, 'assignment_cpp'),
	(99, 'c++', 39, 486, 1, 'assignment_cpp'),
	(100, 'c++', 40, 497, 1, 'assignment_cpp'),
	(101, 'c++', 1, 473, 1, 'assignment_cpp'),
	(102, 'с++', 1, 526, 1, 'assignment_cpp');
/*!40000 ALTER TABLE `task1` ENABLE KEYS */;


-- Dumping structure for table int_ita_db.task_marks
DROP TABLE IF EXISTS `task_marks`;
CREATE TABLE IF NOT EXISTS `task_marks` (
  `id` int(10) NOT NULL AUTO_INCREMENT,
  `id_user` int(10) NOT NULL,
  `id_task` int(10) NOT NULL,
  `mark` tinyint(1) NOT NULL,
  `comment` varchar(100) NOT NULL,
  PRIMARY KEY (`id`),
  KEY `FK_task_marks_user` (`id_user`),
  CONSTRAINT `FK_task_marks_user` FOREIGN KEY (`id_user`) REFERENCES `user` (`id`)
) ENGINE=InnoDB AUTO_INCREMENT=2 DEFAULT CHARSET=utf8 COMMENT='mark : 0 - failed, 1 - success ';

-- Dumping data for table int_ita_db.task_marks: ~1 rows (approximately)
/*!40000 ALTER TABLE `task_marks` DISABLE KEYS */;
INSERT INTO `task_marks` (`id`, `id_user`, `id_task`, `mark`, `comment`) VALUES
	(1, 51, 77, 1, '');
/*!40000 ALTER TABLE `task_marks` ENABLE KEYS */;


-- Dumping structure for table int_ita_db.teacher
DROP TABLE IF EXISTS `teacher`;
CREATE TABLE IF NOT EXISTS `teacher` (
  `teacher_id` int(11) NOT NULL AUTO_INCREMENT,
  `first_name` varchar(35) NOT NULL,
  `middle_name` varchar(35) NOT NULL,
  `last_name` varchar(35) NOT NULL,
  `foto_url` varchar(100) NOT NULL DEFAULT 'noname.png',
  `subjects` varchar(100) NOT NULL,
  `profile_text_first` text NOT NULL,
  `profile_text_short` text NOT NULL,
  `profile_text_last` text NOT NULL,
  `readMoreLink` varchar(255) NOT NULL,
  `email` varchar(50) NOT NULL,
  `tel` varchar(100) NOT NULL,
  `skype` varchar(50) NOT NULL,
  `rate_knowledge` int(2) NOT NULL,
  `rate_efficiency` int(2) NOT NULL,
  `rate_relations` int(2) NOT NULL,
  `user_id` int(11) NOT NULL,
  `rating` tinyint(2) DEFAULT NULL,
  PRIMARY KEY (`teacher_id`)
) ENGINE=InnoDB AUTO_INCREMENT=13 DEFAULT CHARSET=utf8;

-- Dumping data for table int_ita_db.teacher: ~11 rows (approximately)
/*!40000 ALTER TABLE `teacher` DISABLE KEYS */;
INSERT INTO `teacher` (`teacher_id`, `first_name`, `middle_name`, `last_name`, `foto_url`, `subjects`, `profile_text_first`, `profile_text_short`, `profile_text_last`, `readMoreLink`, `email`, `tel`, `skype`, `rate_knowledge`, `rate_efficiency`, `rate_relations`, `user_id`, `rating`) VALUES
	(1, 'Олександра', 'Василівна', 'Сіра', 'teacher1.jpg', 'кройка и шитье сроков; програмування самоубийств', '<p><em></em>Народилася і виросла в Сакраменто, у 18 років вона переїхала до Лос-Анджелеса й незабаром стала\n</p>\n<p>                                викладачем. У 2007, 2008 і 2010 рр.. вона виграла кілька номінацій премії AVN Awards\n</p>\n<p>                                (також була названа «Найкращою програмісткою» у 2007 році за версією XRCO).\n</p>\n<p>                                Паралельно з вікладауцью роботою та роботою програміста в Саша Грей грає головну роль в тестванні Інтернету.<br>\n</p>\n<p>                                Марина Енн Генціс народилася у родині механіка. Її батько мав грецьке походження.\n</p>\n<p>                                Батьки дівчинки розлучилися коли їй було 5 років, надалі її виховувала мати, яка вступила\n</p>\n<p>                                в повторний шлюб у 2000 роц. Марина не ладнала з вітчимом, і, коли їй виповнилося 16 років,\n</p>\n<p>                                дівчина повідомила матері, що збирається покинути будинок. Достеменно невідомо, втекла вона з свого\n</p>\n<p>                    будинку або ж її відпустила мати. Сама Олександра пізніше зізнавалася, що в той час робила все те,\n</p>\n<p>                    що не подобалося її батькам і що вони їй забороняли.<br>\n</p>\n<p>                    Главный бухгалтер акционерного предприятия, специализирующегося на:\n</p>\n<ul>\n	<li>оказании полезных услуг горизонтального характера;</li>\n	<li>торговле, внешнеэкономической и внутреннеэкономической;</li>\n	<li>позитивное обучение швейного мастерства;</li>\n</ul>', '<p>Профессиональный преподаватель бухгалтерского и налогового учета Национальноготранспортного университета кафедры финансов, учета и аудита со стажем преподавательской работы более 25 лет. Закончила аспирантуру, автор 36 научных работ в области учета и аудита, в т.ч. уникальной обучающей методики написания бухгалтерских проводок: <span>"Как украсть и не сесть" </span> и <span>"Как украсть и посадить другого" </span>.</p><p>Главный бухгалтер акционерного предприятия, специализирующегося на:<ul><li>оказании полезных услуг горизонтального характера;</li><li>торговле, внешнеэкономической и внутреннеэкономической;</li><li>позитивное обучение швейного мастерства;</li></ul></p>', '<p>Олександра Сіра <del>виконала гол</del>овну роль у фільмі оскароносного режисера</p><p>                        Стівена Содерберга «Дівчина за викликом»[27][28]. Олександра грає дівчину на ім\'я Челсі, яка надає</p><p>                        ескорт послуги заможним людям. Содерберг взяв її на роль після того, як прочитав статтю про неї у</p><p>                        журналі Los Angeles, коментуючи це так: «She\'s kind of a new breed, I think. She doesn\'t really <del>fit </del></p><p><del><strong>                        the typical mold of someone who goes into the adult film <em>business. … I\'d never heard anybody talk </em></strong></del></p><p><del><em><strong>                        about the business the way that she ta</strong></em></del>lked about it». Журналіст Скотт Маколей каже, що можливо</p><p>                        Грей вибрала саме цю роль через свій інтерес до незалежних режисерів, таких як Жан-Люк Годар,</p><p>                        Хармоні Корін, Девід Гордон Грін, Мікеланджело Антоніоні, Аньєс Варда та Вільям Клейн.</p><p><br>Коли Олександра  готувалася до ролі у «Дівчині за викликом»,</p><p>                        Содерберг попросив її подивитися «Жити своїм життям» і «Божевільний П\'єро»[29].</p><p>                        У фільмі «Жити своїм життям» піднімаються проблеми проституції, звідки Грей могла</p><p>                        взяти щось і для своєї ролі, в той час як у «Божевільному П\'єро» показані відносини,</p><p>                        схожі на ті, що відбуваються між Челсі, її хлопцем і клієнтами.</p>', '/profile/index/?idTeacher=6', 'teacher1@gmail.com', '/067/56-569-56, /093/26-45-65', 'teacher1', 6, 6, 6, 38, 6),
	(2, 'Константин', 'Константинович', 'Константинопольский', 'teacher2.jpg', 'программування БДСМ; программування на Php для пострадавших в ЧАЭС; GlobalLoqic, Samsung, Coqniance', '<p>Hello!</p>', '<p>Консультант по вопросам бухгалтерского и налогового учета, отчетности для предприятий разной формы собственности. Преподаватель с многолетним стажем работы. <span>Реально шарит в компьютерах.</span></p><p>Автор технологии повышения квалификации специалистов экономического профиля.</p><p>Опыт преподавательской работы около 20 лет в учебных центрах и ВУЗах Киева. Опыт работы главным бухгалтером, финансовым директором. Большой опыт внедрения программ системы Виндовз 3:11.</p>', '<h2>Hello!</h2>', '/profile/index/?idTeacher=1', 'teacher2@gmail.com', '/067/56-569-56, /093/26-45-65', 'teacher2', 4, 6, 4, 39, 5),
	(3, 'Любовь', 'Анатольевна', 'Ктоятакая-Замухриншская', 'teacher3.jpg', 'Бухгалтер с «О» и до первой отсидки; Программирование своего позитивного прошлого', '', '<p>Практикующий главный бухгалтер. Учредитель ПП <span>«Логика тут безсильна»</span>;</p>\r\n<p>Образование высшее - ДонГУ (1987г.)</p>\r\n<p>Опыт работы 27 лет, в т. ч. преподавания - 9 лет.</p>\r\n<ul><li>специалист по позитивной энергетике;</li><li>эксперт по эффективному ремонту баянов;</li><li>мастер психотерапии для сложных бабушек и дедушек;</li></ul>', '', '/profile/index/?idTeacher=5', 'teacher3@gmail.com', '/067/56-569-56, /093/26-45-65', 'teacher3', 5, 7, 4, 40, 5),
	(4, 'Василий', 'Васильевич', 'Меняетпроффесию', 'teacher4.jpg', 'программування БДСМ; программування на Php для пострадавших в ЧАЭС; GlobalLoqic, Samsung, Coqniance', '', '<p>Консультант по вопросам бухгалтерского и налогового учета, отчетности для предприятий разной формы собственности. Преподаватель с многолетним стажем работы. <span>Реально шарит в компьютерах.</span></p><p>Автор технологии повышения квалификации специалистов экономического профиля.</p><p>Опыт преподавательской работы около 20 лет в учебных центрах и ВУЗах Киева. Опыт работы главным бухгалтером, финансовым директором. Большой опыт внедрения программ системы Виндовз 3:11.</p>', '', '/profile/index/?idTeacher=2', 'teacher4@gmail.com', '/067/56-569-56, /093/26-45-65', 'teacher4', 4, 2, 5, 41, 4),
	(5, 'Ия', 'Тожевна', 'Воваяготова', 'teacher5.jpg', 'программування БДСМ; программування на Php для пострадавших в ЧАЭС; GlobalLoqic, Samsung, Coqniance', '', '<p>Консультант по вопросам бухгалтерского и налогового учета, отчетности для предприятий разной формы собственности. Преподаватель с многолетним стажем работы. <span>Реально шарит в компьютерах.</span></p><p>Автор технологии повышения квалификации специалистов экономического профиля.</p><p>Опыт преподавательской работы около 20 лет в учебных центрах и ВУЗах Киева. Опыт работы главным бухгалтером, финансовым директором. Большой опыт внедрения программ системы Виндовз 3:11.</p>', '', '/profile/index/?idTeacher=3', 'teacher5@gmail.com', '/067/56-569-56, /093/26-45-65', 'teacher5', 5, 6, 5, 42, 5),
	(6, 'Петросян', 'Петросянович', 'Забугорный', 'teacher6.jpg', 'программування БДСМ; программування на Php для пострадавших в ЧАЭС; GlobalLoqic, Samsung, Coqniance', '<p>hello!</p>', '<p>Консультант по вопросам бухгалтерского и налогового учета, отчетности для предприятий разной формы собственности. Преподаватель с многолетним стажем работы. <span>Реально шарит в компьютерах.</span></p><p>Автор технологии повышения квалификации специалистов экономического профиля.</p><p>Опыт преподавательской работы около 20 лет в учебных центрах и ВУЗах Киева. Опыт работы главным бухгалтером, финансовым директором. Большой опыт внедрения программ системы Виндовз 3:11.</p>', '<h3>hello2!</h3>', '/profile/index/?idTeacher=4', 'teacher6@gmail.com', '/067/56-569-56, /093/26-45-65', 'teacher6', 2, 5, 2, 43, 3),
	(8, 'Викладач', 'Викладач', 'Викладач', 'noname.png', '', '', '', '', '', '1111111111111111111111111111111111111111@gmail.com', '', '', 1, 1, 1, 110, 1),
	(9, 'Антон', 'Олексійович', 'Грядченко', 'noname.png', '', '', '', '', '', 'antongriadchenko@gmail.com', '', '', 9, 6, 9, 109, 8),
	(10, 'Ярослав', 'Іванович', 'Плаксій', 'noname.png', '', '', '', '', '', 'yaroslav.plaksii@gmail.com', '', '', 10, 9, 9, 108, 9),
	(11, 'Юрій', 'Ігорович', 'Мітюшкін', 'noname.png', '', '', '', '', '', 'permmemo@gmail.com', '', '', 9, 9, 9, 117, 9),
	(12, 'Михайло', 'Васильович', 'Чухно', 'noname.png', '', '', '', '', '', 'chuhno.mv@gmail.com', '', '', 0, 0, 0, 130, NULL);
/*!40000 ALTER TABLE `teacher` ENABLE KEYS */;


-- Dumping structure for table int_ita_db.teacher_module
DROP TABLE IF EXISTS `teacher_module`;
CREATE TABLE IF NOT EXISTS `teacher_module` (
  `id` int(11) NOT NULL AUTO_INCREMENT,
  `idTeacher` int(11) NOT NULL,
  `idModule` int(11) NOT NULL,
  PRIMARY KEY (`id`),
  KEY `FK_teacher_module_teacher` (`idTeacher`),
  KEY `FK_teacher_module_module` (`idModule`)
) ENGINE=InnoDB AUTO_INCREMENT=54 DEFAULT CHARSET=utf8;

-- Dumping data for table int_ita_db.teacher_module: ~32 rows (approximately)
/*!40000 ALTER TABLE `teacher_module` DISABLE KEYS */;
INSERT INTO `teacher_module` (`id`, `idTeacher`, `idModule`) VALUES
	(1, 1, 1),
	(2, 2, 1),
	(3, 3, 1),
	(5, 4, 1),
	(6, 3, 2),
	(7, 4, 2),
	(8, 1, 3),
	(9, 4, 3),
	(11, 4, 4),
	(14, 3, 9),
	(15, 4, 9),
	(17, 1, 10),
	(18, 4, 10),
	(19, 1, 7),
	(20, 5, 7),
	(34, 2, 11),
	(35, 1, 14),
	(36, 4, 16),
	(37, 3, 17),
	(38, 1, 18),
	(39, 3, 20),
	(40, 4, 22),
	(41, 2, 23),
	(44, 1, 20),
	(45, 2, 2),
	(46, 1, 61),
	(47, 9, 1),
	(48, 2, 14),
	(49, 10, 2),
	(50, 11, 3),
	(51, 11, 10),
	(53, 12, 11);
/*!40000 ALTER TABLE `teacher_module` ENABLE KEYS */;


-- Dumping structure for table int_ita_db.teacher_roles
DROP TABLE IF EXISTS `teacher_roles`;
CREATE TABLE IF NOT EXISTS `teacher_roles` (
  `teacher` int(10) NOT NULL,
  `role` int(10) NOT NULL,
  `start_date` date NOT NULL,
  `end_date` date NOT NULL,
  KEY `FK_teacher_roles_teacher` (`teacher`),
  KEY `FK_teacher_roles_roles` (`role`),
  CONSTRAINT `FK_teacher_roles_roles` FOREIGN KEY (`role`) REFERENCES `roles` (`id`) ON DELETE CASCADE,
  CONSTRAINT `FK_teacher_roles_teacher` FOREIGN KEY (`teacher`) REFERENCES `teacher` (`teacher_id`) ON DELETE CASCADE
) ENGINE=InnoDB DEFAULT CHARSET=utf8;

-- Dumping data for table int_ita_db.teacher_roles: ~26 rows (approximately)
/*!40000 ALTER TABLE `teacher_roles` DISABLE KEYS */;
INSERT INTO `teacher_roles` (`teacher`, `role`, `start_date`, `end_date`) VALUES
	(1, 4, '0000-00-00', '0000-00-00'),
	(1, 1, '0000-00-00', '0000-00-00'),
	(2, 2, '0000-00-00', '0000-00-00'),
	(5, 4, '0000-00-00', '0000-00-00'),
	(6, 2, '0000-00-00', '0000-00-00'),
	(3, 3, '0000-00-00', '0000-00-00'),
	(4, 3, '0000-00-00', '0000-00-00'),
	(3, 4, '0000-00-00', '0000-00-00'),
	(3, 2, '0000-00-00', '0000-00-00'),
	(2, 1, '0000-00-00', '0000-00-00'),
	(3, 1, '0000-00-00', '0000-00-00'),
	(4, 1, '0000-00-00', '0000-00-00'),
	(6, 1, '0000-00-00', '0000-00-00'),
	(1, 3, '0000-00-00', '0000-00-00'),
	(2, 3, '0000-00-00', '0000-00-00'),
	(5, 3, '2015-06-24', '0000-00-00'),
	(6, 3, '0000-00-00', '0000-00-00'),
	(5, 1, '2015-06-24', '0000-00-00'),
	(4, 2, '2015-06-24', '0000-00-00'),
	(5, 2, '2015-06-24', '0000-00-00'),
	(1, 2, '2015-06-24', '0000-00-00'),
	(1, 4, '2015-06-24', '0000-00-00'),
	(2, 4, '2015-06-24', '0000-00-00'),
	(4, 4, '2015-06-24', '0000-00-00'),
	(5, 4, '2015-06-24', '0000-00-00'),
	(6, 4, '2015-06-24', '0000-00-00');
/*!40000 ALTER TABLE `teacher_roles` ENABLE KEYS */;


-- Dumping structure for table int_ita_db.teacher_temp
DROP TABLE IF EXISTS `teacher_temp`;
CREATE TABLE IF NOT EXISTS `teacher_temp` (
  `teacher_id` int(11) NOT NULL AUTO_INCREMENT,
  `lang` varchar(6) NOT NULL,
  `first_name` varchar(35) NOT NULL,
  `middle_name` varchar(35) NOT NULL,
  `last_name` varchar(35) NOT NULL,
  `foto_url` varchar(100) NOT NULL,
  `subjects` varchar(100) NOT NULL,
  `profile_text_big` text NOT NULL,
  `profile_text` text NOT NULL,
  `readMoreLink` varchar(255) NOT NULL,
  `email` varchar(50) NOT NULL,
  `tel` varchar(100) NOT NULL,
  `skype` varchar(50) NOT NULL,
  `title` varchar(50) NOT NULL,
  `linkName` varchar(50) NOT NULL,
  `smallImage` varchar(255) NOT NULL,
  PRIMARY KEY (`teacher_id`)
) ENGINE=InnoDB AUTO_INCREMENT=7 DEFAULT CHARSET=utf8;

-- Dumping data for table int_ita_db.teacher_temp: ~6 rows (approximately)
/*!40000 ALTER TABLE `teacher_temp` DISABLE KEYS */;
INSERT INTO `teacher_temp` (`teacher_id`, `lang`, `first_name`, `middle_name`, `last_name`, `foto_url`, `subjects`, `profile_text_big`, `profile_text`, `readMoreLink`, `email`, `tel`, `skype`, `title`, `linkName`, `smallImage`) VALUES
	(1, 'UA', 'Олександра', 'Василівна', 'Сіра', '/css/images/teacher1.jpg', 'кройка и шитье сроков; програмування самоубийств', 'Народилася і виросла в Сакраменто, у 18 років вона переїхала до Лос-Анджелеса й незабаром стала вкладачем. У 2007, 2008 і 2010 рр.. вона виграла кілька номінацій премії AVN Awards (також була названа «Найкращою програмісткою» у 2007 році за версією XRCO). Паралельно з вікладауцью роботою та роботою програміста в Саша Грей грає головну роль в тестванні Інтернету.\r\n\r\nМарина Енн Генціс народилася у родині механіка. Її батько мав грецьке походження. Батьки дівчинки розлучилися коли їй було 5 років, надалі її виховувала мати, яка вступила в повторний шлюб у 2000 роц. Марина не ладнала з вітчимом, і, коли їй виповнилося 16 років, дівчина повідомила матері, що збирається покинути будинок. Достеменно невідомо, втекла вона з свого будинку або ж її відпустила мати. Сама Олександра пізніше зізнавалася, що в той час робила все те, що не подобалося її батькам і що вони їй забороняли.\r\n\r\nГлавный бухгалтер акционерного предприятия, специализирующегося на:\r\n\r\n    оказании полезных услуг горизонтального характера;\r\n    торговле, внешнеэкономической и внутреннеэкономической;\r\n    позитивное обучение швейного мастерства;\r\n\r\n Олександра Сіра виконала головну роль у фільмі оскароносного режисера Стівена Содерберга «Дівчина за викликом»[27][28]. Олександра грає дівчину на ім\'я Челсі, яка надає ескорт послуги заможним людям. Содерберг взяв її на роль після того, як прочитав статтю про неї у журналі Los Angeles, коментуючи це так: «She\'s kind of a new breed, I think. She doesn\'t really fit the typical mold of someone who goes into the adult film business. … I\'d never heard anybody talk about the business the way that she talked about it». Журналіст Скотт Маколей каже, що можливо Грей вибрала саме цю роль через свій інтерес до незалежних режисерів, таких як Жан-Люк Годар, Хармоні Корін, Девід Гордон Грін, Мікеланджело Антоніоні, Аньєс Варда та Вільям Клейн.\r\n\r\nКоли Олександра готувалася до ролі у «Дівчині за викликом», Содерберг попросив її подивитися «Жити своїм життям» і «Божевільний П\'єро»[29]. У фільмі «Жити своїм життям» піднімаються проблеми проституції, звідки Грей могла взяти щось і для своєї ролі, в той час як у «Божевільному П\'єро» показані відносини, схожі на ті, що відбуваються між Челсі, її хлопцем і клієнтами.\'; ', '<p>Профессиональный преподаватель бухгалтерского и налогового учета Национальноготранспортного университета кафедры финансов, учета и аудита со стажем преподавательской работы более 25 лет. Закончила аспирантуру, автор 36 научных работ в области учета и аудита, в т.ч. уникальной обучающей методики написания бухгалтерских проводок: <span>"Как украсть и не сесть" </span> и <span>"Как украсть и посадить другого" </span>.</p><p>Главный бухгалтер акционерного предприятия, специализирующегося на:<ul><li>оказании полезных услуг горизонтального характера;</li><li>торговле, внешнеэкономической и внутреннеэкономической;</li><li>позитивное обучение швейного мастерства;</li></ul></p>', '/profile', 'ivanov@intita.org, ivanov@gmail.com', '/067/56-569-56, /093/26-45-65', 'ivanov.ivanov', '', '', '/css/images/teacherImage.png'),
	(2, 'UA', 'Константин', 'Константинович', 'Константинопольский', '/css/images/teacher2.jpg', 'программування БДСМ; программування на Php для пострадавших в ЧАЭС; GlobalLoqic, Samsung, Coqniance', '', '<p>Консультант по вопросам бухгалтерского и налогового учета, отчетности для предприятий разной формы собственности. Преподаватель с многолетним стажем работы. <span>Реально шарит в компьютерах.</span></p><p>Автор технологии повышения квалификации специалистов экономического профиля.</p><p>Опыт преподавательской работы около 20 лет в учебных центрах и ВУЗах Киева. Опыт работы главным бухгалтером, финансовым директором. Большой опыт внедрения программ системы Виндовз 3:11.</p>', '/profile', 'ivanov@intita.org, ivanov@gmail.com', '/067/56-569-56, /093/26-45-65', 'ivanov.ivanov', '', '', '/css/images/teacherImage.png'),
	(3, 'UA', 'Любовь', 'Анатольевна', 'Ктоятакая-Замухриншская', '/css/images/teacher3.jpg', 'Бухгалтер с «О» и до первой отсидки; Программирование своего позитивного прошлого', '', '<p>Практикующий главный бухгалтер. Учредитель ПП <span>«Логика тут безсильна»</span>;</p>\r\n<p>Образование высшее - ДонГУ (1987г.)</p>\r\n<p>Опыт работы 27 лет, в т. ч. преподавания - 9 лет.</p>\r\n<ul><li>специалист по позитивной энергетике;</li><li>эксперт по эффективному ремонту баянов;</li><li>мастер психотерапии для сложных бабушек и дедушек;</li></ul>', '/profile', 'ivanov@intita.org, ivanov@gmail.com', '/067/56-569-56, /093/26-45-65', 'ivanov.ivanov', '', '', '/css/images/teacherImage.png'),
	(4, 'UA', 'Василий', 'Васильевич', 'Меняетпроффесию', '/css/images/teacher4.jpg', 'программування БДСМ; программування на Php для пострадавших в ЧАЭС; GlobalLoqic, Samsung, Coqniance', '', '<p>Консультант по вопросам бухгалтерского и налогового учета, отчетности для предприятий разной формы собственности. Преподаватель с многолетним стажем работы. <span>Реально шарит в компьютерах.</span></p><p>Автор технологии повышения квалификации специалистов экономического профиля.</p><p>Опыт преподавательской работы около 20 лет в учебных центрах и ВУЗах Киева. Опыт работы главным бухгалтером, финансовым директором. Большой опыт внедрения программ системы Виндовз 3:11.</p>', '/profile', 'ivanov@intita.org, ivanov@gmail.com', '/067/56-569-56, /093/26-45-65', 'ivanov.ivanov', '', '', '/css/images/teacherImage.png'),
	(5, 'UA', 'Ия', 'Тожевна', 'Воваяготова', '/css/images/teacher5.jpg', 'программування БДСМ; программування на Php для пострадавших в ЧАЭС; GlobalLoqic, Samsung, Coqniance', '', '<p>Консультант по вопросам бухгалтерского и налогового учета, отчетности для предприятий разной формы собственности. Преподаватель с многолетним стажем работы. <span>Реально шарит в компьютерах.</span></p><p>Автор технологии повышения квалификации специалистов экономического профиля.</p><p>Опыт преподавательской работы около 20 лет в учебных центрах и ВУЗах Киева. Опыт работы главным бухгалтером, финансовым директором. Большой опыт внедрения программ системы Виндовз 3:11.</p>', '/profile', 'ivanov@intita.org, ivanov@gmail.com', '/067/56-569-56, /093/26-45-65', 'ivanov.ivanov', '', '', '/css/images/teacherImage.png'),
	(6, 'UA', 'Петросян', 'Петросянович', 'Забугорный', '/css/images/teacher6.jpg', 'программування БДСМ; программування на Php для пострадавших в ЧАЭС; GlobalLoqic, Samsung, Coqniance', '', '<p>Консультант по вопросам бухгалтерского и налогового учета, отчетности для предприятий разной формы собственности. Преподаватель с многолетним стажем работы. <span>Реально шарит в компьютерах.</span></p><p>Автор технологии повышения квалификации специалистов экономического профиля.</p><p>Опыт преподавательской работы около 20 лет в учебных центрах и ВУЗах Киева. Опыт работы главным бухгалтером, финансовым директором. Большой опыт внедрения программ системы Виндовз 3:11.</p>', '/profile', 'ivanov@intita.org, ivanov@gmail.com', '/067/56-569-56, /093/26-45-65', 'ivanov.ivanov', '', '', '/css/images/teacherImage.png');
/*!40000 ALTER TABLE `teacher_temp` ENABLE KEYS */;


-- Dumping structure for table int_ita_db.tests
DROP TABLE IF EXISTS `tests`;
CREATE TABLE IF NOT EXISTS `tests` (
  `id` int(10) NOT NULL AUTO_INCREMENT,
  `block_element` int(10) NOT NULL,
  `author` int(10) NOT NULL,
  `title` varchar(50) DEFAULT NULL,
  PRIMARY KEY (`id`)
) ENGINE=InnoDB AUTO_INCREMENT=126 DEFAULT CHARSET=utf8;

-- Dumping data for table int_ita_db.tests: ~91 rows (approximately)
/*!40000 ALTER TABLE `tests` DISABLE KEYS */;
INSERT INTO `tests` (`id`, `block_element`, `author`, `title`) VALUES
	(35, 310, 2, 'hystjhytw'),
	(36, 311, 2, 'i578ik57'),
	(37, 349, 1, 'тест 1'),
	(38, 350, 1, 'тест'),
	(39, 353, 1, 'jfjhjkgkg'),
	(40, 358, 1, 'ghghghghghg'),
	(41, 386, 1, 'Основы алгоритмизации и языки программирования'),
	(42, 387, 1, ''),
	(43, 388, 1, ''),
	(44, 389, 1, ''),
	(45, 390, 1, ''),
	(46, 391, 1, ''),
	(47, 392, 1, '1'),
	(48, 393, 1, ''),
	(49, 394, 1, ''),
	(50, 397, 1, ''),
	(51, 399, 1, ''),
	(52, 401, 1, ''),
	(53, 402, 1, ''),
	(54, 403, 1, ''),
	(55, 404, 1, ''),
	(56, 405, 1, ''),
	(57, 406, 1, 'dddd'),
	(58, 407, 1, 'bgfg'),
	(59, 408, 1, ''),
	(60, 409, 1, 'rertfert'),
	(61, 415, 1, ''),
	(62, 418, 1, ''),
	(63, 436, 1, 'тест'),
	(64, 454, 118, ''),
	(65, 455, 118, ''),
	(66, 456, 118, ''),
	(67, 457, 118, ''),
	(68, 458, 118, ''),
	(69, 459, 118, ''),
	(70, 460, 118, ''),
	(71, 461, 118, ''),
	(72, 484, 146, ''),
	(73, 493, 148, ''),
	(74, 498, 73, 'yjrkjir7k'),
	(75, 504, 1, 'test'),
	(76, 505, 1, 'efer'),
	(77, 509, 1, '1'),
	(78, 471, 1, 'test'),
	(79, 492, 1, 'bhjb'),
	(80, 515, 1, 'ьтиптипситясбп'),
	(81, 524, 1, 'тест'),
	(82, 525, 1, ''),
	(83, 528, 1, ''),
	(84, 535, 1, '111111111'),
	(85, 536, 1, '123123'),
	(86, 538, 1, '11111111111111111111111111111111111111111111111111'),
	(87, 540, 1, 'ffff'),
	(88, 541, 1, 'QBASIC — это'),
	(89, 542, 1, 'QBASIC — это'),
	(90, 543, 1, 'QBASIC — это'),
	(91, 546, 1, NULL),
	(92, 547, 1, NULL),
	(93, 549, 1, NULL),
	(94, 552, 1, NULL),
	(95, 553, 1, NULL),
	(96, 494, 1, 'test'),
	(97, 494, 1, 'test'),
	(98, 555, 2, NULL),
	(99, 556, 2, NULL),
	(100, 557, 2, NULL),
	(101, 560, 2, NULL),
	(102, 564, 1, NULL),
	(103, 569, 2, NULL),
	(104, 571, 1, NULL),
	(105, 577, 1, NULL),
	(106, 578, 1, NULL),
	(107, 579, 1, NULL),
	(108, 580, 1, NULL),
	(109, 585, 1, NULL),
	(110, 586, 1, NULL),
	(111, 587, 1, NULL),
	(112, 531, 1, '2'),
	(113, 530, 1, 'bkj'),
	(114, 529, 1, 'nkl'),
	(115, 590, 1, NULL),
	(116, 591, 1, NULL),
	(117, 593, 1, NULL),
	(118, 594, 1, NULL),
	(119, 595, 1, NULL),
	(120, 596, 1, NULL),
	(121, 597, 1, NULL),
	(122, 601, 1, NULL),
	(123, 602, 1, NULL),
	(124, 603, 1, NULL),
	(125, 750, 1, NULL);
/*!40000 ALTER TABLE `tests` ENABLE KEYS */;


-- Dumping structure for table int_ita_db.tests_answers
DROP TABLE IF EXISTS `tests_answers`;
CREATE TABLE IF NOT EXISTS `tests_answers` (
  `id` int(10) NOT NULL AUTO_INCREMENT,
  `id_test` int(10) NOT NULL,
  `answer` varchar(255) NOT NULL,
  `is_valid` tinyint(4) NOT NULL,
  PRIMARY KEY (`id`),
  KEY `FK_tests_answers_tests` (`id_test`)
) ENGINE=InnoDB AUTO_INCREMENT=331 DEFAULT CHARSET=utf8;

-- Dumping data for table int_ita_db.tests_answers: ~309 rows (approximately)
/*!40000 ALTER TABLE `tests_answers` DISABLE KEYS */;
INSERT INTO `tests_answers` (`id`, `id_test`, `answer`, `is_valid`) VALUES
	(22, 35, 'gtsrth', 0),
	(23, 35, 'grtstgsr', 1),
	(24, 35, 'gtsrtg', 0),
	(25, 36, '58i4', 1),
	(26, 36, 'i68i4', 1),
	(27, 36, 'u686', 0),
	(28, 37, '3', 0),
	(29, 37, '4', 1),
	(30, 37, '5', 0),
	(31, 37, '6', 0),
	(32, 38, '3', 0),
	(33, 38, '4', 1),
	(34, 38, '5', 0),
	(35, 38, '6', 0),
	(36, 39, '1', 1),
	(37, 39, '2', 0),
	(38, 39, '3', 0),
	(39, 39, '4', 1),
	(40, 40, '1', 1),
	(41, 40, '2', 0),
	(42, 40, '3', 0),
	(43, 40, '4', 0),
	(44, 40, '5', 0),
	(45, 40, '6', 0),
	(46, 40, '7', 0),
	(47, 40, '8', 0),
	(48, 40, '9', 0),
	(49, 40, '10', 0),
	(50, 41, 'указание на выполнение действий', 1),
	(51, 41, 'система правил, описывающая последовательность действий, которые необходимо выполнить для решения задачи', 0),
	(52, 41, 'процесс выполнения вычислений, приводящих к решению задачи.', 0),
	(53, 42, 'информативность', 0),
	(54, 42, 'дискретность', 1),
	(55, 42, 'массовость', 1),
	(56, 42, 'оперативность', 0),
	(57, 42, 'определенность', 0),
	(58, 42, 'цикличность', 0),
	(59, 42, 'результативность.', 1),
	(60, 43, '', 1),
	(61, 44, '', 1),
	(62, 44, '', 0),
	(63, 44, '', 0),
	(64, 44, '', 0),
	(65, 45, '', 0),
	(66, 45, '', 1),
	(67, 45, '', 0),
	(68, 45, '', 0),
	(69, 46, 'система правил, описывающая последовательность действий, которые необходимо выполнить для решения задачи', 0),
	(70, 46, 'указание на выполнение действий из заданного набора', 0),
	(71, 46, 'область внешней памяти для хранения текстовых, числовых данных и другой информации', 0),
	(72, 46, 'последовательность команд, реализующая алгоритм решения задачи.', 1),
	(73, 47, '1', 1),
	(74, 47, '1', 1),
	(75, 47, '1', 1),
	(76, 48, 'Отримати освіту', 1),
	(77, 48, 'Знати і розуміти основи математики.', 1),
	(78, 48, 'Натхнення.', 1),
	(79, 48, 'Працювати та отримувати фаховий досвід.', 1),
	(80, 48, 'Постійно вдосконалюватись.', 1),
	(81, 49, 'Української', 0),
	(82, 49, 'Англійської', 1),
	(83, 49, 'Мови машиних кодів', 0),
	(84, 49, 'Мови програмування', 1),
	(85, 50, 'стійкою', 1),
	(86, 50, 'безкоштовною', 0),
	(87, 50, 'ефективною', 1),
	(88, 50, 'гарною', 0),
	(89, 50, 'веселою', 0),
	(90, 50, 'зручною', 1),
	(91, 51, 'Постановка задачі, створення моделі програми.', 0),
	(92, 51, 'Планування та вибір методу рішення задачі.', 0),
	(93, 51, 'Розробка алгоритму.', 0),
	(94, 51, 'Кодування.', 1),
	(95, 51, 'Тестування.', 0),
	(96, 51, 'Аналіз результатів роботи програми, складання технічної документації.', 0),
	(97, 51, 'Подальше супроводження.', 0),
	(98, 52, 'система правил, описывающая последовательность действий, которые необходимо выполнить для решения задачи', 1),
	(99, 52, 'система правил, описывающая последовательность действий, которые необходимо выполнить для решения задачи', 0),
	(100, 52, 'система правил, описывающая последовательность действий, которые необходимо выполнить для решения задачи', 0),
	(101, 53, 'пооператорное выполнение программы', 1),
	(102, 53, 'пооператорное выполнение программы', 0),
	(103, 53, 'пооператорное выполнение программы', 0),
	(104, 54, 'пооператорное выполнение программы', 1),
	(105, 54, 'поиск файлов на диске', 0),
	(106, 54, 'полное выполнение программы.', 0),
	(107, 55, ' переводит исходный текст в машинный код', 0),
	(108, 55, 'формирует текстовый файл', 0),
	(109, 55, 'записывает машинный код в форме загрузочного файла', 1),
	(110, 56, 'алгоритмический язык, использующий команды MS-DOS', 1),
	(111, 56, 'алгоритмический язык программирования, работающий в режиме интерпретации', 0),
	(112, 56, 'алгоритмический язык, работающий только в среде Windows.', 1),
	(113, 57, 'fdfsds', 1),
	(114, 57, 'gfghgfhfg', 0),
	(115, 58, 'fghfghgf', 0),
	(116, 58, 'fghgfhf', 1),
	(117, 58, 'hgfhfghfgh', 0),
	(118, 59, 'буквы латинского алфавита', 1),
	(119, 59, 'буквы русского алфавита', 0),
	(120, 59, 'буквы греческого алфавита', 0),
	(121, 59, 'цифры', 1),
	(122, 59, 'знаки арифметических операций: +, -, /, "', 1),
	(123, 59, 'знаки операций отношений: >, <, =, >=, <=, <>', 1),
	(124, 59, 'специальные знаки:!,?, #, %,&, $,«,«,,.,,', 1),
	(125, 59, 'специальные знаки:!,?, #, %,&, $,«,«,,.,,', 0),
	(126, 59, 'круглые скобки () и) квадратные скобки.', 1),
	(127, 59, '', 0),
	(128, 60, 'etert', 0),
	(129, 60, 'ertert', 0),
	(130, 60, 'ertert', 0),
	(131, 60, 'etert', 1),
	(132, 60, 'etert', 0),
	(133, 60, 'etertet', 0),
	(134, 60, 'etert', 0),
	(135, 60, 'etert', 0),
	(136, 60, 'etrt', 0),
	(137, 60, 'erterter', 0),
	(138, 60, 'eterterte', 0),
	(139, 61, 'числовые;', 1),
	(140, 61, 'текстовые:', 1),
	(141, 61, 'указатели', 0),
	(142, 61, 'типы данных', 0),
	(143, 61, 'записи', 0),
	(144, 62, '+В, -14, 21.5Е2, 0.05', 1),
	(145, 62, ' 3.4*Е8, 45.Е2, -16', 0),
	(146, 62, ' 18.2, .05Е1, -18', 1),
	(147, 62, '0.05Е5, ±16, -21,5', 0),
	(148, 62, '21-Ю2, -18, 45.2', 0),
	(149, 63, 'відповідь 1', 0),
	(150, 63, 'відповідь 2', 1),
	(151, 63, 'відповідь 3', 0),
	(152, 64, 'зберігання інформації', 0),
	(153, 64, 'розповсюдження інформації', 0),
	(154, 64, 'обчислення інформації', 1),
	(155, 64, 'демонстрація інформації', 0),
	(156, 65, 'додавання', 1),
	(157, 65, 'віднімання', 1),
	(158, 65, 'множення', 0),
	(159, 65, 'ділення', 0),
	(160, 66, 'Висока температура.', 1),
	(161, 66, 'Занадто яскраве світло.', 0),
	(162, 66, 'Швидкий вихід зі строю ламп.', 1),
	(163, 66, 'Радиаційне випромінювання.', 0),
	(164, 67, 'Використання відновлювальних джерел енергії', 0),
	(165, 67, 'Винайдення транзистора.', 1),
	(166, 67, 'Зміна конструкції електроної лампи.', 0),
	(167, 67, 'Винайдення магнітної стрічки.', 0),
	(168, 68, 'Вони менші за транзистори.', 1),
	(169, 68, 'Їх виробництво дешевше.', 1),
	(170, 68, 'Вони не гріються.', 0),
	(171, 68, 'Вони працюють безшумно.', 0),
	(172, 68, 'У них значно більша за транзистори швидкодія.', 1),
	(173, 69, 'Електроні лампи - інтегральні мікросхеми - транзистори - мікропроцесори.', 0),
	(174, 69, 'Транзистори - електроні лампи - мікпропроцесори - інтегральні мікросхеми.', 0),
	(175, 69, 'Електроні лампи - мікропроцесори - транзистори - інтегральні мікросхеми.', 0),
	(176, 69, 'Електроні лампи - транзистори - інтегральні мікросхеми - мікропроцесори.', 1),
	(177, 70, 'Материнська плата.', 1),
	(178, 70, 'Прінтер.', 0),
	(179, 70, 'Процесор', 1),
	(180, 70, 'Монітор', 0),
	(181, 70, 'Оперативна пам’ять', 1),
	(182, 70, 'Жорсткий диск.', 1),
	(183, 70, 'Дисковод.', 0),
	(184, 70, '', 0),
	(185, 71, 'Материнська плата.', 1),
	(186, 71, 'Прінтер.', 0),
	(187, 71, 'Процесор', 1),
	(188, 71, 'Монітор', 0),
	(189, 71, 'Оперативна пам’ять', 1),
	(190, 71, 'Жорсткий диск.', 1),
	(191, 71, 'Дисковод.', 0),
	(192, 72, '', 0),
	(193, 73, '1', 1),
	(194, 74, 'u467uj467', 0),
	(195, 74, 'jru7ui78', 1),
	(196, 74, 'ur674', 0),
	(197, 75, 'answer 1', 0),
	(198, 75, 'answer 2', 1),
	(199, 75, 'answer 3', 1),
	(200, 76, 'ferfref', 1),
	(201, 76, 'rfrefref', 0),
	(202, 77, '1', 1),
	(203, 77, '1', 1),
	(204, 77, '1', 1),
	(205, 80, 'лаоправпрвапралпав', 1),
	(206, 80, 'оапрлаврпларпла', 0),
	(207, 81, 'тест', 1),
	(208, 81, '', 0),
	(209, 82, 'служебное слово на языке QBASIC', 0),
	(210, 82, 'область памяти, в которой хранится некоторое значение', 1),
	(211, 82, ' значение регистра.', 0),
	(212, 83, ' любая последовательность любых символов', 0),
	(213, 83, 'последовательность латинских букв, цифр, специальных знаков (кроме пробел', 1),
	(214, 83, 'которая всегда должна начинаться с латинской буквы', 0),
	(215, 83, 'последовательность русских, латинских букв, начинающихся с латинской буквы и из специальных знаков, допускающая знак подчеркивания.', 0),
	(216, 84, '1212', 1),
	(217, 84, '1212', 0),
	(218, 84, '21212', 0),
	(219, 84, '121212', 0),
	(220, 85, ')', 1),
	(221, 85, '(', 0),
	(222, 86, 'dfsf', 1),
	(223, 87, '1', 0),
	(224, 87, '2', 0),
	(225, 87, '3', 0),
	(226, 87, '5', 0),
	(227, 87, '4', 1),
	(228, 88, 'алгоритмический язык, использующий команды MS-DOS', 1),
	(229, 88, 'алгоритмический язык программирования, работающий в режиме интерпретации', 0),
	(230, 88, 'алгоритмический язык, работающий только в среде Windows.', 1),
	(231, 89, 'QBASIC — это', 1),
	(232, 89, 'QBASIC — это', 1),
	(233, 90, 'QBASIC — это', 0),
	(234, 90, 'QBASIC — это', 0),
	(235, 90, 'QBASIC — это', 1),
	(236, 91, '1', 1),
	(237, 92, 'выфявыфяы', 0),
	(238, 92, 'выфв', 0),
	(239, 93, 'роа', 1),
	(240, 94, 'прикладное программное обеспечение, используемое для создания текстовых документов и работы с ними', 1),
	(241, 94, 'прикладное программное обеспечение, используемое для создания таблиц и работы с ними', 0),
	(242, 94, 'прикладное программное обеспечение, используемое для автоматизации задач бухгалтерского учета.', 0),
	(243, 95, 'именами столбцов', 0),
	(244, 95, 'областью пересечения строк и столбцов', 0),
	(245, 95, 'номерами строк.', 0),
	(246, 98, '"', 1),
	(247, 98, '№', 0),
	(248, 98, ';', 1),
	(249, 98, '%', 0),
	(250, 99, '???????????????????????', 0),
	(251, 99, '%%%%%%%%%%%%', 1),
	(252, 99, '@@@@@@@@@@@', 0),
	(253, 99, '################', 0),
	(254, 100, '!!!!!!!!!!!!!!!!!!!!!', 0),
	(255, 100, '??????????????', 0),
	(256, 100, '!?!?!?', 1),
	(257, 101, '          ', 0),
	(258, 102, '1', 1),
	(259, 103, 'тьтьтиьт', 0),
	(260, 103, 'тьтиьттьть', 1),
	(261, 103, 'ьитьстьтиьт', 0),
	(262, 103, 'ьитьтьтьт', 0),
	(263, 104, 'ваава', 0),
	(264, 105, '100', 0),
	(265, 105, '200', 0),
	(266, 105, '300', 0),
	(267, 105, '400', 0),
	(268, 105, '500', 1),
	(269, 106, '1000', 0),
	(270, 106, '2000', 0),
	(271, 106, '3000', 0),
	(272, 106, '4000', 0),
	(273, 106, '5000', 1),
	(274, 107, '1000', 0),
	(275, 107, '2000', 0),
	(276, 107, '3000', 0),
	(277, 107, '4000', 0),
	(278, 107, '5000', 1),
	(279, 108, 'Відповідь 1', 1),
	(280, 108, 'відповідь 2', 0),
	(281, 108, 'Відповідь', 0),
	(282, 109, 'fgdfg', 0),
	(283, 109, 'fgdfg', 1),
	(284, 109, 'fgfdgdf', 0),
	(285, 110, 'rdgdh', 0),
	(286, 110, 'ghghg', 0),
	(287, 110, 'cghghf', 0),
	(288, 110, 'xghgfh', 0),
	(289, 110, 'xghxgfh', 0),
	(290, 110, 'ghghfh', 1),
	(291, 110, 'gfhghgfhgf', 0),
	(292, 110, 'ghxfghfgh', 1),
	(293, 111, 'cnjvhn', 0),
	(294, 111, 'cnhh', 1),
	(295, 111, 'xhjghj', 0),
	(296, 111, 'xfjhj', 0),
	(297, 111, 'fgjhjhg', 0),
	(298, 115, 'cbcvbcvbc', 1),
	(299, 115, 'cbcvbcvbc', 0),
	(300, 116, 'dfkvmfd', 1),
	(301, 116, 'dfkvmfd', 0),
	(302, 116, 'dfkvmfd', 0),
	(303, 117, '1000', 0),
	(304, 117, '1000', 0),
	(305, 117, '1000', 0),
	(306, 117, '1000', 0),
	(307, 117, '1000', 1),
	(308, 118, '"6. Название теста - Белая береза Под моим окном Принакрылась снегом, Точно серебром.  На пушистых ветках Снежною каймой Распустились кисти Белой бахромой."', 0),
	(309, 118, '"6. Название теста - Белая береза Под моим окном Принакрылась снегом, Точно серебром.  На пушистых ветках Снежною каймой Распустились кисти Белой бахромой."', 1),
	(310, 118, '"6. Название теста - Белая береза Под моим окном Принакрылась снегом, Точно серебром.  На пушистых ветках Снежною каймой Распустились кисти Белой бахромой."', 0),
	(311, 118, '"6. Название теста - Белая береза Под моим окном Принакрылась снегом, Точно серебром.  На пушистых ветках Снежною каймой Распустились кисти Белой бахромой."', 1),
	(312, 119, '3', 0),
	(313, 119, '3', 0),
	(314, 119, '3', 1),
	(315, 120, 'апрапап', 0),
	(316, 120, 'апрапап', 1),
	(317, 120, 'апрапап', 1),
	(318, 120, 'апрапап', 0),
	(319, 121, '2121', 0),
	(320, 121, '2121', 1),
	(321, 122, '3', 0),
	(322, 122, '6', 0),
	(323, 122, '10', 0),
	(324, 122, '4', 1),
	(325, 122, '4', 1),
	(326, 123, '5', 1),
	(327, 123, '1', 0),
	(328, 123, '7', 1),
	(329, 123, '2', 0),
	(330, 124, 'hmhnmnm', 1);
/*!40000 ALTER TABLE `tests_answers` ENABLE KEYS */;


-- Dumping structure for table int_ita_db.tests_marks
DROP TABLE IF EXISTS `tests_marks`;
CREATE TABLE IF NOT EXISTS `tests_marks` (
  `id` int(10) NOT NULL AUTO_INCREMENT,
  `id_user` int(10) NOT NULL,
  `id_test` int(10) NOT NULL,
  `mark` tinyint(1) NOT NULL,
  PRIMARY KEY (`id`),
  KEY `FK_tests_marks_user` (`id_user`),
  KEY `FK_tests_marks_tests` (`id_test`),
  CONSTRAINT `FK_tests_marks_tests` FOREIGN KEY (`id_test`) REFERENCES `tests` (`id`),
  CONSTRAINT `FK_tests_marks_user` FOREIGN KEY (`id_user`) REFERENCES `user` (`id`)
) ENGINE=InnoDB AUTO_INCREMENT=249 DEFAULT CHARSET=utf8 COMMENT='mark: 0 - failed, 1 - success';

-- Dumping data for table int_ita_db.tests_marks: ~227 rows (approximately)
/*!40000 ALTER TABLE `tests_marks` DISABLE KEYS */;
INSERT INTO `tests_marks` (`id`, `id_user`, `id_test`, `mark`) VALUES
	(14, 51, 35, 1),
	(15, 51, 35, 1),
	(16, 51, 35, 1),
	(17, 51, 35, 1),
	(18, 51, 35, 0),
	(19, 51, 35, 0),
	(20, 51, 35, 1),
	(21, 51, 35, 0),
	(22, 51, 35, 1),
	(23, 51, 36, 0),
	(24, 51, 36, 1),
	(25, 51, 36, 1),
	(26, 51, 36, 1),
	(27, 51, 36, 0),
	(28, 51, 36, 1),
	(29, 51, 36, 1),
	(30, 51, 36, 1),
	(31, 51, 36, 1),
	(32, 51, 36, 1),
	(33, 51, 36, 1),
	(34, 51, 36, 1),
	(35, 51, 36, 0),
	(36, 51, 36, 0),
	(37, 51, 36, 1),
	(38, 51, 35, 1),
	(39, 51, 35, 1),
	(40, 51, 35, 1),
	(41, 51, 35, 0),
	(42, 51, 36, 1),
	(43, 51, 35, 1),
	(44, 51, 35, 0),
	(45, 51, 36, 1),
	(46, 51, 35, 1),
	(47, 51, 35, 1),
	(48, 51, 35, 0),
	(49, 51, 35, 1),
	(50, 51, 36, 1),
	(51, 51, 36, 0),
	(52, 56, 38, 1),
	(53, 56, 38, 0),
	(54, 56, 38, 1),
	(55, 56, 38, 0),
	(56, 121, 41, 1),
	(57, 121, 42, 1),
	(58, 121, 42, 1),
	(59, 121, 42, 0),
	(60, 121, 42, 1),
	(61, 121, 42, 1),
	(62, 121, 42, 0),
	(63, 121, 41, 0),
	(64, 121, 41, 0),
	(65, 121, 45, 1),
	(66, 121, 45, 1),
	(67, 121, 45, 1),
	(68, 121, 52, 0),
	(69, 121, 52, 0),
	(70, 121, 52, 0),
	(71, 121, 52, 0),
	(72, 121, 52, 0),
	(73, 121, 52, 0),
	(74, 121, 53, 1),
	(75, 121, 53, 1),
	(76, 121, 53, 1),
	(77, 121, 53, 1),
	(78, 121, 54, 0),
	(79, 121, 54, 0),
	(80, 121, 54, 1),
	(81, 121, 53, 1),
	(82, 121, 53, 1),
	(83, 121, 56, 0),
	(84, 121, 56, 0),
	(85, 121, 56, 0),
	(86, 121, 59, 0),
	(87, 121, 59, 0),
	(88, 121, 59, 0),
	(89, 121, 59, 0),
	(90, 121, 59, 0),
	(91, 121, 59, 0),
	(92, 121, 61, 1),
	(93, 121, 61, 1),
	(94, 121, 61, 0),
	(95, 121, 61, 0),
	(96, 121, 61, 0),
	(97, 121, 61, 0),
	(98, 121, 61, 1),
	(99, 121, 62, 0),
	(100, 121, 62, 0),
	(101, 121, 62, 0),
	(102, 121, 62, 0),
	(103, 51, 57, 1),
	(104, 51, 57, 0),
	(105, 51, 58, 0),
	(106, 51, 58, 1),
	(107, 51, 58, 0),
	(108, 121, 55, 0),
	(109, 121, 55, 0),
	(110, 121, 55, 1),
	(111, 121, 56, 0),
	(112, 121, 41, 0),
	(113, 51, 41, 1),
	(114, 51, 41, 0),
	(115, 51, 41, 0),
	(116, 51, 45, 1),
	(117, 51, 53, 1),
	(118, 51, 53, 1),
	(119, 51, 53, 1),
	(120, 51, 55, 0),
	(121, 51, 39, 0),
	(122, 51, 63, 0),
	(123, 51, 63, 0),
	(124, 51, 63, 1),
	(125, 51, 63, 0),
	(126, 51, 63, 0),
	(127, 51, 56, 0),
	(128, 51, 56, 0),
	(129, 51, 56, 0),
	(130, 51, 56, 0),
	(131, 51, 56, 0),
	(132, 51, 56, 0),
	(133, 45, 48, 1),
	(134, 45, 49, 0),
	(135, 45, 51, 0),
	(136, 45, 50, 1),
	(137, 45, 48, 1),
	(138, 45, 48, 1),
	(139, 45, 49, 0),
	(140, 45, 48, 1),
	(141, 51, 39, 0),
	(142, 51, 74, 1),
	(143, 51, 48, 1),
	(144, 51, 48, 1),
	(145, 51, 49, 1),
	(146, 51, 50, 1),
	(147, 51, 51, 1),
	(148, 51, 51, 0),
	(149, 51, 64, 1),
	(150, 51, 65, 0),
	(151, 51, 66, 1),
	(152, 51, 67, 1),
	(153, 51, 69, 1),
	(154, 51, 48, 1),
	(155, 51, 49, 0),
	(156, 51, 41, 0),
	(157, 51, 41, 0),
	(158, 51, 42, 0),
	(159, 51, 42, 0),
	(160, 51, 42, 0),
	(161, 51, 41, 0),
	(162, 22, 81, 1),
	(163, 22, 82, 0),
	(164, 22, 82, 0),
	(165, 22, 82, 0),
	(166, 22, 83, 0),
	(167, 22, 83, 0),
	(168, 22, 48, 1),
	(169, 22, 49, 1),
	(170, 22, 51, 1),
	(171, 56, 87, 1),
	(172, 56, 87, 0),
	(173, 56, 87, 0),
	(174, 51, 56, 0),
	(175, 51, 56, 0),
	(176, 51, 56, 0),
	(177, 51, 56, 0),
	(178, 51, 56, 0),
	(179, 51, 88, 0),
	(180, 51, 89, 1),
	(181, 51, 89, 1),
	(182, 51, 89, 1),
	(183, 51, 89, 0),
	(184, 51, 89, 1),
	(185, 51, 90, 1),
	(186, 51, 90, 1),
	(187, 51, 90, 1),
	(188, 22, 91, 1),
	(189, 51, 73, 1),
	(190, 51, 102, 1),
	(191, 51, 102, 1),
	(192, 51, 102, 1),
	(193, 22, 98, 0),
	(194, 22, 99, 1),
	(195, 22, 100, 1),
	(196, 22, 98, 0),
	(197, 22, 101, 0),
	(198, 51, 81, 1),
	(199, 129, 107, 1),
	(200, 129, 108, 1),
	(201, 129, 109, 1),
	(202, 129, 110, 0),
	(203, 129, 111, 0),
	(204, 51, 116, 1),
	(205, 51, 39, 0),
	(210, 51, 74, 0),
	(211, 51, 39, 0),
	(212, 51, 75, 0),
	(217, 51, 76, 0),
	(218, 51, 76, 1),
	(219, 51, 76, 0),
	(220, 51, 118, 0),
	(221, 51, 118, 0),
	(222, 51, 118, 0),
	(223, 51, 56, 1),
	(224, 51, 56, 0),
	(225, 51, 56, 0),
	(226, 51, 56, 1),
	(227, 51, 122, 1),
	(228, 51, 122, 1),
	(229, 51, 122, 1),
	(230, 51, 122, 0),
	(231, 51, 122, 0),
	(232, 51, 123, 1),
	(233, 51, 123, 0),
	(234, 51, 123, 0),
	(235, 51, 123, 0),
	(236, 51, 59, 0),
	(237, 51, 59, 0),
	(238, 51, 59, 0),
	(239, 51, 53, 1),
	(240, 51, 55, 0),
	(241, 51, 53, 1),
	(242, 51, 53, 1),
	(243, 51, 42, 0),
	(244, 51, 42, 1),
	(245, 51, 39, 0),
	(246, 129, 124, 1),
	(247, 45, 51, 1),
	(248, 51, 125, 0);
/*!40000 ALTER TABLE `tests_marks` ENABLE KEYS */;


-- Dumping structure for table int_ita_db.trainer_student
DROP TABLE IF EXISTS `trainer_student`;
CREATE TABLE IF NOT EXISTS `trainer_student` (
  `trainer` int(10) NOT NULL,
  `student` int(10) NOT NULL,
  KEY `FK_trainer_student_teacher` (`trainer`),
  KEY `FK_trainer_student_user` (`student`),
  CONSTRAINT `FK_trainer_student_teacher` FOREIGN KEY (`trainer`) REFERENCES `teacher` (`teacher_id`),
  CONSTRAINT `FK_trainer_student_user` FOREIGN KEY (`student`) REFERENCES `user` (`id`)
) ENGINE=InnoDB DEFAULT CHARSET=utf8;

-- Dumping data for table int_ita_db.trainer_student: ~7 rows (approximately)
/*!40000 ALTER TABLE `trainer_student` DISABLE KEYS */;
INSERT INTO `trainer_student` (`trainer`, `student`) VALUES
	(1, 55),
	(1, 51),
	(2, 52),
	(3, 54),
	(4, 11),
	(5, 54),
	(6, 22);
/*!40000 ALTER TABLE `trainer_student` ENABLE KEYS */;


-- Dumping structure for table int_ita_db.user
DROP TABLE IF EXISTS `user`;
CREATE TABLE IF NOT EXISTS `user` (
  `id` int(11) NOT NULL AUTO_INCREMENT,
  `firstName` varchar(255) NOT NULL,
  `identity` varchar(255) NOT NULL,
  `network` varchar(255) NOT NULL,
  `state` tinyint(1) NOT NULL,
  `full_name` varchar(255) NOT NULL,
  `middleName` varchar(255) DEFAULT NULL,
  `secondName` varchar(255) DEFAULT NULL,
  `nickname` varchar(255) DEFAULT NULL,
  `birthday` varchar(11) DEFAULT NULL,
  `email` varchar(255) NOT NULL,
  `password` varchar(255) DEFAULT NULL,
  `facebook` varchar(255) DEFAULT NULL,
  `googleplus` varchar(255) DEFAULT NULL,
  `linkedin` varchar(255) DEFAULT NULL,
  `vkontakte` varchar(255) DEFAULT NULL,
  `twitter` varchar(255) DEFAULT NULL,
  `phone` varchar(15) DEFAULT NULL,
  `hash` varchar(20) NOT NULL,
  `address` text,
  `education` varchar(255) DEFAULT NULL,
  `educform` varchar(60) DEFAULT 'Онлайн',
  `interests` text,
  `aboutUs` text,
  `aboutMy` varchar(255) DEFAULT NULL,
  `avatar` varchar(255) DEFAULT 'noname.png',
  `role` tinyint(2) NOT NULL DEFAULT '0',
  `token` varchar(150) DEFAULT NULL,
  `activkey_lifetime` datetime DEFAULT NULL,
  `status` tinyint(1) DEFAULT '0',
  `reg_time` int(10) NOT NULL DEFAULT '0',
  PRIMARY KEY (`id`)
) ENGINE=InnoDB AUTO_INCREMENT=131 DEFAULT CHARSET=utf8;

-- Dumping data for table int_ita_db.user: ~48 rows (approximately)
/*!40000 ALTER TABLE `user` DISABLE KEYS */;
INSERT INTO `user` (`id`, `firstName`, `identity`, `network`, `state`, `full_name`, `middleName`, `secondName`, `nickname`, `birthday`, `email`, `password`, `facebook`, `googleplus`, `linkedin`, `vkontakte`, `twitter`, `phone`, `hash`, `address`, `education`, `educform`, `interests`, `aboutUs`, `aboutMy`, `avatar`, `role`, `token`, `activkey_lifetime`, `status`, `reg_time`) VALUES
	(1, 'Anonim', '', '', 0, '', NULL, NULL, NULL, NULL, '', NULL, NULL, NULL, NULL, NULL, NULL, NULL, '', NULL, NULL, 'Онлайн', NULL, NULL, NULL, 'noname.png', 0, NULL, NULL, 0, 0),
	(2, 'Administrator', '', '', 0, '', NULL, 'Forum', '', '', 'forum_admin@gmail.com', '20eabe5d64b0e216796e834f52d61fd0b70332fc', '', '', '', '', '', '', '', '', '', 'Онлайн', '', '', '', 'noname.png', 3, 'ef50a48e3132fb85a11a789529f45ca21e18e322', NULL, 1, 0),
	(11, 'ivannayutrrtr', '', '', 0, '', NULL, '', '', '', 'ivanna@yutr.rtr', '011c945f30ce2cbafc452f39840f025693339c42', NULL, NULL, NULL, NULL, NULL, '', '', '', '', 'Онлайн', '', '', '', 'noname.png', 1, NULL, NULL, 1, 0),
	(22, 'Student', '', '', 0, '', NULL, '', '', '01/02/2003', 'student@gmail.com', '011c945f30ce2cbafc452f39840f025693339c42', '', '', '', '', '', '+38(111)111111_', '', '', '', 'Онлайн', '', '', 'kkkkkkkkkkkkkkkkkkkkkkkkkkkkkkkkkkkkkkkkkkkkkkkkkkkkkkkkkkkkkkkkkkkkkkkkkkkkkkkkkkkkkkkkkkkkkkkkkkkkkkkkkkkkkkkkkkkkkkkkkkkkkkkkkkkkkkkkkkkkkkkkkkkkddddddddddddddddddddddddddddddddddddddddddddddddddddddddddddddddddddddddddddddddddddddddddddddddddddddddddd', '55af62608fbde.jpg', 0, NULL, NULL, 1, 0),
	(38, 'teacher', '', '', 0, '', NULL, '', '', '11/11/2011', 'teacher1@gmail.com', '011c945f30ce2cbafc452f39840f025693339c42', '', '', '', '', '', '+38(000)0000000', '', '', '', 'Онлайн', '', '', '', 'noname.png', 1, '8f1f15efd7312a5795163d48402a727541c8ddc2', '2015-07-29 09:55:49', 1, 0),
	(39, '', '', '', 0, '', NULL, '', '', '', 'teacher2@gmail.com', '011c945f30ce2cbafc452f39840f025693339c42', '', '', '', '', '', '', '', '', '', 'Онлайн', '', '', '', 'noname.png', 1, NULL, NULL, 1, 0),
	(40, '', '', '', 0, '', NULL, NULL, NULL, NULL, 'teacher3@gmail.com', '011c945f30ce2cbafc452f39840f025693339c42', NULL, NULL, NULL, NULL, NULL, NULL, '', NULL, NULL, 'Онлайн', NULL, NULL, NULL, 'noname.png', 1, NULL, NULL, 1, 0),
	(41, '', '', '', 0, '', NULL, NULL, NULL, NULL, 'teacher4@gmail.com', '011c945f30ce2cbafc452f39840f025693339c42', NULL, NULL, NULL, NULL, NULL, NULL, '', NULL, NULL, 'Онлайн', NULL, NULL, NULL, 'noname.png', 1, NULL, NULL, 1, 0),
	(42, '', '', '', 0, '', NULL, NULL, NULL, NULL, 'teacher5@gmail.com', '011c945f30ce2cbafc452f39840f025693339c42', NULL, NULL, NULL, NULL, NULL, NULL, '', NULL, NULL, 'Онлайн', NULL, NULL, NULL, 'noname.png', 1, NULL, NULL, 1, 0),
	(43, '', '', '', 0, '', NULL, NULL, NULL, NULL, 'teacher6@gmail.com', '011c945f30ce2cbafc452f39840f025693339c42', NULL, NULL, NULL, NULL, NULL, NULL, '', NULL, NULL, 'Онлайн', NULL, NULL, NULL, 'noname.png', 1, NULL, NULL, 1, 0),
	(44, 'Vinnytsia', '', '', 0, '', NULL, 'ITAcademy', NULL, NULL, 'ita.in.ua.hr@gmail.com', '011c945f30ce2cbafc452f39840f025693339c42', NULL, NULL, NULL, NULL, NULL, NULL, '', NULL, NULL, 'Онлайн', NULL, NULL, NULL, 'noname.png', 0, NULL, NULL, 1, 0),
	(45, 'Roman', '', '', 0, '', NULL, 'Melnyk', 'Romcom', '', 'romcom77@gmail.com', '08de4459afb53dd6e8ab179fb42cdb93b0516185', '', '', '', '', '', '', '', '', '', 'Онлайн/Офлайн', '', '', '', '55acd1ce9411d.jpg', 0, NULL, NULL, 1, 0),
	(46, 'IT', '', '', 0, '', NULL, 'Academy', NULL, NULL, 'ita.in.ua@gmail.com', '011c945f30ce2cbafc452f39840f025693339c42', NULL, NULL, NULL, NULL, NULL, NULL, '', NULL, NULL, 'Онлайн', NULL, NULL, NULL, 'noname.png', 0, NULL, NULL, 1, 0),
	(47, 'Анонім', '', '', 0, '', NULL, '', '', '', 'tifjseihfuiw@tttt.com', '011c945f30ce2cbafc452f39840f025693339c42', NULL, NULL, NULL, NULL, NULL, '', '', '', '', 'Онлайн', '', '', '', 'noname.png', 1, NULL, NULL, 1, 0),
	(48, '', '', '', 0, '', NULL, NULL, NULL, NULL, 'teac@gmail.com', '011c945f30ce2cbafc452f39840f025693339c42', NULL, NULL, NULL, NULL, NULL, NULL, '', NULL, NULL, 'Онлайн', NULL, NULL, NULL, 'noname.png', 1, NULL, NULL, 1, 0),
	(49, 'Admin', '', '', 0, '', NULL, 'LastName', 'Nick', '', 'vnnchkh@gmail.com', '20eabe5d64b0e216796e834f52d61fd0b70332fc', '', '', '', '', '', '', '', '', '', 'Онлайн', '', '', '', 'noname.png', 3, NULL, NULL, 1, 0),
	(50, 'Serhiy', '', '', 0, '', NULL, 'Kalinovsky', NULL, '19.11.1978', 'serhiy.kalinovsky@gmail.com', NULL, 'https://www.facebook.com/serhiy.kalinovsky', NULL, NULL, NULL, NULL, NULL, '', NULL, NULL, 'Онлайн', NULL, NULL, NULL, 'noname.png', 1, NULL, NULL, 1, 0),
	(51, 'StudentF', '', '', 0, '', NULL, NULL, NULL, NULL, 'student1@gmail.com', '011c945f30ce2cbafc452f39840f025693339c42', NULL, NULL, NULL, NULL, NULL, NULL, '', NULL, NULL, 'Онлайн', NULL, NULL, NULL, 'noname.png', 0, NULL, NULL, 1, 0),
	(52, 'Student ', '', '', 0, '', NULL, '', '', '', 'student2@gmail.com', '011c945f30ce2cbafc452f39840f025693339c42', '', '', '', '', '', '', '', '', '', 'Онлайн', '', '', '', '55af4627def0a.jpg', 0, NULL, NULL, 1, 0),
	(53, 'StudenT', '', '', 0, '', NULL, NULL, NULL, NULL, 'student3@gmail.com', '011c945f30ce2cbafc452f39840f025693339c42', NULL, NULL, NULL, NULL, NULL, NULL, '', NULL, NULL, 'Онлайн', NULL, NULL, NULL, 'noname.png', 0, NULL, NULL, 1, 0),
	(54, 'StudentFour', '', '', 0, '', NULL, NULL, NULL, NULL, 'student4@gmail.com', '011c945f30ce2cbafc452f39840f025693339c42', NULL, NULL, NULL, NULL, NULL, NULL, '', NULL, NULL, 'Онлайн', NULL, NULL, NULL, 'noname.png', 0, NULL, NULL, 1, 0),
	(55, 'StudentFive', '', '', 0, '', NULL, NULL, NULL, NULL, 'student5@gmail.com', '011c945f30ce2cbafc452f39840f025693339c42', NULL, NULL, NULL, NULL, NULL, NULL, '', NULL, NULL, 'Онлайн', NULL, NULL, NULL, 'noname.png', 0, NULL, NULL, 1, 0),
	(56, 'Вова', '', '', 0, '', 'Джа', 'Марля', 'Wizlight', '21/03/1997', 'Wizlightdragon@gmail.com', '011c945f30ce2cbafc452f39840f025693339c42', '', '', '', '', '', '+38(911)_______', '', 'Ямайка', 'ВДПУ', 'Онлайн', 'Ковбаска, колобки, раста', '', 'Володію албанською. Люблю м\'ясо та до м\'яса. Розвожу королів. ', '55a912c34baad.jpg', 0, NULL, NULL, 1, 0),
	(103, 'David', '', '', 0, '', NULL, 'Cameron', '', '', 'info@bonprix.ua', '3d4f2bf07dc1be38b20cd6e46949a1071f9d0e3d', '', '', '', '', '', '', '', '', '', 'Онлайн', '', '', '', 'noname.png', 0, 'bfbb9ee6d481be5934356ddde3f42861ae3dc2e0', NULL, 1, 0),
	(104, '', '', '', 0, '', NULL, NULL, NULL, NULL, 'fbgf@gmail.com', '011c945f30ce2cbafc452f39840f025693339c42', NULL, NULL, NULL, NULL, NULL, NULL, '', NULL, NULL, 'Онлайн', NULL, NULL, NULL, 'noname.png', 0, 'c5f1a9722575671a9da8efe5cc32e26f76092818', NULL, 0, 0),
	(106, '\'', '', '', 0, '', NULL, '\'', '111', '11/11/2011', 'nnn.badyora2015@gmail.com', '6216f8a75fd5bb3d5f22b6f9958cdede3fc086c2', '', '', '', '', '', '+38(111)1111111', '', '', '', 'Онлайн', '', '', '', 'noname.png', 0, NULL, NULL, 1, 0),
	(108, 'Sector', '', '', 0, '', NULL, 'Freedom', NULL, NULL, 'yaroslav.plaksii@gmail.com', NULL, 'http://www.facebook.com/100007943565992', NULL, NULL, NULL, NULL, NULL, '', NULL, NULL, 'Онлайн', NULL, NULL, NULL, '559f786580f41.jpg', 1, NULL, NULL, 1, 0),
	(109, '', '', '', 0, '', NULL, '', '', '', 'antongriadchenko@gmail.com', '5a7e4b28af86dc7f576692b97266fb445149ddee', '', '', '', '', '', '', '', '', '', 'Онлайн', '', '', '', 'noname.png', 1, NULL, NULL, 1, 0),
	(110, '', '', '', 0, '', NULL, NULL, NULL, NULL, 'nover2579@yandex.ru', '011c945f30ce2cbafc452f39840f025693339c42', NULL, NULL, NULL, NULL, NULL, NULL, '', NULL, NULL, 'Онлайн', NULL, NULL, NULL, 'noname.png', 1, NULL, NULL, 1, 0),
	(111, '', '', '', 0, '', NULL, NULL, NULL, NULL, 'nover2579@yandex.ru', '011c945f30ce2cbafc452f39840f025693339c42', NULL, NULL, NULL, NULL, NULL, NULL, '', NULL, NULL, 'Онлайн', NULL, NULL, NULL, 'noname.png', 0, NULL, NULL, 1, 0),
	(113, 'Олександр', '', '', 0, '', NULL, 'Бохан', NULL, NULL, 'bohanoleksandr@gmail.com', NULL, NULL, 'https://plus.google.com/108436464601398494495', NULL, NULL, NULL, NULL, '', NULL, NULL, 'Онлайн', NULL, NULL, NULL, '55a4f757309bd.jpg', 0, NULL, NULL, 1, 0),
	(114, '', '', '', 0, '', NULL, NULL, NULL, NULL, 'sdhfk@gmail.com', '011c945f30ce2cbafc452f39840f025693339c42', NULL, NULL, NULL, NULL, NULL, NULL, '', NULL, NULL, 'Онлайн', NULL, NULL, NULL, 'noname.png', 0, 'cfdd43635cc3655c739fe28d97ef59111c81f6b7', NULL, 0, 0),
	(115, '', '', '', 0, '', NULL, NULL, NULL, NULL, 'nnn.basyora2015@gmail.com', '011c945f30ce2cbafc452f39840f025693339c42', NULL, NULL, NULL, NULL, NULL, NULL, '', NULL, NULL, 'Онлайн', NULL, NULL, NULL, 'noname.png', 0, '3c79de9b46fbbd2d1a58bd6f3b378c7fe019d9ed', NULL, 0, 0),
	(116, '', '', '', 0, '', NULL, NULL, NULL, NULL, 'gfhjdkghfkghdkg@gmail.com', '011c945f30ce2cbafc452f39840f025693339c42', NULL, NULL, NULL, NULL, NULL, NULL, '', NULL, NULL, 'Онлайн', NULL, NULL, NULL, 'noname.png', 0, '00a07e16dabfafe4507b1751fc68407f3d6fbdbc', NULL, 0, 0),
	(117, '', '', '', 0, '', NULL, NULL, NULL, NULL, 'permmemo@gmail.com', '33852ff90d1a0fcd5ec3806275ad5d19b20bc69a', NULL, NULL, NULL, NULL, NULL, NULL, '', NULL, NULL, 'Онлайн', NULL, NULL, NULL, 'noname.png', 1, NULL, NULL, 1, 0),
	(118, 'gjgkgkj', '', '', 0, '', NULL, 'hjghjggjgh', 'hjhjhjhj', '14/02/2012', 'gfhjd@gmail.com', '6216f8a75fd5bb3d5f22b6f9958cdede3fc086c2', '', '', '', '', '', '+38(380)0387125', '', '', '', 'Онлайн/Офлайн', '', '', '', 'noname.png', 0, '8d5ab4dc6bfea2d3bdb64ffe0d82f55d069ea4a7', NULL, 0, 0),
	(119, '', '', '', 0, '', NULL, NULL, NULL, NULL, 'fjghdfgkhdfgk@ghfkgh.com', '011c945f30ce2cbafc452f39840f025693339c42', NULL, NULL, NULL, NULL, NULL, NULL, '', NULL, NULL, 'Онлайн', NULL, NULL, NULL, 'noname.png', 0, '1cf6f858abe11ac03e10bc5257a22d49b2223424', NULL, 0, 0),
	(120, '', '', '', 0, '', NULL, NULL, NULL, NULL, 'inderella9566cb@rumbler.ru', '011c945f30ce2cbafc452f39840f025693339c42', NULL, NULL, NULL, NULL, NULL, NULL, '', NULL, NULL, 'Онлайн', NULL, NULL, NULL, 'noname.png', 0, 'dcabda068f44b293f5f4111d0c7d010c11af5177', NULL, 0, 0),
	(121, '', '', '', 0, '', NULL, '', '', '', '22student55@mail.ua', '011c945f30ce2cbafc452f39840f025693339c42', '', '', '', '', '', '', '', '', '', 'Онлайн', '', '', '', '55af57a34461d.jpg', 0, NULL, NULL, 1, 0),
	(122, '', '', '', 0, '', NULL, NULL, NULL, NULL, '55sweet55@ukr.net', '011c945f30ce2cbafc452f39840f025693339c42', NULL, NULL, NULL, NULL, NULL, NULL, '', NULL, NULL, 'Онлайн', NULL, NULL, NULL, 'noname.png', 0, 'a9ab4b7c9d80eaf187d9c3e61833cdd576be1016', NULL, 0, 0),
	(123, '', '', '', 0, '', NULL, NULL, NULL, NULL, 'datingstest2015@i.ua', '011c945f30ce2cbafc452f39840f025693339c42', NULL, NULL, NULL, NULL, NULL, NULL, '', NULL, NULL, 'Онлайн', NULL, NULL, NULL, 'noname.png', 0, NULL, NULL, 1, 0),
	(124, '', '', '', 0, '', NULL, NULL, NULL, NULL, 'datingstest2015@meta.ua', '011c945f30ce2cbafc452f39840f025693339c42', NULL, NULL, NULL, NULL, NULL, NULL, '', NULL, NULL, 'Онлайн', NULL, NULL, NULL, 'noname.png', 0, NULL, NULL, 1, 0),
	(125, '', '', '', 0, '', NULL, NULL, NULL, NULL, 'potap@gmail.com', '011c945f30ce2cbafc452f39840f025693339c42', NULL, NULL, NULL, NULL, NULL, NULL, '', NULL, NULL, 'Онлайн', NULL, NULL, NULL, 'noname.png', 0, '511f63a611a3c4af4a74705294750b458a30f716', NULL, 1, 1438013849),
	(126, '', '', '', 0, '', NULL, NULL, NULL, NULL, 'fdghf@gmail.44', '011c945f30ce2cbafc452f39840f025693339c42', NULL, NULL, NULL, NULL, NULL, NULL, '', NULL, NULL, 'Онлайн', NULL, NULL, NULL, 'noname.png', 0, '73871ad16527d5492735ec0fb28d61f49b6ee3fb', NULL, 0, 1438062774),
	(127, '', '', '', 0, '', NULL, NULL, NULL, NULL, 'ohnDoe@example.com', '011c945f30ce2cbafc452f39840f025693339c42', NULL, NULL, NULL, NULL, NULL, NULL, '', NULL, NULL, 'Онлайн', NULL, NULL, NULL, 'noname.png', 0, '152c6eb30316267b4955e076951ef7a55ba4c960', NULL, 0, 1438079401),
	(128, '', '', '', 0, '', NULL, NULL, NULL, NULL, 'o.h.nDoe@example.com', '011c945f30ce2cbafc452f39840f025693339c42', NULL, NULL, NULL, NULL, NULL, NULL, '', NULL, NULL, 'Онлайн', NULL, NULL, NULL, 'noname.png', 0, 'dbee357fd9bcaf25080407179a113ce1fff64ef7', NULL, 0, 1438079467),
	(129, 'Наталья', '', '', 0, '', NULL, 'Бадёра', NULL, '20.04.1989', 'natasha-badora@yandex.ru', '011c945f30ce2cbafc452f39840f025693339c42', 'https://www.facebook.com/app_scoped_user_id/805219722881225/', NULL, NULL, NULL, NULL, NULL, '', NULL, NULL, 'Онлайн', NULL, NULL, NULL, '55b8a44c268ca.jpg', 0, NULL, NULL, 1, 1438165651),
	(130, 'Михайло', '', '', 0, '', NULL, 'Чухно', '', '', 'chuhno.mv@gmail.com', '47439b407286cd6f94618fbfb113f283ab3b4490', '', '', '', '', '', '', '', '', '', 'Онлайн', '', '', '', '55ba02d1920fe.jpg', 1, NULL, NULL, 1, 1438250920);
/*!40000 ALTER TABLE `user` ENABLE KEYS */;


-- Dumping structure for table int_ita_db.users
DROP TABLE IF EXISTS `users`;
CREATE TABLE IF NOT EXISTS `users` (
  `id` int(10) unsigned NOT NULL AUTO_INCREMENT,
  `name` varchar(255) COLLATE utf8_unicode_ci NOT NULL,
  `email` varchar(255) COLLATE utf8_unicode_ci NOT NULL,
  `password` varchar(60) COLLATE utf8_unicode_ci NOT NULL,
  `remember_token` varchar(100) COLLATE utf8_unicode_ci DEFAULT NULL,
  `created_at` timestamp NOT NULL DEFAULT '0000-00-00 00:00:00',
  `updated_at` timestamp NOT NULL DEFAULT '0000-00-00 00:00:00',
  PRIMARY KEY (`id`),
  UNIQUE KEY `users_email_unique` (`email`)
) ENGINE=InnoDB DEFAULT CHARSET=utf8 COLLATE=utf8_unicode_ci;

-- Dumping data for table int_ita_db.users: ~0 rows (approximately)
/*!40000 ALTER TABLE `users` DISABLE KEYS */;
/*!40000 ALTER TABLE `users` ENABLE KEYS */;
/*!40014 SET FOREIGN_KEY_CHECKS=1 */;
/*!40101 SET CHARACTER_SET_CLIENT=@OLD_CHARACTER_SET_CLIENT */;
